vch_desc,vch_type,canonical_id,canonical_family,label_source,label_confidence,validation_status
  orange + pomegranate juice + chicken shawrma meal ,Expense,2001.0,Food & Groceries,deterministic_rule,high,deterministic_rule
 2 sugarcane juices,Expense,2001.0,Food & Groceries,deterministic_rule,high,deterministic_rule
" Chai (30)
Samosa (30)",Expense,2001.0,Food & Groceries,deterministic_rule,high,deterministic_rule
 lunch with babar,Expense,2001.0,Food & Groceries,deterministic_rule,high,deterministic_rule
.milk,Expense,2001.0,Food & Groceries,deterministic_rule,high,deterministic_rule
"1 Kg Milk (75), 2 Kg Sugar(135), Tapal Tea Jar(525), Tapal Green Tea Jar(130), Cardamom(50), Bravo Biscuits Pack(112), Empty Plastic Jar For Sugar(50), Plastic Bottle For Milk.",Expense,2001.0,Food & Groceries,deterministic_rule,high,deterministic_rule
1 fruit cake,Expense,2001.0,Food & Groceries,deterministic_rule,high,deterministic_rule
"1 spring roll, 2 shezan jiuce bottles, chicken sandwich, milo milk",Expense,2001.0,Food & Groceries,deterministic_rule,high,deterministic_rule
"1- chicken handi 440
3- roti @20
1- coke @20",Expense,2001.0,Food & Groceries,deterministic_rule,high,deterministic_rule
1.5 kg chicken,Expense,2001.0,Food & Groceries,deterministic_rule,high,deterministic_rule
10 roti,Expense,2001.0,Food & Groceries,deterministic_rule,high,deterministic_rule
"1000rs HYD DARBAR
600rs MCDONALDS
200 BREAKFAST
remaining espense

ALL IN HYD",Expense,2001.0,Food & Groceries,deterministic_rule,high,deterministic_rule
"1080 dinner & 120 gool gappay
",Expense,2001.0,Food & Groceries,deterministic_rule,high,deterministic_rule
10k for Annie and 30k for grocery,Transfer,2001.0,Food & Groceries,deterministic_rule,high,deterministic_rule
"12Roti, 2kg Milk",Transfer,2001.0,Food & Groceries,deterministic_rule,high,deterministic_rule
16250 oil change from mehmoodabad chainbtyt oil from home stock,Expense,2001.0,Food & Groceries,deterministic_rule,high,deterministic_rule
18 khameri rotian,Transfer,2001.0,Food & Groceries,deterministic_rule,high,deterministic_rule
1July-10July Lunch,Expense,2001.0,Food & Groceries,deterministic_rule,high,deterministic_rule
2 Breads,Expense,2001.0,Food & Groceries,deterministic_rule,high,deterministic_rule
2 Nestlè Juices & 30 Kurkure from Gourmet,Expense,2001.0,Food & Groceries,deterministic_rule,high,deterministic_rule
2 chairs for kids,Expense,2001.0,Food & Groceries,deterministic_rule,high,deterministic_rule
2 dozen eggs.,Expense,2001.0,Food & Groceries,deterministic_rule,high,deterministic_rule
2 french breads,Expense,2001.0,Food & Groceries,deterministic_rule,high,deterministic_rule
2 kg milk ,Expense,2001.0,Food & Groceries,deterministic_rule,high,deterministic_rule
2 packet bread ,Transfer,2001.0,Food & Groceries,deterministic_rule,high,deterministic_rule
2 packets milk from pakeeza,Expense,2001.0,Food & Groceries,deterministic_rule,high,deterministic_rule
2 pkt vegetables in different dates,Expense,2001.0,Food & Groceries,deterministic_rule,high,deterministic_rule
2 roti,Expense,2001.0,Food & Groceries,deterministic_rule,high,deterministic_rule
2 rotis for dinner,Expense,2001.0,Food & Groceries,deterministic_rule,high,deterministic_rule
2 sada roti,Expense,2001.0,Food & Groceries,deterministic_rule,high,deterministic_rule
2 tray eggs. ,Expense,2001.0,Food & Groceries,deterministic_rule,high,deterministic_rule
"2 x cig, rotis, spray and misc",Expense,2001.0,Food & Groceries,deterministic_rule,high,deterministic_rule
2 × packets of Novela chocalate + 2 × Marbel cake from Blue Ribbon.,Expense,2001.0,Food & Groceries,deterministic_rule,high,deterministic_rule
2200 hundred remaining for lunch,Income,2001.0,Food & Groceries,deterministic_rule,high,deterministic_rule
"260 juice with adan kanwal
1150 medcin
1000 checkup paon
240 mango susral
120 ilichi kanwal ",Expense,2001.0,Food & Groceries,deterministic_rule,high,deterministic_rule
2xMilk Shakes + Zeera Biscuits + Candies = 100+20,Expense,2001.0,Food & Groceries,deterministic_rule,high,deterministic_rule
"2xPrema, Eggs ",Expense,2001.0,Food & Groceries,deterministic_rule,high,deterministic_rule
3 Large Pizza from Day Night Pizza,Expense,2001.0,Food & Groceries,deterministic_rule,high,deterministic_rule
3 Lassi and 1 Fruit Bun,Expense,2001.0,Food & Groceries,deterministic_rule,high,deterministic_rule
3 dry fruits,Expense,2001.0,Food & Groceries,deterministic_rule,high,deterministic_rule
"300 per day for 10 days
2 Tuesday lunch for 70 rupee",Expense,2001.0,Food & Groceries,deterministic_rule,high,deterministic_rule
"3xPrema, Eggs, butter",Expense,2001.0,Food & Groceries,deterministic_rule,high,deterministic_rule
4 X juices from airport on Mubashar departure to hajj ,Expense,2001.0,Food & Groceries,deterministic_rule,high,deterministic_rule
4 roti,Expense,2001.0,Food & Groceries,deterministic_rule,high,deterministic_rule
4.1 kg fresh chicken for 165 per kg.,Expense,2001.0,Food & Groceries,deterministic_rule,high,deterministic_rule
"4500 Naseem, 600 fruit for Nas, 1000 nani, 500 nana Sher Khan, 200 Son of Bashiran",Expense,2001.0,Food & Groceries,deterministic_rule,high,deterministic_rule
4x Slice juice,Expense,2001.0,Food & Groceries,deterministic_rule,high,deterministic_rule
5 kg Mangoes for Amna's home ,Expense,2001.0,Food & Groceries,deterministic_rule,high,deterministic_rule
5 kgs mangoes ,Expense,2001.0,Food & Groceries,deterministic_rule,high,deterministic_rule
5 slice bread and 6 eggs,Expense,2001.0,Food & Groceries,deterministic_rule,high,deterministic_rule
50% of 8225 of Milk Expenses,Income,2001.0,Food & Groceries,deterministic_rule,high,deterministic_rule
500 Mama ko dia and baqi nashta dudh and oil and dish wash bar 500,Expense,2001.0,Food & Groceries,deterministic_rule,high,deterministic_rule
500grm mix khara and 500grm osmina biscuits for ammi from ms bakery via zomato ,Expense,2001.0,Food & Groceries,deterministic_rule,high,deterministic_rule
5kg mangoes,Expense,2001.0,Food & Groceries,deterministic_rule,high,deterministic_rule
"6 bottles
sabzi etc",Expense,2001.0,Food & Groceries,deterministic_rule,high,deterministic_rule
6 eggs,Expense,2001.0,Food & Groceries,deterministic_rule,high,deterministic_rule
6 eggs + 4 Jet Sport ice cream ,Expense,2001.0,Food & Groceries,deterministic_rule,high,deterministic_rule
"6 eggs, tiger biscuits",Expense,2001.0,Food & Groceries,deterministic_rule,high,deterministic_rule
6 packs of milk and cerelac,Expense,2001.0,Food & Groceries,deterministic_rule,high,deterministic_rule
6 teas in Evening ,Expense,2001.0,Food & Groceries,deterministic_rule,high,deterministic_rule
7 eleven bread,Expense,2001.0,Food & Groceries,deterministic_rule,high,deterministic_rule
7-eleven milk ,Expense,2001.0,Food & Groceries,deterministic_rule,high,deterministic_rule
70 Naan 50 Chaka 25 milk,Expense,2001.0,Food & Groceries,deterministic_rule,high,deterministic_rule
700 pizza khaya and one bottle,Expense,2001.0,Food & Groceries,deterministic_rule,high,deterministic_rule
8 eggs,Expense,2001.0,Food & Groceries,deterministic_rule,high,deterministic_rule
930 dont remember kfc 180 50 coke 220 dabbi Johnny jugnu 600 200 dabbi biryani icecream 150 50 ice cream mf ,Expense,2001.0,Food & Groceries,deterministic_rule,high,deterministic_rule
Aaloo Bukhara Juice,Expense,2001.0,Food & Groceries,deterministic_rule,high,deterministic_rule
Abbu roti dinner,Expense,2001.0,Food & Groceries,deterministic_rule,high,deterministic_rule
Abu ko deya (mago rice dahi etc),Expense,2001.0,Food & Groceries,deterministic_rule,high,deterministic_rule
Additional milk,Expense,2001.0,Food & Groceries,deterministic_rule,high,deterministic_rule
Adnan Biryani Advance ,Expense,2001.0,Food & Groceries,deterministic_rule,high,deterministic_rule
Affu's Milk,Expense,2001.0,Food & Groceries,deterministic_rule,high,deterministic_rule
Afnan lunch with friend at chop chop walk,Expense,2001.0,Food & Groceries,deterministic_rule,high,deterministic_rule
Agha Juice,Expense,2001.0,Food & Groceries,deterministic_rule,high,deterministic_rule
Akhil's Cake,Expense,2001.0,Food & Groceries,deterministic_rule,high,deterministic_rule
Akram Biryani with Ali,Expense,2001.0,Food & Groceries,deterministic_rule,high,deterministic_rule
Alam for food,Expense,2001.0,Food & Groceries,approved_mapping,very_high,approved_mapping
Ali Bhai Dahi Ballay,Expense,2001.0,Food & Groceries,deterministic_rule,high,deterministic_rule
Ali biryani,Expense,2001.0,Food & Groceries,deterministic_rule,high,deterministic_rule
Ali food,Expense,2001.0,Food & Groceries,deterministic_rule,high,deterministic_rule
Allah Ditta food,Expense,2001.0,Food & Groceries,deterministic_rule,high,deterministic_rule
Allah wala biryani,Expense,2001.0,Food & Groceries,deterministic_rule,high,deterministic_rule
Alo Nan abdullah tayyab haider and kanwal dahi bhala,Expense,2001.0,Food & Groceries,deterministic_rule,high,deterministic_rule
Aloo Paratha and Chai ,Expense,2001.0,Food & Groceries,deterministic_rule,high,deterministic_rule
Alovera juice for aama,Expense,2001.0,Food & Groceries,deterministic_rule,high,deterministic_rule
Ambreen - For meetup at Hi tea.,Transfer,2001.0,Food & Groceries,deterministic_rule,high,deterministic_rule
Ambreen - Nashta With HGS Mommies.,Expense,2001.0,Food & Groceries,deterministic_rule,high,deterministic_rule
Ameera Lunch Arrangements,Expense,2001.0,Food & Groceries,deterministic_rule,high,deterministic_rule
Ami took dry fruits,Expense,2001.0,Food & Groceries,deterministic_rule,high,deterministic_rule
Amin birthday lunch (took out 1 rs in bill to balance hysab kytab account with SCB balance),Expense,2001.0,Food & Groceries,deterministic_rule,high,deterministic_rule
Amir Chai ( Daud ),Expense,2001.0,Food & Groceries,deterministic_rule,high,deterministic_rule
Ammi honey pizza ,Expense,2001.0,Food & Groceries,deterministic_rule,high,deterministic_rule
Ana Chicken,Expense,2001.0,Food & Groceries,deterministic_rule,high,deterministic_rule
Ana dahi coke etc,Expense,2001.0,Food & Groceries,deterministic_rule,high,deterministic_rule
Anabiya milk ,Expense,2001.0,Food & Groceries,deterministic_rule,high,deterministic_rule
Ando paratho chai cake,Expense,2001.0,Food & Groceries,deterministic_rule,high,deterministic_rule
Anhaar milk...,Expense,2001.0,Food & Groceries,deterministic_rule,high,deterministic_rule
Ani Home - Milk,Income,2001.0,Food & Groceries,deterministic_rule,high,deterministic_rule
Anjir dry fruit,Expense,2001.0,Food & Groceries,deterministic_rule,high,deterministic_rule
Anniversary Cake Asheer and Taha,Expense,2001.0,Food & Groceries,deterministic_rule,high,deterministic_rule
"Annyyy, kukki's dinner...",Expense,2001.0,Food & Groceries,deterministic_rule,high,deterministic_rule
Appi dinner Fish,Expense,2001.0,Food & Groceries,deterministic_rule,high,deterministic_rule
Arcadian Dinner at Wanias Birthday,Expense,2001.0,Food & Groceries,deterministic_rule,high,deterministic_rule
Asia Cafe with wife and kids ,Expense,2001.0,Food & Groceries,deterministic_rule,high,deterministic_rule
"Ayat shoes, dinner set, jewellery boxes ",Expense,2001.0,Food & Groceries,deterministic_rule,high,deterministic_rule
Ayesha api Cake,Expense,2001.0,Food & Groceries,deterministic_rule,high,deterministic_rule
Baby cake Pending payment,Expense,2001.0,Food & Groceries,deterministic_rule,high,deterministic_rule
Bail Al Shawarma. Foodpanda,Expense,2001.0,Food & Groceries,deterministic_rule,high,deterministic_rule
Bail ul Shawarma. Foodpanda,Expense,2001.0,Food & Groceries,deterministic_rule,high,deterministic_rule
Bait ul Khas. Foodpanda,Expense,2001.0,Food & Groceries,deterministic_rule,high,deterministic_rule
Bakery Items,Expense,2001.0,Food & Groceries,deterministic_rule,high,deterministic_rule
Bakery lahore ,Expense,2001.0,Food & Groceries,deterministic_rule,high,deterministic_rule
"Balloon 30
Juice 30",Expense,2001.0,Food & Groceries,deterministic_rule,high,deterministic_rule
Banana + Mango + Cherry,Expense,2001.0,Food & Groceries,deterministic_rule,high,deterministic_rule
Banana Mango,Expense,2001.0,Food & Groceries,deterministic_rule,high,deterministic_rule
Bhatbhateni Bakery Stuff,Expense,2001.0,Food & Groceries,deterministic_rule,high,deterministic_rule
Birthday Dinner,Expense,2001.0,Food & Groceries,deterministic_rule,high,deterministic_rule
Biryani Double ,Expense,2001.0,Food & Groceries,deterministic_rule,high,deterministic_rule
Biryani Food Center Hussainabad ,Expense,2001.0,Food & Groceries,deterministic_rule,high,deterministic_rule
Biryani and Rayta,Expense,2001.0,Food & Groceries,deterministic_rule,high,deterministic_rule
Biryani from Retaj,Expense,2001.0,Food & Groceries,deterministic_rule,high,deterministic_rule
Biryani macdonald ,Expense,2001.0,Food & Groceries,deterministic_rule,high,deterministic_rule
Biryani raita and cold drink at work,Expense,2001.0,Food & Groceries,deterministic_rule,high,deterministic_rule
Biryani tea and biscuits,Expense,2001.0,Food & Groceries,deterministic_rule,high,deterministic_rule
Biryani to talha kothari from ofc,Expense,2001.0,Food & Groceries,deterministic_rule,high,deterministic_rule
Biryani with Zafar net wala ,Expense,2001.0,Food & Groceries,deterministic_rule,high,deterministic_rule
Bis Veggie Lunch,Expense,2001.0,Food & Groceries,deterministic_rule,high,deterministic_rule
"Biscuit, bread etc
",Expense,2001.0,Food & Groceries,deterministic_rule,high,deterministic_rule
Biscuits Office (instead of lunch),Expense,2001.0,Food & Groceries,deterministic_rule,high,deterministic_rule
Biscuits for breakfast. ,Expense,2001.0,Food & Groceries,deterministic_rule,high,deterministic_rule
"Biscuits, Coke and Roti",Expense,2001.0,Food & Groceries,deterministic_rule,high,deterministic_rule
Bombay baker cake,Expense,2001.0,Food & Groceries,deterministic_rule,high,deterministic_rule
Boneless Chicken,Expense,2001.0,Food & Groceries,deterministic_rule,high,deterministic_rule
Boneless Chicken 0.5 Kg,Expense,2001.0,Food & Groceries,deterministic_rule,high,deterministic_rule
"Books
driver
cat food",Expense,2001.0,Food & Groceries,deterministic_rule,high,deterministic_rule
Borrow money for Foodies,Transfer,2001.0,Food & Groceries,deterministic_rule,high,deterministic_rule
Bran Bread (35) + (80) Eggs,Expense,2001.0,Food & Groceries,deterministic_rule,high,deterministic_rule
"Bravo Biscuits (112),Cake Up (115), Marie Biscuits (112),Dahi Bhallay(50),Milk(70)",Expense,2001.0,Food & Groceries,deterministic_rule,high,deterministic_rule
Brazilian Food,Expense,2001.0,Food & Groceries,deterministic_rule,high,deterministic_rule
Bread + Biscuit,Expense,2001.0,Food & Groceries,deterministic_rule,high,deterministic_rule
Bread + Eggs,Expense,2001.0,Food & Groceries,deterministic_rule,high,deterministic_rule
"Bread , Milk , Grapes",Expense,2001.0,Food & Groceries,deterministic_rule,high,deterministic_rule
Bread Biscuits ,Expense,2001.0,Food & Groceries,deterministic_rule,high,deterministic_rule
Bread Milk,Expense,2001.0,Food & Groceries,deterministic_rule,high,deterministic_rule
Bread and eggs,Expense,2001.0,Food & Groceries,deterministic_rule,high,deterministic_rule
Bread and juni cream,Expense,2001.0,Food & Groceries,deterministic_rule,high,deterministic_rule
Bread and macains,Expense,2001.0,Food & Groceries,deterministic_rule,high,deterministic_rule
Bread and milk,Expense,2001.0,Food & Groceries,deterministic_rule,high,deterministic_rule
Bread from Sainsbury,Transfer,2001.0,Food & Groceries,deterministic_rule,high,deterministic_rule
Bread n Beyond Salad,Expense,2001.0,Food & Groceries,deterministic_rule,high,deterministic_rule
Bread n milk,Expense,2001.0,Food & Groceries,deterministic_rule,high,deterministic_rule
Bread n moong daal,Expense,2001.0,Food & Groceries,deterministic_rule,high,deterministic_rule
Bread oil oats,Expense,2001.0,Food & Groceries,deterministic_rule,high,deterministic_rule
Bread rusk,Expense,2001.0,Food & Groceries,deterministic_rule,high,deterministic_rule
"Bread, egg, pastries ",Expense,2001.0,Food & Groceries,deterministic_rule,high,deterministic_rule
"Bread, eggs, coil matt, etc",Expense,2001.0,Food & Groceries,deterministic_rule,high,deterministic_rule
"Bread, eggs, milk",Expense,2001.0,Food & Groceries,deterministic_rule,high,deterministic_rule
"Bread, rotiyan, dahi, ufone card, eggs",Expense,2001.0,Food & Groceries,deterministic_rule,high,deterministic_rule
"Bread, rusk, baqarkhani, sheermal, match, mango juice and lemon max bar. ",Expense,2001.0,Food & Groceries,deterministic_rule,high,deterministic_rule
"Bread,Egg
",Expense,2001.0,Food & Groceries,deterministic_rule,high,deterministic_rule
Bread; youghurt,Expense,2001.0,Food & Groceries,deterministic_rule,high,deterministic_rule
Breads from Ageno,Expense,2001.0,Food & Groceries,deterministic_rule,high,deterministic_rule
Breads n cookies,Expense,2001.0,Food & Groceries,deterministic_rule,high,deterministic_rule
Breads.,Expense,2001.0,Food & Groceries,deterministic_rule,high,deterministic_rule
Breads...,Expense,2001.0,Food & Groceries,deterministic_rule,high,deterministic_rule
Breads....,Expense,2001.0,Food & Groceries,deterministic_rule,high,deterministic_rule
Breakfast  and Energize drink from beanos ,Expense,2001.0,Food & Groceries,deterministic_rule,high,deterministic_rule
Breakfast - Googa Nakibya Model Town. Maryum's last practical ,Expense,2001.0,Food & Groceries,deterministic_rule,high,deterministic_rule
Breakfast - Usama,Expense,2001.0,Food & Groceries,deterministic_rule,high,deterministic_rule
Breakfast and dinner Khushi and dildar,Expense,2001.0,Food & Groceries,deterministic_rule,high,deterministic_rule
Breakfast at Naran,Expense,2001.0,Food & Groceries,deterministic_rule,high,deterministic_rule
Breakfast at office ,Expense,2001.0,Food & Groceries,deterministic_rule,high,deterministic_rule
Breakfast from Arabiata,Expense,2001.0,Food & Groceries,deterministic_rule,high,deterministic_rule
Breakfast halwa puri,Expense,2001.0,Food & Groceries,deterministic_rule,high,deterministic_rule
Breakfast in Officr,Expense,2001.0,Food & Groceries,deterministic_rule,high,deterministic_rule
Breakfast maska bun,Expense,2001.0,Food & Groceries,deterministic_rule,high,deterministic_rule
Breakfast me n Kemona,Expense,2001.0,Food & Groceries,deterministic_rule,high,deterministic_rule
Breakfast monal,Expense,2001.0,Food & Groceries,deterministic_rule,high,deterministic_rule
Breakfast naann channa,Expense,2001.0,Food & Groceries,deterministic_rule,high,deterministic_rule
Breakfast on Hala ,Expense,2001.0,Food & Groceries,deterministic_rule,high,deterministic_rule
"Breakfast, icecream, fries",Expense,2001.0,Food & Groceries,deterministic_rule,high,deterministic_rule
Breakfast_Star,Expense,2001.0,Food & Groceries,deterministic_rule,high,deterministic_rule
Breakfast_khichuri,Expense,2001.0,Food & Groceries,deterministic_rule,high,deterministic_rule
Broadway Pizza 20 inch slice,Expense,2001.0,Food & Groceries,deterministic_rule,high,deterministic_rule
Broadway Pizza. Foodpanda,Expense,2001.0,Food & Groceries,deterministic_rule,high,deterministic_rule
Brost for dinner,Expense,2001.0,Food & Groceries,deterministic_rule,high,deterministic_rule
Brown breads,Expense,2001.0,Food & Groceries,deterministic_rule,high,deterministic_rule
Brown breads ...,Expense,2001.0,Food & Groceries,deterministic_rule,high,deterministic_rule
Brown breads n cookies,Expense,2001.0,Food & Groceries,deterministic_rule,high,deterministic_rule
Bull Steak House,Expense,2001.0,Food & Groceries,deterministic_rule,high,deterministic_rule
Burger + Juice,Expense,2001.0,Food & Groceries,deterministic_rule,high,deterministic_rule
Burger Tea,Expense,2001.0,Food & Groceries,deterministic_rule,high,deterministic_rule
Burger town bahria town dinner,Expense,2001.0,Food & Groceries,deterministic_rule,high,deterministic_rule
Buy BF1 milk,Expense,2001.0,Food & Groceries,deterministic_rule,high,deterministic_rule
Buy Grocery,Expense,2001.0,Food & Groceries,deterministic_rule,high,deterministic_rule
CA Day Cake,Expense,2001.0,Food & Groceries,deterministic_rule,high,deterministic_rule
Cable bill and misc grocery ,Expense,2001.0,Food & Groceries,deterministic_rule,high,deterministic_rule
Cafe Dori,Expense,2001.0,Food & Groceries,deterministic_rule,high,deterministic_rule
Cafe Sangat,Expense,2001.0,Food & Groceries,deterministic_rule,high,deterministic_rule
Cafe delight ,Expense,2001.0,Food & Groceries,deterministic_rule,high,deterministic_rule
Cafeteria,Expense,2001.0,Food & Groceries,deterministic_rule,high,deterministic_rule
"Cafeteria semosa and drink 500ml coke
",Expense,2001.0,Food & Groceries,deterministic_rule,high,deterministic_rule
Cake & doughnuts,Expense,2001.0,Food & Groceries,deterministic_rule,high,deterministic_rule
Cake Aftab ,Expense,2001.0,Food & Groceries,deterministic_rule,high,deterministic_rule
Cake Mamoon,Expense,2001.0,Food & Groceries,deterministic_rule,high,deterministic_rule
"Cake Rusk etc,",Expense,2001.0,Food & Groceries,deterministic_rule,high,deterministic_rule
Cake and ballon etc.,Expense,2001.0,Food & Groceries,deterministic_rule,high,deterministic_rule
Cake for Ammi,Expense,2001.0,Food & Groceries,deterministic_rule,high,deterministic_rule
Cake in BWR,Expense,2001.0,Food & Groceries,deterministic_rule,high,deterministic_rule
Cake mom,Expense,2001.0,Food & Groceries,deterministic_rule,high,deterministic_rule
Cake with all the office peeps,Expense,2001.0,Food & Groceries,deterministic_rule,high,deterministic_rule
Cake+ Chocolate,Expense,2001.0,Food & Groceries,deterministic_rule,high,deterministic_rule
"Cake, Handsfree, Hairband & Ice Cream",Expense,2001.0,Food & Groceries,deterministic_rule,high,deterministic_rule
Cakeups,Expense,2001.0,Food & Groceries,deterministic_rule,high,deterministic_rule
Cane Juice for Kids,Expense,2001.0,Food & Groceries,deterministic_rule,high,deterministic_rule
Carrefour Grocery ,Expense,2001.0,Food & Groceries,deterministic_rule,high,deterministic_rule
"Carrefour nuggets, the nashta ",Expense,2001.0,Food & Groceries,deterministic_rule,high,deterministic_rule
Cash widthdrawl for lunch,Transfer,2001.0,Food & Groceries,deterministic_rule,high,deterministic_rule
Cash widthdrawl from atm for dinner,Transfer,2001.0,Food & Groceries,deterministic_rule,high,deterministic_rule
Cat food,Expense,2001.0,Food & Groceries,deterministic_rule,high,deterministic_rule
Cc Continental Grocery,Transfer,2001.0,Food & Groceries,deterministic_rule,high,deterministic_rule
Chai 24/6/21,Expense,2001.0,Food & Groceries,deterministic_rule,high,deterministic_rule
Chai Baithak expense ,Expense,2001.0,Food & Groceries,deterministic_rule,high,deterministic_rule
Chai Khana,Expense,2001.0,Food & Groceries,deterministic_rule,high,deterministic_rule
Chai and rusk safi nay paisay dia mere walay,Expense,2001.0,Food & Groceries,deterministic_rule,high,deterministic_rule
Chai cake,Expense,2001.0,Food & Groceries,deterministic_rule,high,deterministic_rule
Chai cigarette ,Expense,2001.0,Food & Groceries,deterministic_rule,high,deterministic_rule
Chai fibbi,Transfer,2001.0,Food & Groceries,deterministic_rule,high,deterministic_rule
Chai for Shop,Expense,2001.0,Food & Groceries,deterministic_rule,high,deterministic_rule
Chai wid Hafsa and Yasir,Expense,2001.0,Food & Groceries,deterministic_rule,high,deterministic_rule
Chai with mami and bachy,Expense,2001.0,Food & Groceries,deterministic_rule,high,deterministic_rule
Chain Fix,Expense,2001.0,Food & Groceries,deterministic_rule,high,deterministic_rule
Chairity,Expense,2001.0,Food & Groceries,deterministic_rule,high,deterministic_rule
Chanay. Haleem. Milk. Kashif,Expense,2001.0,Food & Groceries,deterministic_rule,high,deterministic_rule
Chanay. Khamiri Roti,Expense,2001.0,Food & Groceries,deterministic_rule,high,deterministic_rule
Chapati for Dinner ,Expense,2001.0,Food & Groceries,deterministic_rule,high,deterministic_rule
Chatta's Nashta,Expense,2001.0,Food & Groceries,deterministic_rule,high,deterministic_rule
Chaye Khana Breakfast,Expense,2001.0,Food & Groceries,deterministic_rule,high,deterministic_rule
Cheese cake ,Expense,2001.0,Food & Groceries,deterministic_rule,high,deterministic_rule
Cheesecake shop,Expense,2001.0,Food & Groceries,deterministic_rule,high,deterministic_rule
Chhop Brown bread n DDC butter,Expense,2001.0,Food & Groceries,deterministic_rule,high,deterministic_rule
Chick & chai kid ,Expense,2001.0,Food & Groceries,deterministic_rule,high,deterministic_rule
Chicken 1.5 kg,Expense,2001.0,Food & Groceries,deterministic_rule,high,deterministic_rule
Chicken 2,Expense,2001.0,Food & Groceries,deterministic_rule,high,deterministic_rule
Chicken 600 trout fish 1200,Expense,2001.0,Food & Groceries,deterministic_rule,high,deterministic_rule
Chicken Bihari Boti,Expense,2001.0,Food & Groceries,deterministic_rule,high,deterministic_rule
Chicken Dabu to Sir Azam,Expense,2001.0,Food & Groceries,deterministic_rule,high,deterministic_rule
Chicken Meat For Cooking,Expense,2001.0,Food & Groceries,deterministic_rule,high,deterministic_rule
Chicken and Dal vegi etc Water ,Expense,2001.0,Food & Groceries,deterministic_rule,high,deterministic_rule
Chicken bread n samoosa gourmet ,Expense,2001.0,Food & Groceries,deterministic_rule,high,deterministic_rule
Chicken burger - Push,Income,2001.0,Food & Groceries,deterministic_rule,high,deterministic_rule
Chicken for cat,Expense,2001.0,Food & Groceries,deterministic_rule,high,deterministic_rule
Chicken meat ,Expense,2001.0,Food & Groceries,deterministic_rule,high,deterministic_rule
Chicken munchurian,Expense,2001.0,Food & Groceries,deterministic_rule,high,deterministic_rule
Chicken n khutti ,Expense,2001.0,Food & Groceries,deterministic_rule,high,deterministic_rule
Chicken plus grocery hair color,Expense,2001.0,Food & Groceries,deterministic_rule,high,deterministic_rule
Chicken sandwich ,Expense,2001.0,Food & Groceries,deterministic_rule,high,deterministic_rule
Chicken shop ,Expense,2001.0,Food & Groceries,deterministic_rule,high,deterministic_rule
Chicken x3,Expense,2001.0,Food & Groceries,deterministic_rule,high,deterministic_rule
Chicken.,Expense,2001.0,Food & Groceries,deterministic_rule,high,deterministic_rule
Chiken + Dahi,Expense,2001.0,Food & Groceries,deterministic_rule,high,deterministic_rule
Chineese and Juice at IoBM,Expense,2001.0,Food & Groceries,deterministic_rule,high,deterministic_rule
Chowmein n tea at chaumati ,Expense,2001.0,Food & Groceries,deterministic_rule,high,deterministic_rule
Club lunch ,Expense,2001.0,Food & Groceries,deterministic_rule,high,deterministic_rule
"Coffee, tea, biscuits etc",Expense,2001.0,Food & Groceries,deterministic_rule,high,deterministic_rule
"Coke, pan and mango",Expense,2001.0,Food & Groceries,deterministic_rule,high,deterministic_rule
Col Faraz Mangoes,Income,2001.0,Food & Groceries,deterministic_rule,high,deterministic_rule
College Food,Expense,2001.0,Food & Groceries,deterministic_rule,high,deterministic_rule
Contribution at dinner with family,Expense,2001.0,Food & Groceries,deterministic_rule,high,deterministic_rule
Cooking oil + Sabzi,Expense,2001.0,Food & Groceries,deterministic_rule,high,deterministic_rule
Cooking oil dalia salt mango juice.....,Expense,2001.0,Food & Groceries,deterministic_rule,high,deterministic_rule
Cost of one pizza,Expense,2001.0,Food & Groceries,deterministic_rule,high,deterministic_rule
Cup cake preparation items,Expense,2001.0,Food & Groceries,deterministic_rule,high,deterministic_rule
DG visit food cost.,Expense,2001.0,Food & Groceries,deterministic_rule,high,deterministic_rule
"Daal,roti",Expense,2001.0,Food & Groceries,deterministic_rule,high,deterministic_rule
"Dabboo, chai & Cold Drink ",Expense,2001.0,Food & Groceries,deterministic_rule,high,deterministic_rule
Dahi + motor belt,Expense,2001.0,Food & Groceries,deterministic_rule,high,deterministic_rule
Dahi after Breakfast,Expense,2001.0,Food & Groceries,deterministic_rule,high,deterministic_rule
Dahi chana 100abu ko deya ,Expense,2001.0,Food & Groceries,deterministic_rule,high,deterministic_rule
Dahi.,Expense,2001.0,Food & Groceries,deterministic_rule,high,deterministic_rule
Dahi... Nashta,Expense,2001.0,Food & Groceries,deterministic_rule,high,deterministic_rule
"Dahie, chana, zaianb ",Expense,2001.0,Food & Groceries,deterministic_rule,high,deterministic_rule
"Dates, Kinu, Water, Dry Fruit n Bublegum",Expense,2001.0,Food & Groceries,deterministic_rule,high,deterministic_rule
Day snacks with Kemona @Food street Medanta ,Expense,2001.0,Food & Groceries,deterministic_rule,high,deterministic_rule
Departmental Dinner,Expense,2001.0,Food & Groceries,deterministic_rule,high,deterministic_rule
"Dettol, Bread and Toothpaste",Expense,2001.0,Food & Groceries,deterministic_rule,high,deterministic_rule
Deworming 50 n milk biscuit 88,Expense,2001.0,Food & Groceries,deterministic_rule,high,deterministic_rule
Dharam Pora Fruits,Expense,2001.0,Food & Groceries,deterministic_rule,high,deterministic_rule
Dinner -Office ,Expense,2001.0,Food & Groceries,deterministic_rule,high,deterministic_rule
"Dinner @ Station , cold drinks",Expense,2001.0,Food & Groceries,deterministic_rule,high,deterministic_rule
Dinner Al baik.,Expense,2001.0,Food & Groceries,deterministic_rule,high,deterministic_rule
Dinner Biryani,Expense,2001.0,Food & Groceries,deterministic_rule,high,deterministic_rule
Dinner Kashif Food,Expense,2001.0,Food & Groceries,deterministic_rule,high,deterministic_rule
Dinner With Friends at Butt Karai,Expense,2001.0,Food & Groceries,deterministic_rule,high,deterministic_rule
Dinner abu bakar,Expense,2001.0,Food & Groceries,deterministic_rule,high,deterministic_rule
Dinner afi,Expense,2001.0,Food & Groceries,deterministic_rule,high,deterministic_rule
Dinner at Bilal home,Expense,2001.0,Food & Groceries,deterministic_rule,high,deterministic_rule
Dinner at Dogar Restaurant,Expense,2001.0,Food & Groceries,deterministic_rule,high,deterministic_rule
Dinner at Jugni Restaurant,Expense,2001.0,Food & Groceries,deterministic_rule,high,deterministic_rule
Dinner at Karachi Haleem with Faizan,Expense,2001.0,Food & Groceries,deterministic_rule,high,deterministic_rule
Dinner at Lintot Restaurant ,Expense,2001.0,Food & Groceries,deterministic_rule,high,deterministic_rule
Dinner at PU ,Expense,2001.0,Food & Groceries,deterministic_rule,high,deterministic_rule
Dinner at Shinwari,Expense,2001.0,Food & Groceries,deterministic_rule,high,deterministic_rule
Dinner at bambou,Expense,2001.0,Food & Groceries,deterministic_rule,high,deterministic_rule
Dinner at highway ,Expense,2001.0,Food & Groceries,deterministic_rule,high,deterministic_rule
Dinner at jheel,Expense,2001.0,Food & Groceries,deterministic_rule,high,deterministic_rule
Dinner at shahin Restaurant. ,Expense,2001.0,Food & Groceries,deterministic_rule,high,deterministic_rule
Dinner cousins ,Expense,2001.0,Food & Groceries,deterministic_rule,high,deterministic_rule
Dinner honey chana tukham malanga,Expense,2001.0,Food & Groceries,deterministic_rule,high,deterministic_rule
Dinner in Bannu,Expense,2001.0,Food & Groceries,deterministic_rule,high,deterministic_rule
Dinner in Lahore,Expense,2001.0,Food & Groceries,deterministic_rule,high,deterministic_rule
Dinner plate,Expense,2001.0,Food & Groceries,deterministic_rule,high,deterministic_rule
Dinner roll,Expense,2001.0,Food & Groceries,deterministic_rule,high,deterministic_rule
Dinner saji,Expense,2001.0,Food & Groceries,deterministic_rule,high,deterministic_rule
Dinner shahin ,Expense,2001.0,Food & Groceries,deterministic_rule,high,deterministic_rule
Dinner with Azeem Lasgari,Expense,2001.0,Food & Groceries,deterministic_rule,high,deterministic_rule
Dinner with Bidey Shaaz,Expense,2001.0,Food & Groceries,deterministic_rule,high,deterministic_rule
"Dinner with Family at Kabab Jee Resturent, Do Darya Karachi & paid tip",Expense,2001.0,Food & Groceries,deterministic_rule,high,deterministic_rule
Dinner with Friends at Noshakh,Expense,2001.0,Food & Groceries,deterministic_rule,high,deterministic_rule
"Dinner with Hussam, Waqar & Hesham at KPK",Expense,2001.0,Food & Groceries,deterministic_rule,high,deterministic_rule
Dinner with Muzaffar,Expense,2001.0,Food & Groceries,deterministic_rule,high,deterministic_rule
Dinner with Raza,Expense,2001.0,Food & Groceries,deterministic_rule,high,deterministic_rule
Dinner with abhi ,Expense,2001.0,Food & Groceries,deterministic_rule,high,deterministic_rule
Dinner with azeem,Expense,2001.0,Food & Groceries,deterministic_rule,high,deterministic_rule
Dinner with moosa n Ab,Expense,2001.0,Food & Groceries,deterministic_rule,high,deterministic_rule
Dinner with sarah,Expense,2001.0,Food & Groceries,deterministic_rule,high,deterministic_rule
Dinner with wife,Expense,2001.0,Food & Groceries,deterministic_rule,high,deterministic_rule
Dinner&Movie,Expense,2001.0,Food & Groceries,deterministic_rule,high,deterministic_rule
"Dinner-50
Chocolate-20",Expense,2001.0,Food & Groceries,deterministic_rule,high,deterministic_rule
Dinner-60,Expense,2001.0,Food & Groceries,deterministic_rule,high,deterministic_rule
Dinner-75,Expense,2001.0,Food & Groceries,deterministic_rule,high,deterministic_rule
Dinner.. ,Expense,2001.0,Food & Groceries,deterministic_rule,high,deterministic_rule
Dinner.. Mix veg,Expense,2001.0,Food & Groceries,deterministic_rule,high,deterministic_rule
Dinner.Rawat,Expense,2001.0,Food & Groceries,deterministic_rule,high,deterministic_rule
Domino pizza,Expense,2001.0,Food & Groceries,deterministic_rule,high,deterministic_rule
Dominos Nutella Bread ,Expense,2001.0,Food & Groceries,deterministic_rule,high,deterministic_rule
Doodh Dahi Daal Roti,Expense,2001.0,Food & Groceries,deterministic_rule,high,deterministic_rule
Double roti + 6 eggs,Expense,2001.0,Food & Groceries,deterministic_rule,high,deterministic_rule
Dp 13+ dahi bhliyaan,Expense,2001.0,Food & Groceries,deterministic_rule,high,deterministic_rule
"Drinks, Tea, Snacks & etc",Expense,2001.0,Food & Groceries,deterministic_rule,high,deterministic_rule
Driver Tea,Expense,2001.0,Food & Groceries,deterministic_rule,high,deterministic_rule
Driver food,Expense,2001.0,Food & Groceries,deterministic_rule,high,deterministic_rule
Dry Milk 2Kg,Expense,2001.0,Food & Groceries,deterministic_rule,high,deterministic_rule
Dry fruit,Expense,2001.0,Food & Groceries,deterministic_rule,high,deterministic_rule
Dry fruits -chhkada kaju n soda biscuits,Expense,2001.0,Food & Groceries,deterministic_rule,high,deterministic_rule
Dry fruits for aama,Expense,2001.0,Food & Groceries,deterministic_rule,high,deterministic_rule
Dularay and Firoz payment for food expense ,Income,2001.0,Food & Groceries,deterministic_rule,high,deterministic_rule
Dwatson milk etc baloon,Expense,2001.0,Food & Groceries,deterministic_rule,high,deterministic_rule
EFP Lunch,Expense,2001.0,Food & Groceries,deterministic_rule,high,deterministic_rule
Eggs 1 creat,Expense,2001.0,Food & Groceries,deterministic_rule,high,deterministic_rule
Eggs 15 pcs,Expense,2001.0,Food & Groceries,deterministic_rule,high,deterministic_rule
Eggs 30 pcs,Expense,2001.0,Food & Groceries,deterministic_rule,high,deterministic_rule
Eggs Fruits n Chicken ,Expense,2001.0,Food & Groceries,deterministic_rule,high,deterministic_rule
Eggs and Bread ,Expense,2001.0,Food & Groceries,deterministic_rule,high,deterministic_rule
Eggs and Bread and Yogart,Expense,2001.0,Food & Groceries,deterministic_rule,high,deterministic_rule
Eggs and yougart,Expense,2001.0,Food & Groceries,deterministic_rule,high,deterministic_rule
Eggs etc ,Transfer,2001.0,Food & Groceries,deterministic_rule,high,deterministic_rule
Eggs n jalkapoor,Expense,2001.0,Food & Groceries,deterministic_rule,high,deterministic_rule
Eggs n mushroom for Aama,Expense,2001.0,Food & Groceries,deterministic_rule,high,deterministic_rule
"Eggs, Bread, Peaches and Banana",Expense,2001.0,Food & Groceries,deterministic_rule,high,deterministic_rule
"Eggs, Milk and Roti",Expense,2001.0,Food & Groceries,deterministic_rule,high,deterministic_rule
"Eggs, bread ",Expense,2001.0,Food & Groceries,deterministic_rule,high,deterministic_rule
"Eme Cake, bustiks ",Expense,2001.0,Food & Groceries,deterministic_rule,high,deterministic_rule
Emporium (movie+dinner) ,Expense,2001.0,Food & Groceries,deterministic_rule,high,deterministic_rule
English teacher,Expense,2001.0,Food & Groceries,deterministic_rule,high,deterministic_rule
Eshaal milk and pampers,Expense,2001.0,Food & Groceries,deterministic_rule,high,deterministic_rule
Eshal milk,Expense,2001.0,Food & Groceries,deterministic_rule,high,deterministic_rule
FL Fahhad (Fruit) ,Expense,2001.0,Food & Groceries,deterministic_rule,high,deterministic_rule
Faisal Dinner,Expense,2001.0,Food & Groceries,deterministic_rule,high,deterministic_rule
Falafel Breakfast ,Expense,2001.0,Food & Groceries,deterministic_rule,high,deterministic_rule
Father day cake and dew ,Expense,2001.0,Food & Groceries,deterministic_rule,high,deterministic_rule
Faysal foods,Expense,2001.0,Food & Groceries,deterministic_rule,high,deterministic_rule
Fazle Mangoes ,Expense,2001.0,Food & Groceries,deterministic_rule,high,deterministic_rule
Flourx2; Tea; Bread,Expense,2001.0,Food & Groceries,deterministic_rule,high,deterministic_rule
"Food + Water
At Bareilly
",Expense,2001.0,Food & Groceries,deterministic_rule,high,deterministic_rule
Food During Journey to Lahore.,Expense,2001.0,Food & Groceries,deterministic_rule,high,deterministic_rule
Food Inn,Expense,2001.0,Food & Groceries,deterministic_rule,high,deterministic_rule
Food Khiva,Expense,2001.0,Food & Groceries,deterministic_rule,high,deterministic_rule
Food and drinks @koroga,Expense,2001.0,Food & Groceries,deterministic_rule,high,deterministic_rule
Food at work,Expense,2001.0,Food & Groceries,deterministic_rule,high,deterministic_rule
Food court ,Expense,2001.0,Food & Groceries,deterministic_rule,high,deterministic_rule
Food festival,Expense,2001.0,Food & Groceries,deterministic_rule,high,deterministic_rule
Food for Olfat,Expense,2001.0,Food & Groceries,deterministic_rule,high,deterministic_rule
Food for all. ,Expense,2001.0,Food & Groceries,deterministic_rule,high,deterministic_rule
Food from Yaadgaar,Expense,2001.0,Food & Groceries,deterministic_rule,high,deterministic_rule
Food office,Expense,2001.0,Food & Groceries,deterministic_rule,high,deterministic_rule
Food panda Cock and bull,Expense,2001.0,Food & Groceries,deterministic_rule,high,deterministic_rule
Food panda optp ,Expense,2001.0,Food & Groceries,deterministic_rule,high,deterministic_rule
Foodgeek,Expense,2001.0,Food & Groceries,deterministic_rule,high,deterministic_rule
Foodpanda - Referral Voucher,Income,2001.0,Food & Groceries,deterministic_rule,high,deterministic_rule
Foodpanda Beghum,Expense,2001.0,Food & Groceries,deterministic_rule,high,deterministic_rule
Foodpanda Dessert,Expense,2001.0,Food & Groceries,deterministic_rule,high,deterministic_rule
Foodpanda- Chicken boneless,Expense,2001.0,Food & Groceries,deterministic_rule,high,deterministic_rule
Foodpanda- Delite Coffee,Expense,2001.0,Food & Groceries,deterministic_rule,high,deterministic_rule
Foodpanda- Flame n Grill,Expense,2001.0,Food & Groceries,deterministic_rule,high,deterministic_rule
Foodpanda- Mehar Biryani,Expense,2001.0,Food & Groceries,deterministic_rule,high,deterministic_rule
Foodpanda- Mitho Gol Gappay,Expense,2001.0,Food & Groceries,deterministic_rule,high,deterministic_rule
Foodpanda- Nitro Delight,Expense,2001.0,Food & Groceries,deterministic_rule,high,deterministic_rule
Foodpanda- OPTP,Expense,2001.0,Food & Groceries,deterministic_rule,high,deterministic_rule
Foodpanda- Pizza delight ,Expense,2001.0,Food & Groceries,deterministic_rule,high,deterministic_rule
Foodpanda- Rowdy,Expense,2001.0,Food & Groceries,deterministic_rule,high,deterministic_rule
Foodpanda- Shops,Expense,2001.0,Food & Groceries,deterministic_rule,high,deterministic_rule
Foodpanda- Yemek,Expense,2001.0,Food & Groceries,deterministic_rule,high,deterministic_rule
For Fruit,Expense,2001.0,Food & Groceries,deterministic_rule,high,deterministic_rule
For Fruits,Transfer,2001.0,Food & Groceries,deterministic_rule,high,deterministic_rule
For lunch ,Expense,2001.0,Food & Groceries,deterministic_rule,high,deterministic_rule
Friday Lunch & Icecream,Expense,2001.0,Food & Groceries,deterministic_rule,high,deterministic_rule
Friday Lunch Kumail or A.J,Expense,2001.0,Food & Groceries,deterministic_rule,high,deterministic_rule
Friday breakfast and lunch,Expense,2001.0,Food & Groceries,deterministic_rule,high,deterministic_rule
Friends Dinner ,Expense,2001.0,Food & Groceries,deterministic_rule,high,deterministic_rule
Fries tea and biscuit,Expense,2001.0,Food & Groceries,deterministic_rule,high,deterministic_rule
"Fries, juice etc for 4-5 days",Expense,2001.0,Food & Groceries,deterministic_rule,high,deterministic_rule
Fruit - Aroo,Expense,2001.0,Food & Groceries,deterministic_rule,high,deterministic_rule
Fruit - Banana + Lychee,Expense,2001.0,Food & Groceries,deterministic_rule,high,deterministic_rule
Fruit / eggs / haircut,Expense,2001.0,Food & Groceries,deterministic_rule,high,deterministic_rule
Fruit Buying on 1-7-19,Expense,2001.0,Food & Groceries,deterministic_rule,high,deterministic_rule
Fruit Cake + Phalpy from Gourmet,Expense,2001.0,Food & Groceries,deterministic_rule,high,deterministic_rule
Fruit For Mrs Sabir,Expense,2001.0,Food & Groceries,deterministic_rule,high,deterministic_rule
Fruit Sabzi,Expense,2001.0,Food & Groceries,deterministic_rule,high,deterministic_rule
Fruit Sunday Market,Expense,2001.0,Food & Groceries,deterministic_rule,high,deterministic_rule
"Fruit and vegetable
",Expense,2001.0,Food & Groceries,deterministic_rule,high,deterministic_rule
Fruit apple Qadar ,Expense,2001.0,Food & Groceries,deterministic_rule,high,deterministic_rule
"Fruit etc
",Expense,2001.0,Food & Groceries,deterministic_rule,high,deterministic_rule
Fruit for seema ,Expense,2001.0,Food & Groceries,deterministic_rule,high,deterministic_rule
Fruit from Itwar Bazar,Expense,2001.0,Food & Groceries,deterministic_rule,high,deterministic_rule
Fruit mango+lemon,Expense,2001.0,Food & Groceries,deterministic_rule,high,deterministic_rule
Fruit mangos,Expense,2001.0,Food & Groceries,deterministic_rule,high,deterministic_rule
"Fruit, Dahi",Expense,2001.0,Food & Groceries,deterministic_rule,high,deterministic_rule
Fruits & vegetables,Expense,2001.0,Food & Groceries,deterministic_rule,high,deterministic_rule
Fruits Mandi,Expense,2001.0,Food & Groceries,deterministic_rule,high,deterministic_rule
Fruits and buns,Transfer,2001.0,Food & Groceries,deterministic_rule,high,deterministic_rule
Fruits and etc. ,Expense,2001.0,Food & Groceries,deterministic_rule,high,deterministic_rule
Fruits and tiger tehzaab,Expense,2001.0,Food & Groceries,deterministic_rule,high,deterministic_rule
Fruits family,Expense,2001.0,Food & Groceries,deterministic_rule,high,deterministic_rule
Fruits for AH,Expense,2001.0,Food & Groceries,deterministic_rule,high,deterministic_rule
Fruits for Ama n Koteswar,Expense,2001.0,Food & Groceries,deterministic_rule,high,deterministic_rule
Fruits for Anu,Expense,2001.0,Food & Groceries,deterministic_rule,high,deterministic_rule
Fruits for Koteswar,Expense,2001.0,Food & Groceries,deterministic_rule,high,deterministic_rule
Fruits for Wali,Expense,2001.0,Food & Groceries,deterministic_rule,high,deterministic_rule
Fruits for api,Expense,2001.0,Food & Groceries,deterministic_rule,high,deterministic_rule
Fruits mangoes liches,Expense,2001.0,Food & Groceries,deterministic_rule,high,deterministic_rule
Fruits veggies and bread,Expense,2001.0,Food & Groceries,deterministic_rule,high,deterministic_rule
Fruits veggies and cream,Expense,2001.0,Food & Groceries,deterministic_rule,high,deterministic_rule
"Fruits, vegetables, etc. ",Expense,2001.0,Food & Groceries,deterministic_rule,high,deterministic_rule
"Fruits, water Refill. ",Expense,2001.0,Food & Groceries,deterministic_rule,high,deterministic_rule
Fruits: mango cherry papaya,Expense,2001.0,Food & Groceries,deterministic_rule,high,deterministic_rule
Ganda Burger and 1 mango shake,Expense,2001.0,Food & Groceries,deterministic_rule,high,deterministic_rule
Given to sehru for grocery,Expense,2001.0,Food & Groceries,deterministic_rule,high,deterministic_rule
Gold chain & earings ,Expense,2001.0,Food & Groceries,deterministic_rule,high,deterministic_rule
Good Milk 10 Cotton,Expense,2001.0,Food & Groceries,deterministic_rule,high,deterministic_rule
Gosht sabzi,Expense,2001.0,Food & Groceries,deterministic_rule,high,deterministic_rule
Gourmet Milk,Expense,2001.0,Food & Groceries,deterministic_rule,high,deterministic_rule
Green O Juice Bar,Expense,2001.0,Food & Groceries,deterministic_rule,high,deterministic_rule
Groceries - Potatoes,Expense,2001.0,Food & Groceries,deterministic_rule,high,deterministic_rule
Groceries from poundland,Expense,2001.0,Food & Groceries,deterministic_rule,high,deterministic_rule
Grocery,Expense,2001.0,Food & Groceries,deterministic_rule,high,deterministic_rule
Grocery + milk,Expense,2001.0,Food & Groceries,deterministic_rule,high,deterministic_rule
Grocery - Hyperstar Carrefour,Expense,2001.0,Food & Groceries,deterministic_rule,high,deterministic_rule
Grocery - Noor foods,Expense,2001.0,Food & Groceries,deterministic_rule,high,deterministic_rule
Grocery -CC ftw 26 April,Expense,2001.0,Food & Groceries,deterministic_rule,high,deterministic_rule
Grocery @ Carrefour ,Transfer,2001.0,Food & Groceries,deterministic_rule,high,deterministic_rule
Grocery Aldi,Expense,2001.0,Food & Groceries,deterministic_rule,high,deterministic_rule
Grocery Consumeables,Expense,2001.0,Food & Groceries,deterministic_rule,high,deterministic_rule
Grocery For Office,Expense,2001.0,Food & Groceries,deterministic_rule,high,deterministic_rule
Grocery Imtiaz deposit to FBL CC,Expense,2001.0,Food & Groceries,deterministic_rule,high,deterministic_rule
Grocery Jul19,Expense,2001.0,Food & Groceries,deterministic_rule,high,deterministic_rule
Grocery Jun 2019,Expense,2001.0,Food & Groceries,deterministic_rule,high,deterministic_rule
Grocery Month July 2019,Expense,2001.0,Food & Groceries,deterministic_rule,high,deterministic_rule
Grocery etc,Expense,2001.0,Food & Groceries,deterministic_rule,high,deterministic_rule
Grocery for BNS Fitness ,Expense,2001.0,Food & Groceries,deterministic_rule,high,deterministic_rule
Grocery for home ,Expense,2001.0,Food & Groceries,deterministic_rule,high,deterministic_rule
Grocery from Bin Hashim,Expense,2001.0,Food & Groceries,deterministic_rule,high,deterministic_rule
Grocery from Greenvalley ,Expense,2001.0,Food & Groceries,deterministic_rule,high,deterministic_rule
Grocery from Man. superstore ftw 11 apr,Expense,2001.0,Food & Groceries,deterministic_rule,high,deterministic_rule
Grocery from Manchester Superstore,Transfer,2001.0,Food & Groceries,deterministic_rule,high,deterministic_rule
Grocery ftw 1 June 2021,Expense,2001.0,Food & Groceries,deterministic_rule,high,deterministic_rule
Grocery items,Expense,2001.0,Food & Groceries,deterministic_rule,high,deterministic_rule
Grocery save mart,Expense,2001.0,Food & Groceries,deterministic_rule,high,deterministic_rule
Group lunch,Expense,2001.0,Food & Groceries,deterministic_rule,high,deterministic_rule
Gymkhana solo lunch,Expense,2001.0,Food & Groceries,deterministic_rule,high,deterministic_rule
HDD FOOD ,Transfer,2001.0,Food & Groceries,deterministic_rule,high,deterministic_rule
Habibi restaurant dinner fazool,Expense,2001.0,Food & Groceries,deterministic_rule,high,deterministic_rule
Hadiq Special Pizza M,Expense,2001.0,Food & Groceries,deterministic_rule,high,deterministic_rule
Hadiya milk anhaar cheese etc,Expense,2001.0,Food & Groceries,deterministic_rule,high,deterministic_rule
Hafeez Center Lunch ,Expense,2001.0,Food & Groceries,deterministic_rule,high,deterministic_rule
Haji atta 5 2 milk C Oil coffee,Expense,2001.0,Food & Groceries,deterministic_rule,high,deterministic_rule
Hajra & Mum AZAM market 8K suit 500Food 1500 Stylo,Expense,2001.0,Food & Groceries,deterministic_rule,high,deterministic_rule
Hakeem and biryani,Expense,2001.0,Food & Groceries,deterministic_rule,high,deterministic_rule
Haleem Rice chicken dahi dhaniya mircha lehsan ,Expense,2001.0,Food & Groceries,deterministic_rule,high,deterministic_rule
"Halwa Pori, Puntchur, Milk",Expense,2001.0,Food & Groceries,deterministic_rule,high,deterministic_rule
Halwa puri and chai,Expense,2001.0,Food & Groceries,deterministic_rule,high,deterministic_rule
Hamza Extra money lunch,Expense,2001.0,Food & Groceries,deterministic_rule,high,deterministic_rule
Hard bread,Expense,2001.0,Food & Groceries,deterministic_rule,high,deterministic_rule
Hardees Food Panda,Expense,2001.0,Food & Groceries,deterministic_rule,high,deterministic_rule
Haseeb returned juice amount,Income,2001.0,Food & Groceries,deterministic_rule,high,deterministic_rule
Hashlob Lunch,Expense,2001.0,Food & Groceries,deterministic_rule,high,deterministic_rule
Haveli- Food Street,Expense,2001.0,Food & Groceries,deterministic_rule,high,deterministic_rule
Hey Man Milk Bill Payment,Transfer,2001.0,Food & Groceries,deterministic_rule,high,deterministic_rule
"Hira charga,mangoes, bottle, rotti",Expense,2001.0,Food & Groceries,deterministic_rule,high,deterministic_rule
"Home Bill, Flat Expense, Family Iftar dinner",Expense,2001.0,Food & Groceries,deterministic_rule,high,deterministic_rule
Home groceries credit card purchase,Transfer,2001.0,Food & Groceries,deterministic_rule,high,deterministic_rule
Home groceries credit card purchase deposited MFs ,Transfer,2001.0,Food & Groceries,deterministic_rule,high,deterministic_rule
Home: Grocery,Expense,2001.0,Food & Groceries,deterministic_rule,high,deterministic_rule
Home: Milk and Water,Expense,2001.0,Food & Groceries,deterministic_rule,high,deterministic_rule
Hyperstar sweetners fish dahi jusice chips,Expense,2001.0,Food & Groceries,deterministic_rule,high,deterministic_rule
ILSA chocolates + pizza k&n,Expense,2001.0,Food & Groceries,deterministic_rule,high,deterministic_rule
ITC cafeteria ,Expense,2001.0,Food & Groceries,deterministic_rule,high,deterministic_rule
Ice and Tea,Expense,2001.0,Food & Groceries,deterministic_rule,high,deterministic_rule
Ice cream @ McDonald ,Expense,2001.0,Food & Groceries,deterministic_rule,high,deterministic_rule
Ice cream McDonald's with Noran,Expense,2001.0,Food & Groceries,deterministic_rule,high,deterministic_rule
Imraan bread and egg,Expense,2001.0,Food & Groceries,deterministic_rule,high,deterministic_rule
Imraan eggs,Expense,2001.0,Food & Groceries,deterministic_rule,high,deterministic_rule
Imran lunch,Expense,2001.0,Food & Groceries,deterministic_rule,high,deterministic_rule
Imtiaz Store Grocery,Expense,2001.0,Food & Groceries,deterministic_rule,high,deterministic_rule
"Ishfaq, lunch...",Expense,2001.0,Food & Groceries,deterministic_rule,high,deterministic_rule
"JS cake, iftikhar uncle...",Expense,2001.0,Food & Groceries,deterministic_rule,high,deterministic_rule
Jackfruit,Expense,2001.0,Food & Groceries,deterministic_rule,high,deterministic_rule
Jaman and mangoes,Expense,2001.0,Food & Groceries,deterministic_rule,high,deterministic_rule
Jamma food,Expense,2001.0,Food & Groceries,deterministic_rule,high,deterministic_rule
Jams and Milk,Expense,2001.0,Food & Groceries,deterministic_rule,high,deterministic_rule
Jamun+3kg Mangos,Expense,2001.0,Food & Groceries,deterministic_rule,high,deterministic_rule
Juice & tulsi,Expense,2001.0,Food & Groceries,deterministic_rule,high,deterministic_rule
"Juice 80
Naan Tikki 30
Lunch 110",Expense,2001.0,Food & Groceries,deterministic_rule,high,deterministic_rule
Juice Chips,Expense,2001.0,Food & Groceries,deterministic_rule,high,deterministic_rule
Juice Model city ,Expense,2001.0,Food & Groceries,deterministic_rule,high,deterministic_rule
Juice aapi,Expense,2001.0,Food & Groceries,deterministic_rule,high,deterministic_rule
Juice biscute,Expense,2001.0,Food & Groceries,deterministic_rule,high,deterministic_rule
Juice cake and falsa,Expense,2001.0,Food & Groceries,deterministic_rule,high,deterministic_rule
Juice for Mosa and Mishi,Expense,2001.0,Food & Groceries,deterministic_rule,high,deterministic_rule
Juice for kid...,Expense,2001.0,Food & Groceries,deterministic_rule,high,deterministic_rule
Juice in academy time,Expense,2001.0,Food & Groceries,deterministic_rule,high,deterministic_rule
Juice to Qud & Mom,Expense,2001.0,Food & Groceries,deterministic_rule,high,deterministic_rule
Juice with Abbas,Expense,2001.0,Food & Groceries,deterministic_rule,high,deterministic_rule
Juice with Asim,Expense,2001.0,Food & Groceries,deterministic_rule,high,deterministic_rule
Juice with group,Expense,2001.0,Food & Groceries,deterministic_rule,high,deterministic_rule
"Juice, Sprite, Wavys",Expense,2001.0,Food & Groceries,deterministic_rule,high,deterministic_rule
Juice. Shake,Expense,2001.0,Food & Groceries,deterministic_rule,high,deterministic_rule
Juice... When go with Hafiz sb dad,Expense,2001.0,Food & Groceries,deterministic_rule,high,deterministic_rule
Juiced,Expense,2001.0,Food & Groceries,deterministic_rule,high,deterministic_rule
Juicer jug,Expense,2001.0,Food & Groceries,deterministic_rule,high,deterministic_rule
Juices and Candies,Expense,2001.0,Food & Groceries,deterministic_rule,high,deterministic_rule
Juices and Drink for Bilal and Kids,Expense,2001.0,Food & Groceries,deterministic_rule,high,deterministic_rule
Juices etc,Expense,2001.0,Food & Groceries,deterministic_rule,high,deterministic_rule
Juices soaps aata eggs,Expense,2001.0,Food & Groceries,deterministic_rule,high,deterministic_rule
June and July breakfast expense,Expense,2001.0,Food & Groceries,deterministic_rule,high,deterministic_rule
Junk Food,Expense,2001.0,Food & Groceries,deterministic_rule,high,deterministic_rule
KFC = 1520 + Pop Corn = 30.,Expense,2001.0,Food & Groceries,deterministic_rule,high,deterministic_rule
KFC Abbottabad ,Expense,2001.0,Food & Groceries,deterministic_rule,high,deterministic_rule
KFC Wings ,Expense,2001.0,Food & Groceries,deterministic_rule,high,deterministic_rule
KFC burger for Muhammad,Expense,2001.0,Food & Groceries,deterministic_rule,high,deterministic_rule
KFC for Ami Abu,Expense,2001.0,Food & Groceries,deterministic_rule,high,deterministic_rule
KFC shadra sabeen abu,Expense,2001.0,Food & Groceries,deterministic_rule,high,deterministic_rule
"KFC, Pizza Hut",Expense,2001.0,Food & Groceries,deterministic_rule,high,deterministic_rule
Karachi Biryani. Foodpanda,Expense,2001.0,Food & Groceries,deterministic_rule,high,deterministic_rule
Kashmir bakery,Expense,2001.0,Food & Groceries,deterministic_rule,high,deterministic_rule
Keychains,Expense,2001.0,Food & Groceries,deterministic_rule,high,deterministic_rule
Khalid Bakery Breakfast Items,Expense,2001.0,Food & Groceries,deterministic_rule,high,deterministic_rule
Khameeri roti,Expense,2001.0,Food & Groceries,deterministic_rule,high,deterministic_rule
Khamiri Roti for dawat 17 @ 10,Expense,2001.0,Food & Groceries,deterministic_rule,high,deterministic_rule
"Khan restaurant
5000/- previous
1800/- power supply 12v 15amp
6800/-total
4000/- paid
2800/- due",Income,2001.0,Food & Groceries,deterministic_rule,high,deterministic_rule
Khan's chicken donor ,Expense,2001.0,Food & Groceries,deterministic_rule,high,deterministic_rule
Khana 'tea,Expense,2001.0,Food & Groceries,deterministic_rule,high,deterministic_rule
Khana at Melody food street,Expense,2001.0,Food & Groceries,deterministic_rule,high,deterministic_rule
Khayam Foodpanda,Expense,2001.0,Food & Groceries,deterministic_rule,high,deterministic_rule
Khutti n chicken,Expense,2001.0,Food & Groceries,deterministic_rule,high,deterministic_rule
Khutti n chicken for jhilimili ,Expense,2001.0,Food & Groceries,deterministic_rule,high,deterministic_rule
Kimchi chijage n Lassi. Korean lunch ,Expense,2001.0,Food & Groceries,deterministic_rule,high,deterministic_rule
Kismis chicken soup RARA noddles,Expense,2001.0,Food & Groceries,deterministic_rule,high,deterministic_rule
Krmt khtm fruit ,Expense,2001.0,Food & Groceries,deterministic_rule,high,deterministic_rule
LUNch for cafè,Expense,2001.0,Food & Groceries,deterministic_rule,high,deterministic_rule
Lasani biryani ,Expense,2001.0,Food & Groceries,deterministic_rule,high,deterministic_rule
Late night food,Expense,2001.0,Food & Groceries,deterministic_rule,high,deterministic_rule
Late-night Dinner,Expense,2001.0,Food & Groceries,deterministic_rule,high,deterministic_rule
Lava cake with Sara ,Expense,2001.0,Food & Groceries,deterministic_rule,high,deterministic_rule
Layers Cake,Expense,2001.0,Food & Groceries,deterministic_rule,high,deterministic_rule
Lays & Cake,Expense,2001.0,Food & Groceries,deterministic_rule,high,deterministic_rule
Lays + Cake Rusk + Kulfi.,Expense,2001.0,Food & Groceries,deterministic_rule,high,deterministic_rule
Lays and Juice,Expense,2001.0,Food & Groceries,deterministic_rule,high,deterministic_rule
Lectoless Milk,Expense,2001.0,Food & Groceries,deterministic_rule,high,deterministic_rule
Leechi + Vegetables,Expense,2001.0,Food & Groceries,deterministic_rule,high,deterministic_rule
Lichi Juice,Expense,2001.0,Food & Groceries,deterministic_rule,high,deterministic_rule
"Lipton Tea, Milk n channay",Expense,2001.0,Food & Groceries,deterministic_rule,high,deterministic_rule
Liqued milk 10 Cotton,Expense,2001.0,Food & Groceries,deterministic_rule,high,deterministic_rule
"Loan installment to wife, balanced in mobile and dinner",Expense,2001.0,Food & Groceries,deterministic_rule,high,deterministic_rule
Local chicken,Expense,2001.0,Food & Groceries,deterministic_rule,high,deterministic_rule
Local chicken n 16 local eggs,Expense,2001.0,Food & Groceries,deterministic_rule,high,deterministic_rule
Local chicken n eggs,Expense,2001.0,Food & Groceries,deterministic_rule,high,deterministic_rule
Local eggs 2 carret,Expense,2001.0,Food & Groceries,deterministic_rule,high,deterministic_rule
Local eggs for Aama,Expense,2001.0,Food & Groceries,deterministic_rule,high,deterministic_rule
Local eggs with bank commision,Expense,2001.0,Food & Groceries,deterministic_rule,high,deterministic_rule
Local street food,Expense,2001.0,Food & Groceries,deterministic_rule,high,deterministic_rule
LuckyOneFoodCourt,Expense,2001.0,Food & Groceries,deterministic_rule,high,deterministic_rule
"Lunch (Didn't Have)
",Expense,2001.0,Food & Groceries,deterministic_rule,high,deterministic_rule
Lunch (J),Expense,2001.0,Food & Groceries,deterministic_rule,high,deterministic_rule
Lunch - Biryani (Allah Wala),Expense,2001.0,Food & Groceries,deterministic_rule,high,deterministic_rule
Lunch - Chicken Burger Saran (Red Apple) - [300 Foodpanda Voucher],Expense,2001.0,Food & Groceries,deterministic_rule,high,deterministic_rule
Lunch - Half Sandwich,Expense,2001.0,Food & Groceries,deterministic_rule,high,deterministic_rule
Lunch - Lassi,Expense,2001.0,Food & Groceries,deterministic_rule,high,deterministic_rule
Lunch - Masala Broast (Royal Ice Spice),Expense,2001.0,Food & Groceries,deterministic_rule,high,deterministic_rule
Lunch - Roti,Expense,2001.0,Food & Groceries,deterministic_rule,high,deterministic_rule
Lunch - Tikka + Kabab (Crescent),Expense,2001.0,Food & Groceries,deterministic_rule,high,deterministic_rule
Lunch - Zing (OPTP),Expense,2001.0,Food & Groceries,deterministic_rule,high,deterministic_rule
Lunch 1000,Expense,2001.0,Food & Groceries,deterministic_rule,high,deterministic_rule
Lunch @ Haweliyan ,Expense,2001.0,Food & Groceries,deterministic_rule,high,deterministic_rule
Lunch @ Pizzahut ,Expense,2001.0,Food & Groceries,deterministic_rule,high,deterministic_rule
Lunch Day 1,Expense,2001.0,Food & Groceries,deterministic_rule,high,deterministic_rule
Lunch Etc.,Expense,2001.0,Food & Groceries,deterministic_rule,high,deterministic_rule
Lunch Haq Bahoo Pulao,Expense,2001.0,Food & Groceries,deterministic_rule,high,deterministic_rule
Lunch PU,Expense,2001.0,Food & Groceries,deterministic_rule,high,deterministic_rule
Lunch Salim’s,Expense,2001.0,Food & Groceries,deterministic_rule,high,deterministic_rule
Lunch Subway,Expense,2001.0,Food & Groceries,deterministic_rule,high,deterministic_rule
Lunch Veggies,Expense,2001.0,Food & Groceries,deterministic_rule,high,deterministic_rule
Lunch and Roti ,Expense,2001.0,Food & Groceries,deterministic_rule,high,deterministic_rule
Lunch at Bathisland,Expense,2001.0,Food & Groceries,deterministic_rule,high,deterministic_rule
Lunch at Lords,Expense,2001.0,Food & Groceries,deterministic_rule,high,deterministic_rule
Lunch at bundu khan wpasi chaplet,Expense,2001.0,Food & Groceries,deterministic_rule,high,deterministic_rule
Lunch biryani ordered by Anthony ,Expense,2001.0,Food & Groceries,deterministic_rule,high,deterministic_rule
Lunch box,Expense,2001.0,Food & Groceries,deterministic_rule,high,deterministic_rule
Lunch box + water bottle - Bahadurabad.,Expense,2001.0,Food & Groceries,deterministic_rule,high,deterministic_rule
Lunch break,Expense,2001.0,Food & Groceries,deterministic_rule,high,deterministic_rule
Lunch contribution with CDA friends ,Expense,2001.0,Food & Groceries,deterministic_rule,high,deterministic_rule
Lunch etc,Expense,2001.0,Food & Groceries,deterministic_rule,high,deterministic_rule
Lunch firm,Expense,2001.0,Food & Groceries,deterministic_rule,high,deterministic_rule
Lunch for Guests,Expense,2001.0,Food & Groceries,deterministic_rule,high,deterministic_rule
Lunch from Biryani house,Expense,2001.0,Food & Groceries,deterministic_rule,high,deterministic_rule
Lunch from Mathaqi ,Expense,2001.0,Food & Groceries,deterministic_rule,high,deterministic_rule
Lunch from Xanders,Expense,2001.0,Food & Groceries,deterministic_rule,high,deterministic_rule
Lunch from biryani master,Expense,2001.0,Food & Groceries,deterministic_rule,high,deterministic_rule
Lunch in Burewala,Expense,2001.0,Food & Groceries,deterministic_rule,high,deterministic_rule
"Lunch of 5 days
",Expense,2001.0,Food & Groceries,deterministic_rule,high,deterministic_rule
Lunch office...,Expense,2001.0,Food & Groceries,deterministic_rule,high,deterministic_rule
Lunch outosde office ,Expense,2001.0,Food & Groceries,deterministic_rule,high,deterministic_rule
Lunch prv saturday,Expense,2001.0,Food & Groceries,deterministic_rule,high,deterministic_rule
Lunch sherry me and muqeet,Expense,2001.0,Food & Groceries,deterministic_rule,high,deterministic_rule
Lunch with Abdullah Khan,Expense,2001.0,Food & Groceries,deterministic_rule,high,deterministic_rule
Lunch with Nauman,Expense,2001.0,Food & Groceries,deterministic_rule,high,deterministic_rule
Lunch with USMAN ,Expense,2001.0,Food & Groceries,deterministic_rule,high,deterministic_rule
Lunch with team at Sailors. ,Expense,2001.0,Food & Groceries,deterministic_rule,high,deterministic_rule
Lunch with wife,Expense,2001.0,Food & Groceries,deterministic_rule,high,deterministic_rule
"Lunch, Tehtarik paid by jawvad",Expense,2001.0,Food & Groceries,deterministic_rule,high,deterministic_rule
Lunch... Chapati +mangos ,Expense,2001.0,Food & Groceries,deterministic_rule,high,deterministic_rule
Lunch@Akshyardham,Expense,2001.0,Food & Groceries,deterministic_rule,high,deterministic_rule
M. Qasim grocery,Expense,2001.0,Food & Groceries,deterministic_rule,high,deterministic_rule
MILK 1.5 Litre,Expense,2001.0,Food & Groceries,deterministic_rule,high,deterministic_rule
Maaz milk powder,Expense,2001.0,Food & Groceries,deterministic_rule,high,deterministic_rule
Macdonald milk shake,Expense,2001.0,Food & Groceries,deterministic_rule,high,deterministic_rule
Mad cheese pizza,Expense,2001.0,Food & Groceries,deterministic_rule,high,deterministic_rule
Malmo Fruit Cake,Expense,2001.0,Food & Groceries,deterministic_rule,high,deterministic_rule
Mama paid back for groceries ,Income,2001.0,Food & Groceries,deterministic_rule,high,deterministic_rule
Mammas pizza,Expense,2001.0,Food & Groceries,deterministic_rule,high,deterministic_rule
Mamu Biryani @ Home.,Expense,2001.0,Food & Groceries,deterministic_rule,high,deterministic_rule
Manchester Grocery,Expense,2001.0,Food & Groceries,deterministic_rule,high,deterministic_rule
Mango + Banana,Expense,2001.0,Food & Groceries,deterministic_rule,high,deterministic_rule
Mango 5.5 Kg,Expense,2001.0,Food & Groceries,deterministic_rule,high,deterministic_rule
Mango Avogadro watermelon ,Expense,2001.0,Food & Groceries,deterministic_rule,high,deterministic_rule
"Mango Juice
",Expense,2001.0,Food & Groceries,deterministic_rule,high,deterministic_rule
Mango Milk shake,Expense,2001.0,Food & Groceries,deterministic_rule,high,deterministic_rule
Mango Shakes 2,Expense,2001.0,Food & Groceries,deterministic_rule,high,deterministic_rule
Mango and Banana,Expense,2001.0,Food & Groceries,deterministic_rule,high,deterministic_rule
Mango banana mewa watermelon,Expense,2001.0,Food & Groceries,deterministic_rule,high,deterministic_rule
Mango from Imtiaz  2 kg,Expense,2001.0,Food & Groceries,deterministic_rule,high,deterministic_rule
Mango g10,Expense,2001.0,Food & Groceries,deterministic_rule,high,deterministic_rule
Mango harivanga 2kg,Expense,2001.0,Food & Groceries,deterministic_rule,high,deterministic_rule
Mango including for Aama ,Expense,2001.0,Food & Groceries,deterministic_rule,high,deterministic_rule
Mango kera papaya watermelon,Expense,2001.0,Food & Groceries,deterministic_rule,high,deterministic_rule
Mango kera watermelon,Expense,2001.0,Food & Groceries,deterministic_rule,high,deterministic_rule
Mango milkshake,Expense,2001.0,Food & Groceries,deterministic_rule,high,deterministic_rule
Mango n Plums,Expense,2001.0,Food & Groceries,deterministic_rule,high,deterministic_rule
Mango n kera,Expense,2001.0,Food & Groceries,deterministic_rule,high,deterministic_rule
Mango shake at University ,Expense,2001.0,Food & Groceries,deterministic_rule,high,deterministic_rule
Mango watermelon Mewa,Expense,2001.0,Food & Groceries,deterministic_rule,high,deterministic_rule
Mango watermelon n mewa,Expense,2001.0,Food & Groceries,deterministic_rule,high,deterministic_rule
Mango's Peti (1)... 2 peti shift in june 22 (2000),Expense,2001.0,Food & Groceries,deterministic_rule,high,deterministic_rule
Mango's Peti (2),Expense,2001.0,Food & Groceries,deterministic_rule,high,deterministic_rule
"Mango, icecream",Expense,2001.0,Food & Groceries,deterministic_rule,high,deterministic_rule
"Mango,Banana",Expense,2001.0,Food & Groceries,deterministic_rule,high,deterministic_rule
Mangoes,Expense,2001.0,Food & Groceries,deterministic_rule,high,deterministic_rule
Mangoes - Khu,Expense,2001.0,Food & Groceries,deterministic_rule,high,deterministic_rule
Mangoes 5 Kg @ 100,Expense,2001.0,Food & Groceries,deterministic_rule,high,deterministic_rule
Mangoes Fruit ,Expense,2001.0,Food & Groceries,deterministic_rule,high,deterministic_rule
Mangoes and Honey Dew Melon,Expense,2001.0,Food & Groceries,deterministic_rule,high,deterministic_rule
Mangoes delivery ,Expense,2001.0,Food & Groceries,deterministic_rule,high,deterministic_rule
Mangoes for Jaffar bhai,Expense,2001.0,Food & Groceries,deterministic_rule,high,deterministic_rule
Mangoes from Mamu G Shop and Gurr,Expense,2001.0,Food & Groceries,deterministic_rule,high,deterministic_rule
Mangoes purchase,Expense,2001.0,Food & Groceries,deterministic_rule,high,deterministic_rule
"Mangoes, Banana etc ",Expense,2001.0,Food & Groceries,deterministic_rule,high,deterministic_rule
Mangoes.,Expense,2001.0,Food & Groceries,deterministic_rule,high,deterministic_rule
Mangos/ Sweet,Expense,2001.0,Food & Groceries,deterministic_rule,high,deterministic_rule
MaxBachat Grocery,Expense,2001.0,Food & Groceries,deterministic_rule,high,deterministic_rule
Mc donalds Breakfast for Kids,Expense,2001.0,Food & Groceries,deterministic_rule,high,deterministic_rule
McDonald with Hemana,Expense,2001.0,Food & Groceries,deterministic_rule,high,deterministic_rule
McDonald's with Noran,Expense,2001.0,Food & Groceries,deterministic_rule,high,deterministic_rule
McDonald’s Tahreem Imaan,Expense,2001.0,Food & Groceries,deterministic_rule,high,deterministic_rule
Mcdonald at Bahrain Airport ,Expense,2001.0,Food & Groceries,deterministic_rule,high,deterministic_rule
Mcdonalds Cone,Expense,2001.0,Food & Groceries,deterministic_rule,high,deterministic_rule
Meat /  breakfast,Expense,2001.0,Food & Groceries,deterministic_rule,high,deterministic_rule
"Meat,  Mangoes, breakfast ",Expense,2001.0,Food & Groceries,deterministic_rule,high,deterministic_rule
Meat.. Chic.. Fruit,Expense,2001.0,Food & Groceries,deterministic_rule,high,deterministic_rule
Meer Pizza,Expense,2001.0,Food & Groceries,deterministic_rule,high,deterministic_rule
"Mehvi for groceries
Flour, sugar etc",Expense,2001.0,Food & Groceries,deterministic_rule,high,deterministic_rule
Mess Food,Expense,2001.0,Food & Groceries,deterministic_rule,high,deterministic_rule
Mewa watermelon Mango,Expense,2001.0,Food & Groceries,deterministic_rule,high,deterministic_rule
"Mexican Sandwish, Pizza Fries",Expense,2001.0,Food & Groceries,deterministic_rule,high,deterministic_rule
Milk & 6 eggs,Expense,2001.0,Food & Groceries,deterministic_rule,high,deterministic_rule
Milk & Bananas,Expense,2001.0,Food & Groceries,deterministic_rule,high,deterministic_rule
Milk & Bread,Expense,2001.0,Food & Groceries,deterministic_rule,high,deterministic_rule
Milk & Mangoes,Expense,2001.0,Food & Groceries,deterministic_rule,high,deterministic_rule
Milk & Water,Expense,2001.0,Food & Groceries,deterministic_rule,high,deterministic_rule
Milk & Yoqurt from Rajput Milk Shop,Expense,2001.0,Food & Groceries,deterministic_rule,high,deterministic_rule
Milk + Bread + Eggs + Sabzi,Expense,2001.0,Food & Groceries,deterministic_rule,high,deterministic_rule
Milk + Tea,Expense,2001.0,Food & Groceries,deterministic_rule,high,deterministic_rule
Milk 15days,Expense,2001.0,Food & Groceries,deterministic_rule,high,deterministic_rule
Milk Biryani Masala Red Chilli Color,Expense,2001.0,Food & Groceries,deterministic_rule,high,deterministic_rule
Milk Bread,Expense,2001.0,Food & Groceries,deterministic_rule,high,deterministic_rule
Milk Charges 1th to 15th June,Expense,2001.0,Food & Groceries,deterministic_rule,high,deterministic_rule
Milk Jul 2020,Expense,2001.0,Food & Groceries,deterministic_rule,high,deterministic_rule
Milk Jun'19,Expense,2001.0,Food & Groceries,deterministic_rule,high,deterministic_rule
Milk June 19,Expense,2001.0,Food & Groceries,deterministic_rule,high,deterministic_rule
Milk Mangoes,Expense,2001.0,Food & Groceries,deterministic_rule,high,deterministic_rule
Milk Monthly Bill 1650,Expense,2001.0,Food & Groceries,deterministic_rule,high,deterministic_rule
Milk Monthly Payment,Expense,2001.0,Food & Groceries,deterministic_rule,high,deterministic_rule
Milk Packs,Expense,2001.0,Food & Groceries,deterministic_rule,high,deterministic_rule
Milk Tapeeli,Expense,2001.0,Food & Groceries,deterministic_rule,high,deterministic_rule
Milk and Cake etc,Expense,2001.0,Food & Groceries,deterministic_rule,high,deterministic_rule
Milk and Dhai,Expense,2001.0,Food & Groceries,deterministic_rule,high,deterministic_rule
Milk and Rotian,Expense,2001.0,Food & Groceries,deterministic_rule,high,deterministic_rule
Milk and Shawarma,Expense,2001.0,Food & Groceries,deterministic_rule,high,deterministic_rule
Milk and Snacks ,Expense,2001.0,Food & Groceries,deterministic_rule,high,deterministic_rule
Milk and baraf,Expense,2001.0,Food & Groceries,deterministic_rule,high,deterministic_rule
Milk bill 2 months,Expense,2001.0,Food & Groceries,deterministic_rule,high,deterministic_rule
Milk biscuit Jhilimili,Expense,2001.0,Food & Groceries,deterministic_rule,high,deterministic_rule
Milk candies ,Expense,2001.0,Food & Groceries,deterministic_rule,high,deterministic_rule
Milk charges office June 19,Expense,2001.0,Food & Groceries,deterministic_rule,high,deterministic_rule
Milk for Bhadra ,Expense,2001.0,Food & Groceries,deterministic_rule,high,deterministic_rule
Milk for ami n abu,Expense,2001.0,Food & Groceries,deterministic_rule,high,deterministic_rule
Milk for month of Magh,Expense,2001.0,Food & Groceries,deterministic_rule,high,deterministic_rule
Milk for month of Pus ,Expense,2001.0,Food & Groceries,deterministic_rule,high,deterministic_rule
Milk for poridge ,Expense,2001.0,Food & Groceries,deterministic_rule,high,deterministic_rule
Milk n Plum,Expense,2001.0,Food & Groceries,deterministic_rule,high,deterministic_rule
Milk n nipple,Expense,2001.0,Food & Groceries,deterministic_rule,high,deterministic_rule
Milk shake + Snacks,Expense,2001.0,Food & Groceries,deterministic_rule,high,deterministic_rule
Milk subscription ,Expense,2001.0,Food & Groceries,deterministic_rule,high,deterministic_rule
"Milk, ",Expense,2001.0,Food & Groceries,deterministic_rule,high,deterministic_rule
"Milk, Banana, Biscuits",Expense,2001.0,Food & Groceries,deterministic_rule,high,deterministic_rule
"Milk, Green onions",Expense,2001.0,Food & Groceries,deterministic_rule,high,deterministic_rule
"Milk, Mangoes",Expense,2001.0,Food & Groceries,deterministic_rule,high,deterministic_rule
"Milk, Sabzi, Yogurt",Expense,2001.0,Food & Groceries,deterministic_rule,high,deterministic_rule
"Milk, biscuits patees",Expense,2001.0,Food & Groceries,deterministic_rule,high,deterministic_rule
"Milk, etc.",Expense,2001.0,Food & Groceries,deterministic_rule,high,deterministic_rule
"Milk, goramari, biscuits ",Expense,2001.0,Food & Groceries,deterministic_rule,high,deterministic_rule
"Milk, yogurt and eggs from MashaAllah Milk Center. ",Expense,2001.0,Food & Groceries,deterministic_rule,high,deterministic_rule
"Milk,Kaam wali",Expense,2001.0,Food & Groceries,deterministic_rule,high,deterministic_rule
"Milk-20
Banana 2 ta-20",Expense,2001.0,Food & Groceries,deterministic_rule,high,deterministic_rule
"Milk-20 
Nusco, Brown bread, bonbons 2 ta-360",Expense,2001.0,Food & Groceries,deterministic_rule,high,deterministic_rule
"Milk. Naan. Ice cream li
",Expense,2001.0,Food & Groceries,deterministic_rule,high,deterministic_rule
Milk/Dai/Burger Bun,Expense,2001.0,Food & Groceries,deterministic_rule,high,deterministic_rule
Milkpack and pakola milk,Expense,2001.0,Food & Groceries,deterministic_rule,high,deterministic_rule
Milkpak Cream,Expense,2001.0,Food & Groceries,deterministic_rule,high,deterministic_rule
Milkshake Burger,Expense,2001.0,Food & Groceries,deterministic_rule,high,deterministic_rule
Minahil pizza for college,Expense,2001.0,Food & Groceries,deterministic_rule,high,deterministic_rule
Mint Juice Karim Block,Expense,2001.0,Food & Groceries,deterministic_rule,high,deterministic_rule
Mishti doi 250 gm n 2 roti,Expense,2001.0,Food & Groceries,deterministic_rule,high,deterministic_rule
Mix Vegetables,Expense,2001.0,Food & Groceries,deterministic_rule,high,deterministic_rule
Momin's Powder Milk,Expense,2001.0,Food & Groceries,deterministic_rule,high,deterministic_rule
Momo n pizza from Yesu Cheliko chulo ,Expense,2001.0,Food & Groceries,deterministic_rule,high,deterministic_rule
Monthly Groceries Difference,Expense,2001.0,Food & Groceries,deterministic_rule,high,deterministic_rule
Monthly Grocery Contribution,Expense,2001.0,Food & Groceries,deterministic_rule,high,deterministic_rule
Monthly Grocery from Carrefour,Expense,2001.0,Food & Groceries,deterministic_rule,high,deterministic_rule
Monthly bill of Milk,Expense,2001.0,Food & Groceries,deterministic_rule,high,deterministic_rule
Monthly grocery bill 1,Expense,2001.0,Food & Groceries,deterministic_rule,high,deterministic_rule
Monthly grocery qeema aata payment to Afnan ammi,Expense,2001.0,Food & Groceries,deterministic_rule,high,deterministic_rule
Monthly household and grocery,Expense,2001.0,Food & Groceries,deterministic_rule,high,deterministic_rule
Monthly milkman payment,Expense,2001.0,Food & Groceries,deterministic_rule,high,deterministic_rule
Morning Tea,Expense,2001.0,Food & Groceries,deterministic_rule,high,deterministic_rule
Motorcycle Tyre Tube Chain set ,Expense,2001.0,Food & Groceries,deterministic_rule,high,deterministic_rule
Munam.. Cafe karte ,Expense,2001.0,Food & Groceries,deterministic_rule,high,deterministic_rule
Mutton Sabzi Zari med Tests etc,Expense,2001.0,Food & Groceries,deterministic_rule,high,deterministic_rule
Muzaffarabad Dinner plus eating out,Expense,2001.0,Food & Groceries,deterministic_rule,high,deterministic_rule
NAN 2 milk ,Expense,2001.0,Food & Groceries,deterministic_rule,high,deterministic_rule
NIC Cafe,Expense,2001.0,Food & Groceries,deterministic_rule,high,deterministic_rule
NIC Cafe tea,Expense,2001.0,Food & Groceries,deterministic_rule,high,deterministic_rule
Naan + Sabzi,Expense,2001.0,Food & Groceries,deterministic_rule,high,deterministic_rule
Naan For breakfast and lunch,Expense,2001.0,Food & Groceries,deterministic_rule,high,deterministic_rule
Naan Haleem Office Lunch ,Expense,2001.0,Food & Groceries,deterministic_rule,high,deterministic_rule
Naeem Bhai for milk,Expense,2001.0,Food & Groceries,deterministic_rule,high,deterministic_rule
Naeem Friday lunch,Expense,2001.0,Food & Groceries,deterministic_rule,high,deterministic_rule
Naf lunch,Expense,2001.0,Food & Groceries,deterministic_rule,high,deterministic_rule
Najeeb RupaMari restaurant cash bill 21 inch lcd or 4 cameras ma,Income,2001.0,Food & Groceries,deterministic_rule,high,deterministic_rule
"Nalli Biryani, Soban and Talha",Expense,2001.0,Food & Groceries,deterministic_rule,high,deterministic_rule
Nandos Birthday Dinner,Expense,2001.0,Food & Groceries,deterministic_rule,high,deterministic_rule
Naseeb Biryani ,Expense,2001.0,Food & Groceries,deterministic_rule,high,deterministic_rule
Nash ya and roti,Expense,2001.0,Food & Groceries,deterministic_rule,high,deterministic_rule
Nashta + Mithaayi Luton,Expense,2001.0,Food & Groceries,deterministic_rule,high,deterministic_rule
Nashta Faraz,Expense,2001.0,Food & Groceries,deterministic_rule,high,deterministic_rule
Nashta at jheel saif ul malook,Expense,2001.0,Food & Groceries,deterministic_rule,high,deterministic_rule
Nashta during rain ,Expense,2001.0,Food & Groceries,deterministic_rule,high,deterministic_rule
Nashta for guests,Expense,2001.0,Food & Groceries,deterministic_rule,high,deterministic_rule
Nashta with abdullah,Expense,2001.0,Food & Groceries,deterministic_rule,high,deterministic_rule
Nashta with begum,Expense,2001.0,Food & Groceries,deterministic_rule,high,deterministic_rule
Nashta with kanza. Ameen chanay wala ,Expense,2001.0,Food & Groceries,deterministic_rule,high,deterministic_rule
"Nashta, sabzi, murgi, etc. ",Expense,2001.0,Food & Groceries,deterministic_rule,high,deterministic_rule
Nasira 1000 fruit,Expense,2001.0,Food & Groceries,deterministic_rule,high,deterministic_rule
Naveeda gifted for grocery,Income,2001.0,Food & Groceries,deterministic_rule,high,deterministic_rule
Nawab Lunch,Expense,2001.0,Food & Groceries,deterministic_rule,high,deterministic_rule
"Nayel lunch box, bag
Hania Frock ",Expense,2001.0,Food & Groceries,deterministic_rule,high,deterministic_rule
Nazir food,Expense,2001.0,Food & Groceries,deterministic_rule,high,deterministic_rule
Ncb milk etc,Expense,2001.0,Food & Groceries,deterministic_rule,high,deterministic_rule
Nestle Juices,Expense,2001.0,Food & Groceries,deterministic_rule,high,deterministic_rule
"Nimco, cake and FruitaVitals for Wasif TSG in my office",Expense,2001.0,Food & Groceries,deterministic_rule,high,deterministic_rule
Nimra's Birthday Cake,Expense,2001.0,Food & Groceries,deterministic_rule,high,deterministic_rule
Nishesh b'day cake,Expense,2001.0,Food & Groceries,deterministic_rule,high,deterministic_rule
Noor bakery ,Expense,2001.0,Food & Groceries,deterministic_rule,high,deterministic_rule
OMG lunch,Expense,2001.0,Food & Groceries,deterministic_rule,high,deterministic_rule
Office Rotiya,Expense,2001.0,Food & Groceries,deterministic_rule,high,deterministic_rule
Office Tea Setup,Expense,2001.0,Food & Groceries,deterministic_rule,high,deterministic_rule
Office lunch and Supari,Expense,2001.0,Food & Groceries,deterministic_rule,high,deterministic_rule
Office tea,Expense,2001.0,Food & Groceries,deterministic_rule,high,deterministic_rule
Official Lunch,Expense,2001.0,Food & Groceries,deterministic_rule,high,deterministic_rule
"Oil,eggs,Tmatr",Expense,2001.0,Food & Groceries,deterministic_rule,high,deterministic_rule
Olper and bread,Expense,2001.0,Food & Groceries,deterministic_rule,high,deterministic_rule
Olper juice,Expense,2001.0,Food & Groceries,deterministic_rule,high,deterministic_rule
Olpers milk,Expense,2001.0,Food & Groceries,deterministic_rule,high,deterministic_rule
Osama farewell cafe imran,Expense,2001.0,Food & Groceries,deterministic_rule,high,deterministic_rule
Outing & food,Expense,2001.0,Food & Groceries,deterministic_rule,high,deterministic_rule
"PS, Cafeteria",Expense,2001.0,Food & Groceries,deterministic_rule,high,deterministic_rule
Pads plus mango,Expense,2001.0,Food & Groceries,deterministic_rule,high,deterministic_rule
Paid To Shahzad For Mangoes and Loan,Expense,2001.0,Food & Groceries,deterministic_rule,high,deterministic_rule
Paid for Mangoes to Asad Hx,Expense,2001.0,Food & Groceries,deterministic_rule,high,deterministic_rule
Paid for donuts del frio for the team. Expecting sidra to return. ,Expense,2001.0,Food & Groceries,deterministic_rule,high,deterministic_rule
Pakola milk,Expense,2001.0,Food & Groceries,deterministic_rule,high,deterministic_rule
Pampers grocery ,Expense,2001.0,Food & Groceries,deterministic_rule,high,deterministic_rule
Pan & Juice ,Expense,2001.0,Food & Groceries,deterministic_rule,high,deterministic_rule
Papa sent 50000 Kharcha & 26500 for Gold Chain and Suit Afroze Daughter,Income,2001.0,Food & Groceries,deterministic_rule,high,deterministic_rule
Paratha Channay Chai ,Expense,2001.0,Food & Groceries,deterministic_rule,high,deterministic_rule
Paratha for breakfast,Expense,2001.0,Food & Groceries,deterministic_rule,high,deterministic_rule
Parking + Roti,Expense,2001.0,Food & Groceries,deterministic_rule,high,deterministic_rule
Parking Foods Inn,Expense,2001.0,Food & Groceries,deterministic_rule,high,deterministic_rule
"Pastery, biscuits, salad and juice ",Expense,2001.0,Food & Groceries,deterministic_rule,high,deterministic_rule
Patel vegetables ,Expense,2001.0,Food & Groceries,deterministic_rule,high,deterministic_rule
Pavilion cafe,Transfer,2001.0,Food & Groceries,deterministic_rule,high,deterministic_rule
Payable to Sundas for Kabul Restaurant ,Transfer,2001.0,Food & Groceries,deterministic_rule,high,deterministic_rule
Payment to organic farm for vegetables,Expense,2001.0,Food & Groceries,deterministic_rule,high,deterministic_rule
Peach Tea,Expense,2001.0,Food & Groceries,deterministic_rule,high,deterministic_rule
Phalsa Juices with Papa,Expense,2001.0,Food & Groceries,deterministic_rule,high,deterministic_rule
Phulgaran Food Expenses,Expense,2001.0,Food & Groceries,deterministic_rule,high,deterministic_rule
"Pioneer with Ali and Arif,  Adil bakery biscuits",Expense,2001.0,Food & Groceries,deterministic_rule,high,deterministic_rule
Pizza  mom,Expense,2001.0,Food & Groceries,deterministic_rule,high,deterministic_rule
Pizza - Aiman Fahad,Expense,2001.0,Food & Groceries,deterministic_rule,high,deterministic_rule
Pizza DHA,Expense,2001.0,Food & Groceries,deterministic_rule,high,deterministic_rule
Pizza Express,Expense,2001.0,Food & Groceries,approved_mapping,very_high,approved_mapping
Pizza Fries - OPTP,Expense,2001.0,Food & Groceries,deterministic_rule,high,deterministic_rule
Pizza Hut & Mango Shake,Expense,2001.0,Food & Groceries,deterministic_rule,high,deterministic_rule
Pizza Hut at Office,Expense,2001.0,Food & Groceries,deterministic_rule,high,deterministic_rule
"Pizza Hut, 3 pizza for home for itfar from guriya g ",Expense,2001.0,Food & Groceries,deterministic_rule,high,deterministic_rule
Pizza Hutt,Expense,2001.0,Food & Groceries,deterministic_rule,high,deterministic_rule
Pizza Mamu Kala,Expense,2001.0,Food & Groceries,deterministic_rule,high,deterministic_rule
Pizza Nova,Expense,2001.0,Food & Groceries,deterministic_rule,high,deterministic_rule
Pizza Share for Family Murree Tour,Expense,2001.0,Food & Groceries,deterministic_rule,high,deterministic_rule
Pizza Shawarma Shake,Expense,2001.0,Food & Groceries,deterministic_rule,high,deterministic_rule
Pizza and drinks,Expense,2001.0,Food & Groceries,deterministic_rule,high,deterministic_rule
Pizza at Stone Ove,Expense,2001.0,Food & Groceries,deterministic_rule,high,deterministic_rule
Pizza deal...,Expense,2001.0,Food & Groceries,deterministic_rule,high,deterministic_rule
Pizza for Susraal n bottle for friends,Expense,2001.0,Food & Groceries,deterministic_rule,high,deterministic_rule
Pizza hut,Expense,2001.0,Food & Groceries,deterministic_rule,high,deterministic_rule
Pizza jalal son,Expense,2001.0,Food & Groceries,deterministic_rule,high,deterministic_rule
Pizza khaya,Expense,2001.0,Food & Groceries,deterministic_rule,high,deterministic_rule
Pizza power and dinner night,Expense,2001.0,Food & Groceries,deterministic_rule,high,deterministic_rule
Pizza with Ammi Jan,Expense,2001.0,Food & Groceries,deterministic_rule,high,deterministic_rule
Pizza with Qasim bahi ,Expense,2001.0,Food & Groceries,deterministic_rule,high,deterministic_rule
PizzaPoint Foodpanda from my jazz numb,Expense,2001.0,Food & Groceries,deterministic_rule,high,deterministic_rule
Power market grocery ,Expense,2001.0,Food & Groceries,deterministic_rule,high,deterministic_rule
Pranzoo food ,Expense,2001.0,Food & Groceries,deterministic_rule,high,deterministic_rule
Printing nes vita juice chicken petty and chicken tikka stick,Expense,2001.0,Food & Groceries,deterministic_rule,high,deterministic_rule
Pulao for dinner ,Expense,2001.0,Food & Groceries,deterministic_rule,high,deterministic_rule
Purchase Fruits ,Expense,2001.0,Food & Groceries,deterministic_rule,high,deterministic_rule
Qadar Fruit ,Expense,2001.0,Food & Groceries,deterministic_rule,high,deterministic_rule
"Qaria, water, milk for May 2019",Expense,2001.0,Food & Groceries,deterministic_rule,high,deterministic_rule
Qeemo for dinner,Expense,2001.0,Food & Groceries,deterministic_rule,high,deterministic_rule
"Quetta tea, I-10 Markaz. two cup of tea. me and rehan",Expense,2001.0,Food & Groceries,deterministic_rule,high,deterministic_rule
RAHIM Anwar nashta ,Expense,2001.0,Food & Groceries,deterministic_rule,high,deterministic_rule
ROTI KHAI,Expense,2001.0,Food & Groceries,deterministic_rule,high,deterministic_rule
Raees standard biryani,Expense,2001.0,Food & Groceries,deterministic_rule,high,deterministic_rule
Rafay Birthday Pizza,Expense,2001.0,Food & Groceries,deterministic_rule,high,deterministic_rule
Rahat bakery,Expense,2001.0,Food & Groceries,deterministic_rule,high,deterministic_rule
Rahat bakery chakwal ,Expense,2001.0,Food & Groceries,deterministic_rule,high,deterministic_rule
Razor and eggs,Expense,2001.0,Food & Groceries,deterministic_rule,high,deterministic_rule
Razzaq and office food,Expense,2001.0,Food & Groceries,deterministic_rule,high,deterministic_rule
Receivable against Grocery from Pakeezah,Transfer,2001.0,Food & Groceries,deterministic_rule,high,deterministic_rule
Receivable against MYGTC food till 13 july 2019,Transfer,2001.0,Food & Groceries,deterministic_rule,high,deterministic_rule
Received against food expenses,Transfer,2001.0,Food & Groceries,deterministic_rule,high,deterministic_rule
Recharge chain singh pay re ,Expense,2001.0,Food & Groceries,deterministic_rule,high,deterministic_rule
Repair juicer machine,Expense,2001.0,Food & Groceries,deterministic_rule,high,deterministic_rule
Return to Zia for 28th June's Lunch.,Expense,2001.0,Food & Groceries,deterministic_rule,high,deterministic_rule
"Returned by Laila, contribution for Sidra farewell dinner. ",Income,2001.0,Food & Groceries,deterministic_rule,high,deterministic_rule
Rice Milk Eggs,Expense,2001.0,Food & Groceries,deterministic_rule,high,deterministic_rule
Riyan Teacher ,Expense,2001.0,Food & Groceries,deterministic_rule,high,deterministic_rule
Rohaan Milk,Expense,2001.0,Food & Groceries,deterministic_rule,high,deterministic_rule
Room Grocery,Expense,2001.0,Food & Groceries,deterministic_rule,high,deterministic_rule
Roti (3) chewing gum (2),Expense,2001.0,Food & Groceries,deterministic_rule,high,deterministic_rule
Roti and cold drink ,Expense,2001.0,Food & Groceries,deterministic_rule,high,deterministic_rule
Roti etc Ana,Expense,2001.0,Food & Groceries,deterministic_rule,high,deterministic_rule
Roti fm Punjab Restaurant ,Expense,2001.0,Food & Groceries,deterministic_rule,high,deterministic_rule
Roti for Hamza,Expense,2001.0,Food & Groceries,deterministic_rule,high,deterministic_rule
Roti for Office lunch,Expense,2001.0,Food & Groceries,deterministic_rule,high,deterministic_rule
Roti in bhurban,Expense,2001.0,Food & Groceries,deterministic_rule,high,deterministic_rule
Roti n Bread,Expense,2001.0,Food & Groceries,deterministic_rule,high,deterministic_rule
Roti salan from shaheen,Expense,2001.0,Food & Groceries,deterministic_rule,high,deterministic_rule
Roti x 6,Expense,2001.0,Food & Groceries,deterministic_rule,high,deterministic_rule
Roti yogurt and daal,Expense,2001.0,Food & Groceries,deterministic_rule,high,deterministic_rule
"Roti, biscuits",Expense,2001.0,Food & Groceries,deterministic_rule,high,deterministic_rule
Roti. ,Expense,2001.0,Food & Groceries,deterministic_rule,high,deterministic_rule
Roti. Samosa. Tea,Expense,2001.0,Food & Groceries,deterministic_rule,high,deterministic_rule
Rotiyan and ice cream ,Expense,2001.0,Food & Groceries,deterministic_rule,high,deterministic_rule
Rotiyan at ghazala khala home,Expense,2001.0,Food & Groceries,deterministic_rule,high,deterministic_rule
Rupamari tea point pole 8 camera sensor repair cash bill ,Income,2001.0,Food & Groceries,deterministic_rule,high,deterministic_rule
"Rusk, Milk, Fruit",Expense,2001.0,Food & Groceries,deterministic_rule,high,deterministic_rule
SPAR - Mango,Expense,2001.0,Food & Groceries,deterministic_rule,high,deterministic_rule
Saadeddin cake,Expense,2001.0,Food & Groceries,deterministic_rule,high,deterministic_rule
Sabzi + Snacks,Expense,2001.0,Food & Groceries,deterministic_rule,high,deterministic_rule
Sabzi Meat etc,Expense,2001.0,Food & Groceries,deterministic_rule,high,deterministic_rule
Sabzi and Dahi,Expense,2001.0,Food & Groceries,deterministic_rule,high,deterministic_rule
Sabzi and Ghost,Transfer,2001.0,Food & Groceries,deterministic_rule,high,deterministic_rule
Sabzi and fruit ,Expense,2001.0,Food & Groceries,deterministic_rule,high,deterministic_rule
Sabzi n Yogurt,Expense,2001.0,Food & Groceries,deterministic_rule,high,deterministic_rule
Sabzi n mirchain,Expense,2001.0,Food & Groceries,deterministic_rule,high,deterministic_rule
Sabzi qeema etc,Expense,2001.0,Food & Groceries,deterministic_rule,high,deterministic_rule
Sabzi waly ko diye. phely dena Bohol gaya tha ,Expense,2001.0,Food & Groceries,deterministic_rule,high,deterministic_rule
"Sabzi, chicken, khajor, shaper",Expense,2001.0,Food & Groceries,deterministic_rule,high,deterministic_rule
Sabziii,Expense,2001.0,Food & Groceries,deterministic_rule,high,deterministic_rule
Sabziyan,Expense,2001.0,Food & Groceries,deterministic_rule,high,deterministic_rule
Saeed Super Store Surf Tea Tea Bags Office Biscuits ets,Expense,2001.0,Food & Groceries,deterministic_rule,high,deterministic_rule
Sallar's juice,Expense,2001.0,Food & Groceries,deterministic_rule,high,deterministic_rule
Sami's dinner with khizzer,Expense,2001.0,Food & Groceries,deterministic_rule,high,deterministic_rule
Samosa Tea and 7up,Expense,2001.0,Food & Groceries,deterministic_rule,high,deterministic_rule
Sanjay dinner,Expense,2001.0,Food & Groceries,deterministic_rule,high,deterministic_rule
Sara teath medic,Expense,2001.0,Food & Groceries,deterministic_rule,high,deterministic_rule
Sarmad Snacks,Expense,2001.0,Food & Groceries,deterministic_rule,high,deterministic_rule
Sarmad Snooker + Snacks,Expense,2001.0,Food & Groceries,deterministic_rule,high,deterministic_rule
Savers Grocery,Expense,2001.0,Food & Groceries,deterministic_rule,high,deterministic_rule
Sbzi rotiyan andey papey dhud,Expense,2001.0,Food & Groceries,deterministic_rule,high,deterministic_rule
Seal n food n file,Expense,2001.0,Food & Groceries,deterministic_rule,high,deterministic_rule
Seekh kabab (fyza hammad) dinner,Expense,2001.0,Food & Groceries,deterministic_rule,high,deterministic_rule
Sesame chicken,Expense,2001.0,Food & Groceries,deterministic_rule,high,deterministic_rule
Shabnoor biryani,Expense,2001.0,Food & Groceries,deterministic_rule,high,deterministic_rule
Shahzad Biryani,Expense,2001.0,Food & Groceries,deterministic_rule,high,deterministic_rule
Shaiza grocery,Expense,2001.0,Food & Groceries,deterministic_rule,high,deterministic_rule
Shake from foodies and dew,Expense,2001.0,Food & Groceries,deterministic_rule,high,deterministic_rule
Sharaf Teacher,Expense,2001.0,Food & Groceries,deterministic_rule,high,deterministic_rule
"Shave n cutting 350
fruit Salad 470
Dahi bhalay 120
Ketchup Tissues kali mirch namak 600
",Expense,2001.0,Food & Groceries,deterministic_rule,high,deterministic_rule
"Shawarma, Pepsi Black, Juice
",Expense,2001.0,Food & Groceries,deterministic_rule,high,deterministic_rule
"Shezan bakery, office...",Expense,2001.0,Food & Groceries,deterministic_rule,high,deterministic_rule
Shufi's Dinner,Expense,2001.0,Food & Groceries,deterministic_rule,high,deterministic_rule
"Shuja dinner
",Expense,2001.0,Food & Groceries,deterministic_rule,high,deterministic_rule
Sidra farewell lunch at Bruno's. 200rs tip. ,Expense,2001.0,Food & Groceries,deterministic_rule,high,deterministic_rule
Skim Milk,Expense,2001.0,Food & Groceries,deterministic_rule,high,deterministic_rule
"Smosay, koftay, cake, etc ",Expense,2001.0,Food & Groceries,deterministic_rule,high,deterministic_rule
Snacks ,Expense,2001.0,Food & Groceries,deterministic_rule,high,deterministic_rule
Snacks @ Mediciti,Expense,2001.0,Food & Groceries,deterministic_rule,high,deterministic_rule
Snacks at Sial more,Expense,2001.0,Food & Groceries,deterministic_rule,high,deterministic_rule
Snacks for kids from college canteen.,Expense,2001.0,Food & Groceries,deterministic_rule,high,deterministic_rule
Snacks for kids.,Expense,2001.0,Food & Groceries,deterministic_rule,high,deterministic_rule
Snacks from Blue ribbon.,Expense,2001.0,Food & Groceries,deterministic_rule,high,deterministic_rule
Snocker My Pizza,Expense,2001.0,Food & Groceries,deterministic_rule,high,deterministic_rule
Special Olympics food,Expense,2001.0,Food & Groceries,deterministic_rule,high,deterministic_rule
Spicy chicken,Expense,2001.0,Food & Groceries,deterministic_rule,high,deterministic_rule
Steak House,Expense,2001.0,Food & Groceries,deterministic_rule,high,deterministic_rule
Strawberry Juice at IoBM,Expense,2001.0,Food & Groceries,deterministic_rule,high,deterministic_rule
Stuff for dinner,Expense,2001.0,Food & Groceries,deterministic_rule,high,deterministic_rule
Subha ka nashta ,Expense,2001.0,Food & Groceries,deterministic_rule,high,deterministic_rule
Subway & 2 coke. ,Expense,2001.0,Food & Groceries,deterministic_rule,high,deterministic_rule
Subway office,Expense,2001.0,Food & Groceries,deterministic_rule,high,deterministic_rule
Subway shawarma tea cafe ,Expense,2001.0,Food & Groceries,deterministic_rule,high,deterministic_rule
Sunblock bread,Expense,2001.0,Food & Groceries,deterministic_rule,high,deterministic_rule
Sundal and Juice,Expense,2001.0,Food & Groceries,deterministic_rule,high,deterministic_rule
Sunday Diner koel cafe,Expense,2001.0,Food & Groceries,deterministic_rule,high,deterministic_rule
Sweet Youghart Milk etc,Expense,2001.0,Food & Groceries,deterministic_rule,high,deterministic_rule
Swimming Lunch,Expense,2001.0,Food & Groceries,deterministic_rule,high,deterministic_rule
TBH - CHAI ,Expense,2001.0,Food & Groceries,deterministic_rule,high,deterministic_rule
Talha Tea,Expense,2001.0,Food & Groceries,deterministic_rule,high,deterministic_rule
Tamator & mirchain,Expense,2001.0,Food & Groceries,deterministic_rule,high,deterministic_rule
Tandoori roti,Expense,2001.0,Food & Groceries,deterministic_rule,high,deterministic_rule
Tandori Rotis 35no.,Expense,2001.0,Food & Groceries,deterministic_rule,high,deterministic_rule
Tapal tea,Expense,2001.0,Food & Groceries,deterministic_rule,high,deterministic_rule
Tea At Chai chuski + luddo play with ali and waleed,Expense,2001.0,Food & Groceries,deterministic_rule,high,deterministic_rule
Tea Biscuits ,Expense,2001.0,Food & Groceries,deterministic_rule,high,deterministic_rule
Tea Break,Expense,2001.0,Food & Groceries,deterministic_rule,high,deterministic_rule
Tea Chips Hashlob,Expense,2001.0,Food & Groceries,deterministic_rule,high,deterministic_rule
Tea Fund,Expense,2001.0,Food & Groceries,deterministic_rule,high,deterministic_rule
Tea Milk in Office,Expense,2001.0,Food & Groceries,deterministic_rule,high,deterministic_rule
Tea With Sajjad Khan,Expense,2001.0,Food & Groceries,deterministic_rule,high,deterministic_rule
Tea after Dinner,Expense,2001.0,Food & Groceries,deterministic_rule,high,deterministic_rule
Tea and eggs,Expense,2001.0,Food & Groceries,deterministic_rule,high,deterministic_rule
Tea and noodles with rajit n friends ,Expense,2001.0,Food & Groceries,deterministic_rule,high,deterministic_rule
Tea and snacks,Expense,2001.0,Food & Groceries,deterministic_rule,high,deterministic_rule
Tea and stuff ,Expense,2001.0,Food & Groceries,deterministic_rule,high,deterministic_rule
Tea at APE,Expense,2001.0,Food & Groceries,deterministic_rule,high,deterministic_rule
Tea at Al Madinah with Friends ,Expense,2001.0,Food & Groceries,deterministic_rule,high,deterministic_rule
Tea at jareed,Expense,2001.0,Food & Groceries,deterministic_rule,high,deterministic_rule
Tea box,Expense,2001.0,Food & Groceries,deterministic_rule,high,deterministic_rule
Tea coffee in the train,Expense,2001.0,Food & Groceries,deterministic_rule,high,deterministic_rule
Tea for Prabal in UK,Expense,2001.0,Food & Groceries,deterministic_rule,high,deterministic_rule
Tea hotel ,Expense,2001.0,Food & Groceries,deterministic_rule,high,deterministic_rule
Tea in office,Expense,2001.0,Food & Groceries,deterministic_rule,high,deterministic_rule
"Tea leaves, Condensed milk, salt, বেশন",Expense,2001.0,Food & Groceries,deterministic_rule,high,deterministic_rule
Tea on Way,Expense,2001.0,Food & Groceries,deterministic_rule,high,deterministic_rule
Tea shirts,Expense,2001.0,Food & Groceries,deterministic_rule,high,deterministic_rule
Tea with Ali and Waleed,Expense,2001.0,Food & Groceries,deterministic_rule,high,deterministic_rule
Tea with Colleagues,Expense,2001.0,Food & Groceries,deterministic_rule,high,deterministic_rule
Tea with Ishaque and Shak,Expense,2001.0,Food & Groceries,deterministic_rule,high,deterministic_rule
"Tea, Biscuits, Colour Print",Expense,2001.0,Food & Groceries,deterministic_rule,high,deterministic_rule
"Tea, Snacks",Expense,2001.0,Food & Groceries,deterministic_rule,high,deterministic_rule
"Tea, Sprite, Gas, Waqas",Expense,2001.0,Food & Groceries,deterministic_rule,high,deterministic_rule
TeaBreak,Transfer,2001.0,Food & Groceries,deterministic_rule,high,deterministic_rule
Team Fund,Expense,2001.0,Food & Groceries,deterministic_rule,high,deterministic_rule
Team lunch ,Expense,2001.0,Food & Groceries,deterministic_rule,high,deterministic_rule
The Suez@dinner,Expense,2001.0,Food & Groceries,deterministic_rule,high,deterministic_rule
Tip at Pizza Hut ,Expense,2001.0,Food & Groceries,deterministic_rule,high,deterministic_rule
"Tipu Burger, Milk Soda",Expense,2001.0,Food & Groceries,deterministic_rule,high,deterministic_rule
To Yasir Khan for lunch,Expense,2001.0,Food & Groceries,deterministic_rule,high,deterministic_rule
To home for grocery from Metro ,Expense,2001.0,Food & Groceries,deterministic_rule,high,deterministic_rule
"Toll, phone, food",Income,2001.0,Food & Groceries,deterministic_rule,high,deterministic_rule
Traut local chicken n local eggs,Expense,2001.0,Food & Groceries,deterministic_rule,high,deterministic_rule
Trip Snacks,Expense,2001.0,Food & Groceries,deterministic_rule,high,deterministic_rule
Turkish restaurant,Expense,2001.0,Food & Groceries,deterministic_rule,high,deterministic_rule
Two steak burger from SSS,Expense,2001.0,Food & Groceries,deterministic_rule,high,deterministic_rule
Umair: Cake for Usman,Expense,2001.0,Food & Groceries,deterministic_rule,high,deterministic_rule
Umair: Fruit Chat,Expense,2001.0,Food & Groceries,deterministic_rule,high,deterministic_rule
Umair: Lunch contribution in Office,Expense,2001.0,Food & Groceries,deterministic_rule,high,deterministic_rule
Umair: Pizza Treat,Expense,2001.0,Food & Groceries,deterministic_rule,high,deterministic_rule
Umair: Shehri Birthday Cake and Drinks,Expense,2001.0,Food & Groceries,deterministic_rule,high,deterministic_rule
Urdu online teacher,Expense,2001.0,Food & Groceries,deterministic_rule,high,deterministic_rule
"Usmania Dinner
",Expense,2001.0,Food & Groceries,deterministic_rule,high,deterministic_rule
Usmania Lunch Clients ,Expense,2001.0,Food & Groceries,deterministic_rule,high,deterministic_rule
Uzma Baji Grocery,Expense,2001.0,Food & Groceries,deterministic_rule,high,deterministic_rule
Vada n pizza,Expense,2001.0,Food & Groceries,deterministic_rule,high,deterministic_rule
"Vagetable, bread and eggs etc",Expense,2001.0,Food & Groceries,deterministic_rule,high,deterministic_rule
"Vape coil, juice, tip 

",Expense,2001.0,Food & Groceries,deterministic_rule,high,deterministic_rule
Vegetables 1 pack,Expense,2001.0,Food & Groceries,deterministic_rule,high,deterministic_rule
Vegetables and grocery,Expense,2001.0,Food & Groceries,deterministic_rule,high,deterministic_rule
Vegetables and misc,Expense,2001.0,Food & Groceries,deterministic_rule,high,deterministic_rule
Vegetables etc. ,Expense,2001.0,Food & Groceries,deterministic_rule,high,deterministic_rule
Vegetables from Anjesh various occasion,Expense,2001.0,Food & Groceries,deterministic_rule,high,deterministic_rule
Vegetables lauka sajiwan.....,Expense,2001.0,Food & Groceries,deterministic_rule,high,deterministic_rule
Vegetables package,Expense,2001.0,Food & Groceries,deterministic_rule,high,deterministic_rule
"Vegetables, ramyen, bread, cheese, sausage, cookies ",Expense,2001.0,Food & Groceries,deterministic_rule,high,deterministic_rule
Wania's Milk + Cereal,Expense,2001.0,Food & Groceries,deterministic_rule,high,deterministic_rule
"Water Can (160)
Milk 1 litre (80)
Shampoo (60)
Pineapple Shake (100)
",Expense,2001.0,Food & Groceries,deterministic_rule,high,deterministic_rule
"Water bottle, Dahi & Anday",Expense,2001.0,Food & Groceries,deterministic_rule,high,deterministic_rule
Water plus juice,Expense,2001.0,Food & Groceries,deterministic_rule,high,deterministic_rule
"Water, Biscuits, Cake",Expense,2001.0,Food & Groceries,deterministic_rule,high,deterministic_rule
"Week ki Roti, chain tight",Expense,2001.0,Food & Groceries,deterministic_rule,high,deterministic_rule
Wheat biscuits in lunch,Expense,2001.0,Food & Groceries,deterministic_rule,high,deterministic_rule
Whole food market,Expense,2001.0,Food & Groceries,deterministic_rule,high,deterministic_rule
With draw amount for cake purchase and birthday celibration,Expense,2001.0,Food & Groceries,deterministic_rule,high,deterministic_rule
"Zab chai
",Expense,2001.0,Food & Groceries,deterministic_rule,high,deterministic_rule
Zab chai etc,Expense,2001.0,Food & Groceries,deterministic_rule,high,deterministic_rule
Zeeshan Adil and Zeeshan ahmed. food and drink ,Expense,2001.0,Food & Groceries,deterministic_rule,high,deterministic_rule
"Zeeshan sb office main, bano pila0, tea and drink and chips ",Expense,2001.0,Food & Groceries,deterministic_rule,high,deterministic_rule
"Zinger, Cafe piyela ",Expense,2001.0,Food & Groceries,deterministic_rule,high,deterministic_rule
"Zubair ko diye dinner,eggs,package k",Expense,2001.0,Food & Groceries,deterministic_rule,high,deterministic_rule
"Zubair pco . sindh offer,1ltr juice,diet,charity",Expense,2001.0,Food & Groceries,deterministic_rule,high,deterministic_rule
Zuni milk purchase ,Expense,2001.0,Food & Groceries,deterministic_rule,high,deterministic_rule
aata and milk from napi,Expense,2001.0,Food & Groceries,deterministic_rule,high,deterministic_rule
abu ammi dinner,Expense,2001.0,Food & Groceries,deterministic_rule,high,deterministic_rule
adeena juice etc,Expense,2001.0,Food & Groceries,deterministic_rule,high,deterministic_rule
afruit,Expense,2001.0,Food & Groceries,deterministic_rule,high,deterministic_rule
airport snacks,Expense,2001.0,Food & Groceries,deterministic_rule,high,deterministic_rule
aloo piyaz dahi timatar,Expense,2001.0,Food & Groceries,deterministic_rule,high,deterministic_rule
ammi dawai.. sabzi.. sabun .. isbagool,Expense,2001.0,Food & Groceries,deterministic_rule,high,deterministic_rule
amount all clear for milk ,Transfer,2001.0,Food & Groceries,deterministic_rule,high,deterministic_rule
anday sabZi,Expense,2001.0,Food & Groceries,deterministic_rule,high,deterministic_rule
andy bread,Expense,2001.0,Food & Groceries,deterministic_rule,high,deterministic_rule
anniversary cake,Expense,2001.0,Food & Groceries,deterministic_rule,high,deterministic_rule
anniversary dinner at meat the cheese ,Expense,2001.0,Food & Groceries,deterministic_rule,high,deterministic_rule
anti shaista mango,Expense,2001.0,Food & Groceries,deterministic_rule,high,deterministic_rule
apple cake harshitha,Expense,2001.0,Food & Groceries,deterministic_rule,high,deterministic_rule
at comilla restaurant,Expense,2001.0,Food & Groceries,deterministic_rule,high,deterministic_rule
at pizza max,Expense,2001.0,Food & Groceries,deterministic_rule,high,deterministic_rule
at restaurant the wok,Expense,2001.0,Food & Groceries,deterministic_rule,high,deterministic_rule
attiya aapa cake,Expense,2001.0,Food & Groceries,deterministic_rule,high,deterministic_rule
aunty baby dinner,Expense,2001.0,Food & Groceries,deterministic_rule,high,deterministic_rule
ayush cake,Expense,2001.0,Food & Groceries,deterministic_rule,high,deterministic_rule
azm restaurant,Expense,2001.0,Food & Groceries,deterministic_rule,high,deterministic_rule
baba chai Charcoal ,Expense,2001.0,Food & Groceries,deterministic_rule,high,deterministic_rule
babu futsal school breakfast ,Expense,2001.0,Food & Groceries,deterministic_rule,high,deterministic_rule
"baby 4 formula milk tin, 2K cash for tins. ",Expense,2001.0,Food & Groceries,deterministic_rule,high,deterministic_rule
baby milk powder. ,Expense,2001.0,Food & Groceries,deterministic_rule,high,deterministic_rule
bakery handfree cig ,Expense,2001.0,Food & Groceries,deterministic_rule,high,deterministic_rule
bakery items for Anis Bhai n family,Expense,2001.0,Food & Groceries,deterministic_rule,high,deterministic_rule
bakery products,Expense,2001.0,Food & Groceries,deterministic_rule,high,deterministic_rule
ban aur dahi,Expense,2001.0,Food & Groceries,deterministic_rule,high,deterministic_rule
banana pan cake,Expense,2001.0,Food & Groceries,deterministic_rule,high,deterministic_rule
bananas bread eggs,Expense,2001.0,Food & Groceries,deterministic_rule,high,deterministic_rule
barbq dinner home,Expense,2001.0,Food & Groceries,deterministic_rule,high,deterministic_rule
basit bottle cake,Expense,2001.0,Food & Groceries,deterministic_rule,high,deterministic_rule
beanos cafe with su,Expense,2001.0,Food & Groceries,deterministic_rule,high,deterministic_rule
bearing/chain,Expense,2001.0,Food & Groceries,deterministic_rule,high,deterministic_rule
bekaar biryani,Expense,2001.0,Food & Groceries,deterministic_rule,high,deterministic_rule
bfst shermal nd tea,Expense,2001.0,Food & Groceries,deterministic_rule,high,deterministic_rule
bhatbhteni grocery,Expense,2001.0,Food & Groceries,deterministic_rule,high,deterministic_rule
bhurban snacks,Expense,2001.0,Food & Groceries,deterministic_rule,high,deterministic_rule
big mart dry fruits,Income,2001.0,Food & Groceries,deterministic_rule,high,deterministic_rule
bill milk ,Expense,2001.0,Food & Groceries,deterministic_rule,high,deterministic_rule
biryani at office,Expense,2001.0,Food & Groceries,deterministic_rule,high,deterministic_rule
biryani family,Expense,2001.0,Food & Groceries,deterministic_rule,high,deterministic_rule
"biryani mango
",Expense,2001.0,Food & Groceries,deterministic_rule,high,deterministic_rule
biryani n icecream,Expense,2001.0,Food & Groceries,deterministic_rule,high,deterministic_rule
biryani with aayuzha ,Expense,2001.0,Food & Groceries,deterministic_rule,high,deterministic_rule
biscuits + coffee + milk + Horlicks ,Expense,2001.0,Food & Groceries,deterministic_rule,high,deterministic_rule
biscuits sabzi,Expense,2001.0,Food & Groceries,deterministic_rule,high,deterministic_rule
bistro 201 dinner,Expense,2001.0,Food & Groceries,deterministic_rule,high,deterministic_rule
bombay cakes,Expense,2001.0,Food & Groceries,deterministic_rule,high,deterministic_rule
bona papa large +lacteus +feeder+ sabzi,Expense,2001.0,Food & Groceries,deterministic_rule,high,deterministic_rule
borrowed for lunch,Transfer,2001.0,Food & Groceries,deterministic_rule,high,deterministic_rule
bottle cocolate roti butt lunch,Expense,2001.0,Food & Groceries,deterministic_rule,high,deterministic_rule
bought a juice at Green-o at Lucky one,Expense,2001.0,Food & Groceries,deterministic_rule,high,deterministic_rule
bought groceries from it,Transfer,2001.0,Food & Groceries,deterministic_rule,high,deterministic_rule
bought snacks from esajees,Expense,2001.0,Food & Groceries,deterministic_rule,high,deterministic_rule
bran bread ,Expense,2001.0,Food & Groceries,deterministic_rule,high,deterministic_rule
bread Eating out ,Expense,2001.0,Food & Groceries,deterministic_rule,high,deterministic_rule
bread and cheese,Expense,2001.0,Food & Groceries,deterministic_rule,high,deterministic_rule
bread and chips ,Expense,2001.0,Food & Groceries,deterministic_rule,high,deterministic_rule
bread and eggs from market for daily use,Expense,2001.0,Food & Groceries,deterministic_rule,high,deterministic_rule
bread and other,Expense,2001.0,Food & Groceries,deterministic_rule,high,deterministic_rule
bread and patties,Expense,2001.0,Food & Groceries,deterministic_rule,high,deterministic_rule
bread and vegetables ,Expense,2001.0,Food & Groceries,deterministic_rule,high,deterministic_rule
bread bf egg,Expense,2001.0,Food & Groceries,deterministic_rule,high,deterministic_rule
bread ice cream,Expense,2001.0,Food & Groceries,deterministic_rule,high,deterministic_rule
bread milk usman toy,Expense,2001.0,Food & Groceries,deterministic_rule,high,deterministic_rule
bread milk yougurt chocolate,Expense,2001.0,Food & Groceries,deterministic_rule,high,deterministic_rule
bread n eggs,Expense,2001.0,Food & Groceries,deterministic_rule,high,deterministic_rule
bread n eggs from krisko,Expense,2001.0,Food & Groceries,deterministic_rule,high,deterministic_rule
bread n paratha ,Expense,2001.0,Food & Groceries,deterministic_rule,high,deterministic_rule
bread penauts,Transfer,2001.0,Food & Groceries,deterministic_rule,high,deterministic_rule
bread resbull,Expense,2001.0,Food & Groceries,deterministic_rule,high,deterministic_rule
bread yogurt milk,Expense,2001.0,Food & Groceries,deterministic_rule,high,deterministic_rule
"bread, egg",Expense,2001.0,Food & Groceries,deterministic_rule,high,deterministic_rule
"bread, eggs, pakola and naan",Expense,2001.0,Food & Groceries,deterministic_rule,high,deterministic_rule
"bread, fruit cake",Expense,2001.0,Food & Groceries,deterministic_rule,high,deterministic_rule
"bread, papay",Expense,2001.0,Food & Groceries,deterministic_rule,high,deterministic_rule
"bread, rusk",Expense,2001.0,Food & Groceries,deterministic_rule,high,deterministic_rule
"bread, shampoo, chewing gum, toast biscuits",Expense,2001.0,Food & Groceries,deterministic_rule,high,deterministic_rule
"bread,biscuit ",Expense,2001.0,Food & Groceries,deterministic_rule,high,deterministic_rule
"bread,eggs,rice,surf,haldi,etc",Expense,2001.0,Food & Groceries,deterministic_rule,high,deterministic_rule
bread. surf. rat killera. till. khismish. khashas. charmagaz. ,Expense,2001.0,Food & Groceries,deterministic_rule,high,deterministic_rule
breakfast (5 days),Expense,2001.0,Food & Groceries,deterministic_rule,high,deterministic_rule
breakfast + meal,Expense,2001.0,Food & Groceries,deterministic_rule,high,deterministic_rule
breakfast and juices,Expense,2001.0,Food & Groceries,deterministic_rule,high,deterministic_rule
breakfast and water,Expense,2001.0,Food & Groceries,deterministic_rule,high,deterministic_rule
breakfast coke shakti,Expense,2001.0,Food & Groceries,deterministic_rule,high,deterministic_rule
breakfast fruits,Expense,2001.0,Food & Groceries,deterministic_rule,high,deterministic_rule
breakfast in solar work,Expense,2001.0,Food & Groceries,deterministic_rule,high,deterministic_rule
breakfast jagdish,Expense,2001.0,Food & Groceries,deterministic_rule,high,deterministic_rule
breakfast office,Expense,2001.0,Food & Groceries,deterministic_rule,high,deterministic_rule
breakfast purchase ,Expense,2001.0,Food & Groceries,deterministic_rule,high,deterministic_rule
breakfast salanty hunza,Expense,2001.0,Food & Groceries,deterministic_rule,high,deterministic_rule
breakfast water,Expense,2001.0,Food & Groceries,deterministic_rule,high,deterministic_rule
breakfast with Moshin Bhai,Expense,2001.0,Food & Groceries,deterministic_rule,high,deterministic_rule
breakfast+clyndergas,Expense,2001.0,Food & Groceries,deterministic_rule,high,deterministic_rule
broadway pizza,Expense,2001.0,Food & Groceries,deterministic_rule,high,deterministic_rule
buiscut juice etc,Expense,2001.0,Food & Groceries,deterministic_rule,high,deterministic_rule
bun for breakfast ,Expense,2001.0,Food & Groceries,deterministic_rule,high,deterministic_rule
bundu khan dinner,Expense,2001.0,Food & Groceries,deterministic_rule,high,deterministic_rule
bundu khan nashta ,Expense,2001.0,Food & Groceries,deterministic_rule,high,deterministic_rule
burger and daddy g juice. ,Expense,2001.0,Food & Groceries,deterministic_rule,high,deterministic_rule
buscuit milk youghurt,Expense,2001.0,Food & Groceries,deterministic_rule,high,deterministic_rule
buy ejuice 800tk and 100tk coil & wicking ,Expense,2001.0,Food & Groceries,deterministic_rule,high,deterministic_rule
buy food from foodpanda,Expense,2001.0,Food & Groceries,deterministic_rule,high,deterministic_rule
buy shohoz food,Expense,2001.0,Food & Groceries,deterministic_rule,high,deterministic_rule
cafe yolo,Expense,2001.0,Food & Groceries,deterministic_rule,high,deterministic_rule
caferastto,Expense,2001.0,Food & Groceries,deterministic_rule,high,deterministic_rule
cake and drinks,Expense,2001.0,Food & Groceries,deterministic_rule,high,deterministic_rule
cake and fruit chaat,Expense,2001.0,Food & Groceries,deterministic_rule,high,deterministic_rule
cake and icecream,Expense,2001.0,Food & Groceries,deterministic_rule,high,deterministic_rule
cake at central park,Expense,2001.0,Food & Groceries,deterministic_rule,high,deterministic_rule
cake box for scool lunch of kids,Expense,2001.0,Food & Groceries,deterministic_rule,high,deterministic_rule
cake dr. maaz,Expense,2001.0,Food & Groceries,deterministic_rule,high,deterministic_rule
cake for aiman,Expense,2001.0,Food & Groceries,deterministic_rule,high,deterministic_rule
cake for ankit,Expense,2001.0,Food & Groceries,deterministic_rule,high,deterministic_rule
cake for shummi bridal shower,Expense,2001.0,Food & Groceries,deterministic_rule,high,deterministic_rule
cake for the daddy g birthday. ,Expense,2001.0,Food & Groceries,deterministic_rule,high,deterministic_rule
cake for waleed,Expense,2001.0,Food & Groceries,deterministic_rule,high,deterministic_rule
cake plus photocopy,Expense,2001.0,Food & Groceries,deterministic_rule,high,deterministic_rule
cake refreshment chips spiderman gift bags squash tape imtiaz stuff baloon bread for sandwich,Expense,2001.0,Food & Groceries,deterministic_rule,high,deterministic_rule
cake teo,Expense,2001.0,Food & Groceries,deterministic_rule,high,deterministic_rule
cake to Aapi's home,Expense,2001.0,Food & Groceries,deterministic_rule,high,deterministic_rule
cakes ,Expense,2001.0,Food & Groceries,deterministic_rule,high,deterministic_rule
cakes n bake water bottle,Expense,2001.0,Food & Groceries,deterministic_rule,high,deterministic_rule
cakes n bakes things ,Expense,2001.0,Food & Groceries,deterministic_rule,high,deterministic_rule
"cap, chashma and juice for Huzaifa",Expense,2001.0,Food & Groceries,deterministic_rule,high,deterministic_rule
cardamom tea ,Expense,2001.0,Food & Groceries,deterministic_rule,high,deterministic_rule
cardimum tea- McDonald's,Expense,2001.0,Food & Groceries,deterministic_rule,high,deterministic_rule
cargo mangoe,Expense,2001.0,Food & Groceries,deterministic_rule,high,deterministic_rule
carrot juice khalid & abdul basit,Expense,2001.0,Food & Groceries,deterministic_rule,high,deterministic_rule
cash for anniversary cake,Expense,2001.0,Food & Groceries,deterministic_rule,high,deterministic_rule
cat food etc,Expense,2001.0,Food & Groceries,deterministic_rule,high,deterministic_rule
"cell,  bread,  rusk purchase ",Expense,2001.0,Food & Groceries,deterministic_rule,high,deterministic_rule
chai bilal by junaid,Expense,2001.0,Food & Groceries,deterministic_rule,high,deterministic_rule
chai deewari,Expense,2001.0,Food & Groceries,deterministic_rule,high,deterministic_rule
chai nashta,Expense,2001.0,Food & Groceries,deterministic_rule,high,deterministic_rule
chai patees,Expense,2001.0,Food & Groceries,deterministic_rule,high,deterministic_rule
chai shai,Expense,2001.0,Food & Groceries,deterministic_rule,high,deterministic_rule
chai wala at Khi,Expense,2001.0,Food & Groceries,deterministic_rule,high,deterministic_rule
chai with haider two times,Expense,2001.0,Food & Groceries,deterministic_rule,high,deterministic_rule
chaiibiscuits,Expense,2001.0,Food & Groceries,deterministic_rule,high,deterministic_rule
chain garary set,Expense,2001.0,Food & Groceries,deterministic_rule,high,deterministic_rule
chair for Ammi,Expense,2001.0,Food & Groceries,deterministic_rule,high,deterministic_rule
chairlift,Expense,2001.0,Food & Groceries,deterministic_rule,high,deterministic_rule
chairs,Expense,2001.0,Food & Groceries,deterministic_rule,high,deterministic_rule
chaitra month bill,Expense,2001.0,Food & Groceries,deterministic_rule,high,deterministic_rule
chaiwala ,Expense,2001.0,Food & Groceries,deterministic_rule,high,deterministic_rule
chapotle and pizza fries for usman umer,Expense,2001.0,Food & Groceries,deterministic_rule,high,deterministic_rule
chat dahi bhally,Expense,2001.0,Food & Groceries,deterministic_rule,high,deterministic_rule
chatterbox breakfast ,Expense,2001.0,Food & Groceries,deterministic_rule,high,deterministic_rule
chaunsa mango!,Expense,2001.0,Food & Groceries,deterministic_rule,high,deterministic_rule
cheezious with wolf saim home,Expense,2001.0,Food & Groceries,deterministic_rule,high,deterministic_rule
chenashop chicken previous due,Expense,2001.0,Food & Groceries,deterministic_rule,high,deterministic_rule
chhokada RARA n chicken soup,Expense,2001.0,Food & Groceries,deterministic_rule,high,deterministic_rule
"chicken & buff meat, bhatmas, tarkari, chhoila",Expense,2001.0,Food & Groceries,deterministic_rule,high,deterministic_rule
chicken & milk etc,Expense,2001.0,Food & Groceries,deterministic_rule,high,deterministic_rule
chicken and flour ,Expense,2001.0,Food & Groceries,deterministic_rule,high,deterministic_rule
chicken and other,Expense,2001.0,Food & Groceries,deterministic_rule,high,deterministic_rule
chicken and others,Expense,2001.0,Food & Groceries,deterministic_rule,high,deterministic_rule
chicken at home,Expense,2001.0,Food & Groceries,deterministic_rule,high,deterministic_rule
chicken at kalu,Expense,2001.0,Food & Groceries,deterministic_rule,high,deterministic_rule
chicken biryani ,Expense,2001.0,Food & Groceries,deterministic_rule,high,deterministic_rule
chicken boneless ,Expense,2001.0,Food & Groceries,deterministic_rule,high,deterministic_rule
chicken breast fillets and chicken fresh ,Expense,2001.0,Food & Groceries,deterministic_rule,high,deterministic_rule
chicken chips n pepsi,Expense,2001.0,Food & Groceries,deterministic_rule,high,deterministic_rule
chicken cottage ,Expense,2001.0,Food & Groceries,deterministic_rule,high,deterministic_rule
chicken dam biryani,Expense,2001.0,Food & Groceries,deterministic_rule,high,deterministic_rule
chicken for home,Expense,2001.0,Food & Groceries,deterministic_rule,high,deterministic_rule
chicken for lunch,Expense,2001.0,Food & Groceries,deterministic_rule,high,deterministic_rule
chicken fresh,Expense,2001.0,Food & Groceries,deterministic_rule,high,deterministic_rule
chicken fruit vegetables ,Expense,2001.0,Food & Groceries,deterministic_rule,high,deterministic_rule
chicken karahi party ,Expense,2001.0,Food & Groceries,deterministic_rule,high,deterministic_rule
chicken karahi+juice,Expense,2001.0,Food & Groceries,deterministic_rule,high,deterministic_rule
chicken larry ,Expense,2001.0,Food & Groceries,deterministic_rule,high,deterministic_rule
chicken maya sandwich ,Expense,2001.0,Food & Groceries,deterministic_rule,high,deterministic_rule
chicken mutton,Expense,2001.0,Food & Groceries,deterministic_rule,high,deterministic_rule
chicken n beef,Expense,2001.0,Food & Groceries,deterministic_rule,high,deterministic_rule
chicken patties,Expense,2001.0,Food & Groceries,deterministic_rule,high,deterministic_rule
chicken patties and cake for new year ,Expense,2001.0,Food & Groceries,deterministic_rule,high,deterministic_rule
chicken pie with sana,Expense,2001.0,Food & Groceries,deterministic_rule,high,deterministic_rule
chicken pies,Expense,2001.0,Food & Groceries,deterministic_rule,high,deterministic_rule
chicken sabzii bilal,Expense,2001.0,Food & Groceries,deterministic_rule,high,deterministic_rule
"chicken, dipak, bhanja ",Expense,2001.0,Food & Groceries,deterministic_rule,high,deterministic_rule
chicken/vegetables ,Expense,2001.0,Food & Groceries,deterministic_rule,high,deterministic_rule
chickenpox ,Expense,2001.0,Food & Groceries,deterministic_rule,high,deterministic_rule
child food nd dahi,Expense,2001.0,Food & Groceries,deterministic_rule,high,deterministic_rule
child milk MH,Expense,2001.0,Food & Groceries,deterministic_rule,high,deterministic_rule
chips and juice.,Expense,2001.0,Food & Groceries,deterministic_rule,high,deterministic_rule
chips and roti,Expense,2001.0,Food & Groceries,deterministic_rule,high,deterministic_rule
chips juice etc,Expense,2001.0,Food & Groceries,deterministic_rule,high,deterministic_rule
chips n juice ,Expense,2001.0,Food & Groceries,deterministic_rule,high,deterministic_rule
"chips, tea, hair dye",Expense,2001.0,Food & Groceries,deterministic_rule,high,deterministic_rule
"chocolate n   cake
",Expense,2001.0,Food & Groceries,deterministic_rule,high,deterministic_rule
chocolate n fruits,Expense,2001.0,Food & Groceries,deterministic_rule,high,deterministic_rule
chola puri breakfast,Expense,2001.0,Food & Groceries,deterministic_rule,high,deterministic_rule
coffee n lunch,Expense,2001.0,Food & Groceries,deterministic_rule,high,deterministic_rule
contribution in lunch,Expense,2001.0,Food & Groceries,deterministic_rule,high,deterministic_rule
contribution in tea parathas and sting,Expense,2001.0,Food & Groceries,deterministic_rule,high,deterministic_rule
"corn flakes, milk, bread",Expense,2001.0,Food & Groceries,deterministic_rule,high,deterministic_rule
country delight milk ,Expense,2001.0,Food & Groceries,deterministic_rule,high,deterministic_rule
cow food,Expense,2001.0,Food & Groceries,deterministic_rule,high,deterministic_rule
"crates of mango, apricot, plum",Expense,2001.0,Food & Groceries,deterministic_rule,high,deterministic_rule
daal mash and roti. dinner ,Expense,2001.0,Food & Groceries,deterministic_rule,high,deterministic_rule
dabbe for food,Expense,2001.0,Food & Groceries,deterministic_rule,high,deterministic_rule
dahi ballay,Expense,2001.0,Food & Groceries,deterministic_rule,high,deterministic_rule
dahi bhallay,Expense,2001.0,Food & Groceries,deterministic_rule,high,deterministic_rule
dahi half kg,Expense,2001.0,Food & Groceries,deterministic_rule,high,deterministic_rule
dahi lia office sy khany ki break par ghar ky lye,Expense,2001.0,Food & Groceries,deterministic_rule,high,deterministic_rule
dahi n cold drink,Expense,2001.0,Food & Groceries,deterministic_rule,high,deterministic_rule
dahi rotiyan bottle,Expense,2001.0,Food & Groceries,deterministic_rule,high,deterministic_rule
daphney cake,Expense,2001.0,Food & Groceries,deterministic_rule,high,deterministic_rule
dayfresh milk,Expense,2001.0,Food & Groceries,deterministic_rule,high,deterministic_rule
delivery mango asif,Expense,2001.0,Food & Groceries,deterministic_rule,high,deterministic_rule
delizia cake,Expense,2001.0,Food & Groceries,deterministic_rule,high,deterministic_rule
dhoodh + soda + roti,Transfer,2001.0,Food & Groceries,deterministic_rule,high,deterministic_rule
dhoodh roti,Expense,2001.0,Food & Groceries,deterministic_rule,high,deterministic_rule
dhoodh rotian,Transfer,2001.0,Food & Groceries,deterministic_rule,high,deterministic_rule
dinner .. print subhan documents ,Expense,2001.0,Food & Groceries,deterministic_rule,high,deterministic_rule
dinner Saleem etc ,Expense,2001.0,Food & Groceries,deterministic_rule,high,deterministic_rule
dinner after 100f tower installation of  Sufyan,Expense,2001.0,Food & Groceries,deterministic_rule,high,deterministic_rule
dinner at Al Kabab and AKU lunch,Expense,2001.0,Food & Groceries,deterministic_rule,high,deterministic_rule
dinner at better taste,Expense,2001.0,Food & Groceries,deterministic_rule,high,deterministic_rule
dinner at dua restaurant in,Expense,2001.0,Food & Groceries,deterministic_rule,high,deterministic_rule
dinner at eden,Expense,2001.0,Food & Groceries,deterministic_rule,high,deterministic_rule
dinner at home with family ,Expense,2001.0,Food & Groceries,deterministic_rule,high,deterministic_rule
dinner at kababjees,Expense,2001.0,Food & Groceries,deterministic_rule,high,deterministic_rule
dinner at kathor,Expense,2001.0,Food & Groceries,deterministic_rule,high,deterministic_rule
dinner at office ,Expense,2001.0,Food & Groceries,approved_mapping,very_high,approved_mapping
dinner at utpala with Padi and chuchi,Expense,2001.0,Food & Groceries,deterministic_rule,high,deterministic_rule
dinner burger at hotel,Expense,2001.0,Food & Groceries,deterministic_rule,high,deterministic_rule
dinner for 23 S&T indls ,Expense,2001.0,Food & Groceries,deterministic_rule,high,deterministic_rule
dinner for all ,Expense,2001.0,Food & Groceries,deterministic_rule,high,deterministic_rule
dinner for both,Expense,2001.0,Food & Groceries,approved_mapping,very_high,approved_mapping
dinner for home,Expense,2001.0,Food & Groceries,deterministic_rule,high,deterministic_rule
dinner fries food panda,Expense,2001.0,Food & Groceries,deterministic_rule,high,deterministic_rule
dinner haleem,Expense,2001.0,Food & Groceries,deterministic_rule,high,deterministic_rule
dinner hyd,Expense,2001.0,Food & Groceries,deterministic_rule,high,deterministic_rule
dinner kabab tikka,Expense,2001.0,Food & Groceries,deterministic_rule,high,deterministic_rule
dinner khajoor oil,Expense,2001.0,Food & Groceries,deterministic_rule,high,deterministic_rule
dinner lalta,Expense,2001.0,Food & Groceries,deterministic_rule,high,deterministic_rule
dinner omer,Expense,2001.0,Food & Groceries,deterministic_rule,high,deterministic_rule
dinner outside,Expense,2001.0,Food & Groceries,deterministic_rule,high,deterministic_rule
dinner with a friend ,Expense,2001.0,Food & Groceries,deterministic_rule,high,deterministic_rule
dinner with asif ,Expense,2001.0,Food & Groceries,deterministic_rule,high,deterministic_rule
dinner with ayaz,Expense,2001.0,Food & Groceries,deterministic_rule,high,deterministic_rule
dinner with cousins,Expense,2001.0,Food & Groceries,deterministic_rule,high,deterministic_rule
dinner with friends and family ,Expense,2001.0,Food & Groceries,deterministic_rule,high,deterministic_rule
dinner with gang,Expense,2001.0,Food & Groceries,deterministic_rule,high,deterministic_rule
dinner with jaffer sb,Expense,2001.0,Food & Groceries,deterministic_rule,high,deterministic_rule
dinner with the office peeps,Expense,2001.0,Food & Groceries,deterministic_rule,high,deterministic_rule
dinner+( puttu),Expense,2001.0,Food & Groceries,deterministic_rule,high,deterministic_rule
"dinner,",Expense,2001.0,Food & Groceries,deterministic_rule,high,deterministic_rule
dodh dahi,Expense,2001.0,Food & Groceries,deterministic_rule,high,deterministic_rule
dodh dahi nashta extra,Expense,2001.0,Food & Groceries,deterministic_rule,high,deterministic_rule
dodh dahi sabzi,Expense,2001.0,Food & Groceries,deterministic_rule,high,deterministic_rule
"dodh dahi sabzi nashta 
",Expense,2001.0,Food & Groceries,deterministic_rule,high,deterministic_rule
dry fruit + cheeses + sauces ,Expense,2001.0,Food & Groceries,deterministic_rule,high,deterministic_rule
dry fruit for home ,Expense,2001.0,Food & Groceries,deterministic_rule,high,deterministic_rule
dryfruit akhrot 500gm,Expense,2001.0,Food & Groceries,deterministic_rule,high,deterministic_rule
dua highway restaurant ,Expense,2001.0,Food & Groceries,deterministic_rule,high,deterministic_rule
dud bread,Expense,2001.0,Food & Groceries,deterministic_rule,high,deterministic_rule
durgesh milk ,Expense,2001.0,Food & Groceries,deterministic_rule,high,deterministic_rule
egg + bread,Expense,2001.0,Food & Groceries,deterministic_rule,high,deterministic_rule
egg 100+  bread 70,Expense,2001.0,Food & Groceries,deterministic_rule,high,deterministic_rule
egg biryani,Expense,2001.0,Food & Groceries,deterministic_rule,high,deterministic_rule
egg bread bakery,Expense,2001.0,Food & Groceries,deterministic_rule,high,deterministic_rule
egg bread...veg...etc,Expense,2001.0,Food & Groceries,deterministic_rule,high,deterministic_rule
egg+bread,Expense,2001.0,Food & Groceries,deterministic_rule,high,deterministic_rule
"egg, buff meat, chicken meat",Expense,2001.0,Food & Groceries,deterministic_rule,high,deterministic_rule
"egg, milk",Expense,2001.0,Food & Groceries,deterministic_rule,high,deterministic_rule
egg/milk/milk shake,Expense,2001.0,Food & Groceries,deterministic_rule,high,deterministic_rule
eggs,Expense,2001.0,Food & Groceries,deterministic_rule,high,deterministic_rule
eggs 2 trays for home. ,Expense,2001.0,Food & Groceries,deterministic_rule,high,deterministic_rule
eggs and other ,Expense,2001.0,Food & Groceries,deterministic_rule,high,deterministic_rule
eggs and vegetables ,Expense,2001.0,Food & Groceries,deterministic_rule,high,deterministic_rule
eggs bread ,Expense,2001.0,Food & Groceries,deterministic_rule,high,deterministic_rule
eggs milk n naan,Expense,2001.0,Food & Groceries,deterministic_rule,high,deterministic_rule
eggs nan,Expense,2001.0,Food & Groceries,deterministic_rule,high,deterministic_rule
"eggs, agarbati. rotiya. ",Expense,2001.0,Food & Groceries,deterministic_rule,high,deterministic_rule
"eggs, breads, tomato, olper,suji",Expense,2001.0,Food & Groceries,deterministic_rule,high,deterministic_rule
"eggs, milk",Expense,2001.0,Food & Groceries,deterministic_rule,high,deterministic_rule
"eggs, scotch bright, paratha n milk ",Expense,2001.0,Food & Groceries,deterministic_rule,high,deterministic_rule
eid cakes,Expense,2001.0,Food & Groceries,deterministic_rule,high,deterministic_rule
ensure milk,Expense,2001.0,Food & Groceries,deterministic_rule,high,deterministic_rule
ensure milk powder ,Expense,2001.0,Food & Groceries,deterministic_rule,high,deterministic_rule
eshah subway,Expense,2001.0,Food & Groceries,deterministic_rule,high,deterministic_rule
evening dinner,Expense,2001.0,Food & Groceries,deterministic_rule,high,deterministic_rule
fabimilk lf,Expense,2001.0,Food & Groceries,deterministic_rule,high,deterministic_rule
falgun chaitra baishak hisab milauda milayeko,Income,2001.0,Food & Groceries,deterministic_rule,high,deterministic_rule
fantasy vegetables,Expense,2001.0,Food & Groceries,deterministic_rule,high,deterministic_rule
fare to rahat bakery and home,Expense,2001.0,Food & Groceries,deterministic_rule,high,deterministic_rule
farooq pakola saver chain tarikh ki,Expense,2001.0,Food & Groceries,deterministic_rule,high,deterministic_rule
fine at nashta.,Transfer,2001.0,Food & Groceries,deterministic_rule,high,deterministic_rule
floor grocery ,Expense,2001.0,Food & Groceries,deterministic_rule,high,deterministic_rule
food & drug,Expense,2001.0,Food & Groceries,deterministic_rule,high,deterministic_rule
food bill at mirpur 6 ,Expense,2001.0,Food & Groceries,deterministic_rule,high,deterministic_rule
food from Israt ,Expense,2001.0,Food & Groceries,deterministic_rule,high,deterministic_rule
food from gevini malir,Expense,2001.0,Food & Groceries,deterministic_rule,high,deterministic_rule
food in office,Expense,2001.0,Food & Groceries,deterministic_rule,high,deterministic_rule
food in sarojini market,Expense,2001.0,Food & Groceries,deterministic_rule,high,deterministic_rule
food items,Expense,2001.0,Food & Groceries,deterministic_rule,high,deterministic_rule
food lunch,Expense,2001.0,Food & Groceries,deterministic_rule,high,deterministic_rule
food money to Mishal,Expense,2001.0,Food & Groceries,deterministic_rule,high,deterministic_rule
"food, milk,lobia",Expense,2001.0,Food & Groceries,deterministic_rule,high,deterministic_rule
foodpanda cafe sit down,Expense,2001.0,Food & Groceries,deterministic_rule,high,deterministic_rule
foodpanda dinner chappli kabab ,Expense,2001.0,Food & Groceries,deterministic_rule,high,deterministic_rule
foodpanda khayam,Transfer,2001.0,Food & Groceries,deterministic_rule,high,deterministic_rule
foodpanda- Allah Malik,Expense,2001.0,Food & Groceries,deterministic_rule,high,deterministic_rule
foodpanda- Baskin Robin's ,Expense,2001.0,Food & Groceries,deterministic_rule,high,deterministic_rule
foodpanda- Italian Pizza,Expense,2001.0,Food & Groceries,deterministic_rule,high,deterministic_rule
foodpanda- KFC,Expense,2001.0,Food & Groceries,deterministic_rule,high,deterministic_rule
foodpanda- Tik Tok,Expense,2001.0,Food & Groceries,deterministic_rule,high,deterministic_rule
foodpanda- biryani,Expense,2001.0,Food & Groceries,deterministic_rule,high,deterministic_rule
foodpanda- naan,Expense,2001.0,Food & Groceries,deterministic_rule,high,deterministic_rule
foodpanda- papa john,Expense,2001.0,Food & Groceries,deterministic_rule,high,deterministic_rule
foodpanda- pizza hut,Expense,2001.0,Food & Groceries,deterministic_rule,high,deterministic_rule
foodpanda-Karachi waley,Expense,2001.0,Food & Groceries,deterministic_rule,high,deterministic_rule
foodpanda. Manolo Gelato,Expense,2001.0,Food & Groceries,deterministic_rule,high,deterministic_rule
foodplus highridge,Expense,2001.0,Food & Groceries,deterministic_rule,high,deterministic_rule
foodplus lavington,Expense,2001.0,Food & Groceries,deterministic_rule,high,deterministic_rule
"foodway burger, sting , fries",Expense,2001.0,Food & Groceries,deterministic_rule,high,deterministic_rule
for  grocery chik mutton,Transfer,2001.0,Food & Groceries,deterministic_rule,high,deterministic_rule
"for McDonald's
",Transfer,2001.0,Food & Groceries,deterministic_rule,high,deterministic_rule
for Nasira Aunty & family dawat - mutton n boneless chicken ,Expense,2001.0,Food & Groceries,deterministic_rule,high,deterministic_rule
for cafeteria,Transfer,2001.0,Food & Groceries,deterministic_rule,high,deterministic_rule
for chaitra,Income,2001.0,Food & Groceries,deterministic_rule,high,deterministic_rule
for dinner in office,Transfer,2001.0,Food & Groceries,deterministic_rule,high,deterministic_rule
for haleem and roti,Expense,2001.0,Food & Groceries,deterministic_rule,high,deterministic_rule
"for tea
",Transfer,2001.0,Food & Groceries,deterministic_rule,high,deterministic_rule
formula milk,Expense,2001.0,Food & Groceries,deterministic_rule,high,deterministic_rule
"formula milk, etc, plus fruits. ",Expense,2001.0,Food & Groceries,deterministic_rule,high,deterministic_rule
fortress groceries,Expense,2001.0,Food & Groceries,deterministic_rule,high,deterministic_rule
french bakery,Expense,2001.0,Food & Groceries,deterministic_rule,high,deterministic_rule
french toast and tea,Transfer,2001.0,Food & Groceries,deterministic_rule,high,deterministic_rule
fresco bakery ,Expense,2001.0,Food & Groceries,deterministic_rule,high,deterministic_rule
fresco dahi bardy,Expense,2001.0,Food & Groceries,deterministic_rule,high,deterministic_rule
fresh mangoes ,Expense,2001.0,Food & Groceries,deterministic_rule,high,deterministic_rule
friends dinner dua restaurant ,Expense,2001.0,Food & Groceries,deterministic_rule,high,deterministic_rule
"fruit + CD
",Expense,2001.0,Food & Groceries,deterministic_rule,high,deterministic_rule
fruit and vegetables frm mandi,Expense,2001.0,Food & Groceries,deterministic_rule,high,deterministic_rule
fruit cake and nimko,Expense,2001.0,Food & Groceries,deterministic_rule,high,deterministic_rule
"fruit chaat, chotu chai",Expense,2001.0,Food & Groceries,deterministic_rule,high,deterministic_rule
fruit chat and chips,Expense,2001.0,Food & Groceries,deterministic_rule,high,deterministic_rule
fruit cold storage ,Expense,2001.0,Food & Groceries,deterministic_rule,high,deterministic_rule
fruit etx,Expense,2001.0,Food & Groceries,deterministic_rule,high,deterministic_rule
fruit for abu,Expense,2001.0,Food & Groceries,deterministic_rule,high,deterministic_rule
fruit grapes ,Expense,2001.0,Food & Groceries,deterministic_rule,high,deterministic_rule
fruit home,Expense,2001.0,Food & Groceries,deterministic_rule,high,deterministic_rule
"fruit mango,alobukhara,aro,khubani",Expense,2001.0,Food & Groceries,deterministic_rule,high,deterministic_rule
fruit n,Expense,2001.0,Food & Groceries,deterministic_rule,high,deterministic_rule
fruit purchased,Expense,2001.0,Food & Groceries,deterministic_rule,high,deterministic_rule
fruit sweet ,Expense,2001.0,Food & Groceries,deterministic_rule,high,deterministic_rule
fruit to bhatti,Expense,2001.0,Food & Groceries,deterministic_rule,high,deterministic_rule
fruit veg,Expense,2001.0,Food & Groceries,deterministic_rule,high,deterministic_rule
"fruit,  grocery ",Expense,2001.0,Food & Groceries,deterministic_rule,high,deterministic_rule
fruit. almond. yogurt,Expense,2001.0,Food & Groceries,deterministic_rule,high,deterministic_rule
fruite mangos,Expense,2001.0,Food & Groceries,deterministic_rule,high,deterministic_rule
fruite to komal,Expense,2001.0,Food & Groceries,deterministic_rule,high,deterministic_rule
fruiter saad,Expense,2001.0,Food & Groceries,deterministic_rule,high,deterministic_rule
fruits & vegitable for home,Expense,2001.0,Food & Groceries,deterministic_rule,high,deterministic_rule
fruits +vegetables ,Expense,2001.0,Food & Groceries,deterministic_rule,high,deterministic_rule
"fruits , eggs,cakerusk",Expense,2001.0,Food & Groceries,deterministic_rule,high,deterministic_rule
fruits Party mango,Expense,2001.0,Food & Groceries,deterministic_rule,high,deterministic_rule
fruits and cakes for home ,Expense,2001.0,Food & Groceries,deterministic_rule,high,deterministic_rule
fruits and vegetables,Expense,2001.0,Food & Groceries,deterministic_rule,high,deterministic_rule
fruits and water refill ,Expense,2001.0,Food & Groceries,deterministic_rule,high,deterministic_rule
fruits chehlum ,Expense,2001.0,Food & Groceries,deterministic_rule,high,deterministic_rule
fruits for Ayesha,Expense,2001.0,Food & Groceries,deterministic_rule,high,deterministic_rule
fruits for home,Expense,2001.0,Food & Groceries,deterministic_rule,high,deterministic_rule
fruits for iqra mom,Expense,2001.0,Food & Groceries,deterministic_rule,high,deterministic_rule
fruits for mamu lahore home,Expense,2001.0,Food & Groceries,deterministic_rule,high,deterministic_rule
"fruits jaam
",Expense,2001.0,Food & Groceries,deterministic_rule,high,deterministic_rule
fruits l,Expense,2001.0,Food & Groceries,deterministic_rule,high,deterministic_rule
fruits n Oreo cup cakes,Expense,2001.0,Food & Groceries,deterministic_rule,high,deterministic_rule
"fruits, paratha purchase ",Expense,2001.0,Food & Groceries,deterministic_rule,high,deterministic_rule
fuel athar car ahbab nashta,Expense,2001.0,Food & Groceries,deterministic_rule,high,deterministic_rule
fuel for grocery and murree farm house ,Expense,2001.0,Food & Groceries,deterministic_rule,high,deterministic_rule
gajran mooli eggs ami g ne kaha tha,Expense,2001.0,Food & Groceries,deterministic_rule,high,deterministic_rule
gave tips to hot and spicy waiters at our dinner at home,Expense,2001.0,Food & Groceries,deterministic_rule,high,deterministic_rule
gave to Mohammad Ali to go get food,Expense,2001.0,Food & Groceries,deterministic_rule,high,deterministic_rule
gave to jewellever for Leena and raem keychains,Expense,2001.0,Food & Groceries,deterministic_rule,high,deterministic_rule
ghee bread n milk,Expense,2001.0,Food & Groceries,deterministic_rule,high,deterministic_rule
ghost 200chicken 300 dana murgi 330,Expense,2001.0,Food & Groceries,deterministic_rule,high,deterministic_rule
ghost and fruit,Expense,2001.0,Food & Groceries,deterministic_rule,high,deterministic_rule
ghr rotioo aur naan ke lia dia ,Expense,2001.0,Food & Groceries,deterministic_rule,high,deterministic_rule
ginseng oolong tea,Expense,2001.0,Food & Groceries,deterministic_rule,high,deterministic_rule
give June lunch  advance to Prakash sir ,Expense,2001.0,Food & Groceries,deterministic_rule,high,deterministic_rule
given to asad for milk shak at rjr ,Expense,2001.0,Food & Groceries,deterministic_rule,high,deterministic_rule
given to honey nedo eggs etc,Expense,2001.0,Food & Groceries,deterministic_rule,high,deterministic_rule
gosht + sabzi fruit hafta bazar ,Expense,2001.0,Food & Groceries,deterministic_rule,high,deterministic_rule
groceries at euro,Expense,2001.0,Food & Groceries,deterministic_rule,high,deterministic_rule
groceries cigs and lighter cigs 145 not included in receipts,Expense,2001.0,Food & Groceries,deterministic_rule,high,deterministic_rule
groceries n children entertainment,Expense,2001.0,Food & Groceries,deterministic_rule,high,deterministic_rule
grocery and shwarma,Expense,2001.0,Food & Groceries,deterministic_rule,high,deterministic_rule
grocery bill ,Transfer,2001.0,Food & Groceries,deterministic_rule,high,deterministic_rule
grocery carrefour ,Expense,2001.0,Food & Groceries,deterministic_rule,high,deterministic_rule
grocery for July bigmart ,Expense,2001.0,Food & Groceries,deterministic_rule,high,deterministic_rule
grocery for the July from whole seller ,Expense,2001.0,Food & Groceries,deterministic_rule,high,deterministic_rule
grocery for whole month,Expense,2001.0,Food & Groceries,deterministic_rule,high,deterministic_rule
grocery from Save Mart Rawat,Expense,2001.0,Food & Groceries,deterministic_rule,high,deterministic_rule
grocery from connoisseur ,Expense,2001.0,Food & Groceries,deterministic_rule,high,deterministic_rule
"grocery from save mart Rawat , Poona glass etc",Expense,2001.0,Food & Groceries,deterministic_rule,high,deterministic_rule
grocery fruits,Expense,2001.0,Food & Groceries,deterministic_rule,high,deterministic_rule
grocery ftw 18Th  April - Manchester,Expense,2001.0,Food & Groceries,deterministic_rule,high,deterministic_rule
"grocery imtiaz
",Expense,2001.0,Food & Groceries,deterministic_rule,high,deterministic_rule
grocery item+ khaja,Expense,2001.0,Food & Groceries,deterministic_rule,high,deterministic_rule
grocery jul,Expense,2001.0,Food & Groceries,deterministic_rule,high,deterministic_rule
grocery zohra,Expense,2001.0,Food & Groceries,deterministic_rule,high,deterministic_rule
grosery for hamna milk buscits etc,Expense,2001.0,Food & Groceries,deterministic_rule,high,deterministic_rule
guard roti,Expense,2001.0,Food & Groceries,deterministic_rule,high,deterministic_rule
haans cafe ,Expense,2001.0,Food & Groceries,deterministic_rule,high,deterministic_rule
hafiz ansar tea,Expense,2001.0,Food & Groceries,deterministic_rule,high,deterministic_rule
halwa poori bread and dahi,Expense,2001.0,Food & Groceries,deterministic_rule,high,deterministic_rule
hareem Fatima milk and pamper,Expense,2001.0,Food & Groceries,deterministic_rule,high,deterministic_rule
hm lunch,Income,2001.0,Food & Groceries,deterministic_rule,high,deterministic_rule
home grocery,Expense,2001.0,Food & Groceries,deterministic_rule,high,deterministic_rule
home milk bill,Expense,2001.0,Food & Groceries,deterministic_rule,high,deterministic_rule
home no dinner ,Expense,2001.0,Food & Groceries,deterministic_rule,high,deterministic_rule
hoorain birthday bakery,Expense,2001.0,Food & Groceries,deterministic_rule,high,deterministic_rule
hot spot and tea,Expense,2001.0,Food & Groceries,deterministic_rule,high,deterministic_rule
hotel chaie and paratah,Expense,2001.0,Food & Groceries,deterministic_rule,high,deterministic_rule
hotel tea,Expense,2001.0,Food & Groceries,deterministic_rule,high,deterministic_rule
house fruit,Transfer,2001.0,Food & Groceries,deterministic_rule,high,deterministic_rule
ice cream and lunch by nadeem,Expense,2001.0,Food & Groceries,deterministic_rule,high,deterministic_rule
ice cream at McDonald with alishah,Expense,2001.0,Food & Groceries,deterministic_rule,high,deterministic_rule
"ice cream, rusk, fruits",Expense,2001.0,Food & Groceries,deterministic_rule,high,deterministic_rule
ice tea,Expense,2001.0,Food & Groceries,deterministic_rule,high,deterministic_rule
imran bread,Expense,2001.0,Food & Groceries,deterministic_rule,high,deterministic_rule
imran bread and tost,Expense,2001.0,Food & Groceries,deterministic_rule,high,deterministic_rule
"including qurbani shoppers parcel, susral dinner and shairaz shoes. Approximately 6000 ",Expense,2001.0,Food & Groceries,deterministic_rule,high,deterministic_rule
jaidi juices ,Expense,2001.0,Food & Groceries,deterministic_rule,high,deterministic_rule
jalal sons bread cheese ,Expense,2001.0,Food & Groceries,deterministic_rule,high,deterministic_rule
jaleebi + Bun Kabaab + Tea,Expense,2001.0,Food & Groceries,deterministic_rule,high,deterministic_rule
jam and Eggs,Expense,2001.0,Food & Groceries,deterministic_rule,high,deterministic_rule
javeria food,Expense,2001.0,Food & Groceries,deterministic_rule,high,deterministic_rule
juice & biscuits ,Expense,2001.0,Food & Groceries,deterministic_rule,high,deterministic_rule
juice & bread,Expense,2001.0,Food & Groceries,deterministic_rule,high,deterministic_rule
juice + water,Expense,2001.0,Food & Groceries,deterministic_rule,high,deterministic_rule
juice abba,Expense,2001.0,Food & Groceries,deterministic_rule,high,deterministic_rule
juice and chips,Expense,2001.0,Food & Groceries,deterministic_rule,high,deterministic_rule
juice and drinks,Expense,2001.0,Food & Groceries,deterministic_rule,high,deterministic_rule
juice and fresh up,Expense,2001.0,Food & Groceries,deterministic_rule,high,deterministic_rule
juice and gum,Expense,2001.0,Food & Groceries,deterministic_rule,high,deterministic_rule
juice and jelly,Expense,2001.0,Food & Groceries,deterministic_rule,high,deterministic_rule
juice and tea ,Expense,2001.0,Food & Groceries,deterministic_rule,high,deterministic_rule
juice biscuit,Expense,2001.0,Food & Groceries,deterministic_rule,high,deterministic_rule
juice etc,Expense,2001.0,Food & Groceries,deterministic_rule,high,deterministic_rule
juice for Ali & Wali,Expense,2001.0,Food & Groceries,deterministic_rule,high,deterministic_rule
juice for raees,Expense,2001.0,Food & Groceries,deterministic_rule,high,deterministic_rule
juice in office ,Expense,2001.0,Food & Groceries,deterministic_rule,high,deterministic_rule
juice nd cake ,Expense,2001.0,Food & Groceries,deterministic_rule,high,deterministic_rule
juice+ice cream & cold drink,Expense,2001.0,Food & Groceries,deterministic_rule,high,deterministic_rule
juice+peties,Expense,2001.0,Food & Groceries,deterministic_rule,high,deterministic_rule
juicer,Expense,2001.0,Food & Groceries,deterministic_rule,high,deterministic_rule
juices carton qty 2 and 1 chapstick ,Expense,2001.0,Food & Groceries,deterministic_rule,high,deterministic_rule
junaid milk,Expense,2001.0,Food & Groceries,deterministic_rule,high,deterministic_rule
"june expnce(netbill, groceries)",Expense,2001.0,Food & Groceries,deterministic_rule,high,deterministic_rule
kabab and milk ,Expense,2001.0,Food & Groceries,deterministic_rule,high,deterministic_rule
kabab parathy roti for nazar,Expense,2001.0,Food & Groceries,deterministic_rule,high,deterministic_rule
kashif bi fsd k caree  charges Bd rotiya,Expense,2001.0,Food & Groceries,deterministic_rule,high,deterministic_rule
kashif food singaporian rice,Expense,2001.0,Food & Groceries,deterministic_rule,high,deterministic_rule
kela sarso tel bread,Expense,2001.0,Food & Groceries,deterministic_rule,high,deterministic_rule
kfc dinner,Expense,2001.0,Food & Groceries,deterministic_rule,high,deterministic_rule
kfc late night ,Expense,2001.0,Food & Groceries,deterministic_rule,high,deterministic_rule
kfc mom ,Expense,2001.0,Food & Groceries,deterministic_rule,high,deterministic_rule
kfc north nazimabad,Expense,2001.0,Food & Groceries,deterministic_rule,high,deterministic_rule
kfc safa,Expense,2001.0,Food & Groceries,deterministic_rule,high,deterministic_rule
kfc sharwma,Expense,2001.0,Food & Groceries,deterministic_rule,high,deterministic_rule
"kfc tea
",Expense,2001.0,Food & Groceries,deterministic_rule,high,deterministic_rule
kfc treat,Expense,2001.0,Food & Groceries,deterministic_rule,high,deterministic_rule
khaas biryani,Expense,2001.0,Food & Groceries,deterministic_rule,high,deterministic_rule
khalid milk,Expense,2001.0,Food & Groceries,deterministic_rule,high,deterministic_rule
kheer and dahi ,Expense,2001.0,Food & Groceries,deterministic_rule,high,deterministic_rule
kids lunch,Expense,2001.0,Food & Groceries,deterministic_rule,high,deterministic_rule
kids milk,Expense,2001.0,Food & Groceries,deterministic_rule,high,deterministic_rule
kitchen supplies tea n milk n 02 donuts for Sheraz ,Expense,2001.0,Food & Groceries,deterministic_rule,high,deterministic_rule
knife n chicken ,Expense,2001.0,Food & Groceries,deterministic_rule,high,deterministic_rule
kora and juice,Expense,2001.0,Food & Groceries,deterministic_rule,high,deterministic_rule
lahore food ,Expense,2001.0,Food & Groceries,deterministic_rule,high,deterministic_rule
laila livon 280 and bread 30,Expense,2001.0,Food & Groceries,deterministic_rule,high,deterministic_rule
late night dinner with Ruba,Expense,2001.0,Food & Groceries,deterministic_rule,high,deterministic_rule
"late night, dinner white karahi",Expense,2001.0,Food & Groceries,deterministic_rule,high,deterministic_rule
lays and juices for kids ,Expense,2001.0,Food & Groceries,deterministic_rule,high,deterministic_rule
leechi juice ,Expense,2001.0,Food & Groceries,deterministic_rule,high,deterministic_rule
liberty market. july grocery. paki area,Expense,2001.0,Food & Groceries,deterministic_rule,high,deterministic_rule
locket set + chain + box,Expense,2001.0,Food & Groceries,deterministic_rule,high,deterministic_rule
loki tomato aalo n dahi,Expense,2001.0,Food & Groceries,deterministic_rule,high,deterministic_rule
lonavala villa + travelling + food ,Expense,2001.0,Food & Groceries,deterministic_rule,high,deterministic_rule
lunch + refreshment,Expense,2001.0,Food & Groceries,deterministic_rule,high,deterministic_rule
lunch 12j,Expense,2001.0,Food & Groceries,deterministic_rule,high,deterministic_rule
lunch 6 july,Expense,2001.0,Food & Groceries,deterministic_rule,high,deterministic_rule
lunch 8 july,Expense,2001.0,Food & Groceries,deterministic_rule,high,deterministic_rule
lunch Agra ,Expense,2001.0,Food & Groceries,deterministic_rule,high,deterministic_rule
lunch Khan pur dam visit,Expense,2001.0,Food & Groceries,deterministic_rule,high,deterministic_rule
lunch and parking,Expense,2001.0,Food & Groceries,deterministic_rule,high,deterministic_rule
lunch arrears,Expense,2001.0,Food & Groceries,deterministic_rule,high,deterministic_rule
lunch at Kandhkot ,Expense,2001.0,Food & Groceries,deterministic_rule,high,deterministic_rule
lunch at Malik restaurant and tea ,Expense,2001.0,Food & Groceries,deterministic_rule,high,deterministic_rule
lunch at fetah jhang,Expense,2001.0,Food & Groceries,deterministic_rule,high,deterministic_rule
lunch at flat,Expense,2001.0,Food & Groceries,deterministic_rule,high,deterministic_rule
lunch at home,Expense,2001.0,Food & Groceries,deterministic_rule,high,deterministic_rule
lunch at hotel,Expense,2001.0,Food & Groceries,deterministic_rule,high,deterministic_rule
lunch at khan biryani friday,Expense,2001.0,Food & Groceries,deterministic_rule,high,deterministic_rule
lunch at noshakh,Expense,2001.0,Food & Groceries,deterministic_rule,high,deterministic_rule
lunch at plant,Expense,2001.0,Food & Groceries,deterministic_rule,high,deterministic_rule
lunch at silver spoon and broast at dinner,Expense,2001.0,Food & Groceries,deterministic_rule,high,deterministic_rule
lunch behrin,Expense,2001.0,Food & Groceries,deterministic_rule,high,deterministic_rule
lunch corner food,Transfer,2001.0,Food & Groceries,deterministic_rule,high,deterministic_rule
lunch for sami n ibrahim from meruth,Expense,2001.0,Food & Groceries,deterministic_rule,high,deterministic_rule
lunch from Prem Hatti,Expense,2001.0,Food & Groceries,deterministic_rule,high,deterministic_rule
lunch gamthi khichdi,Expense,2001.0,Food & Groceries,deterministic_rule,high,deterministic_rule
lunch haleem roti,Expense,2001.0,Food & Groceries,deterministic_rule,high,deterministic_rule
lunch in office,Expense,2001.0,Food & Groceries,deterministic_rule,high,deterministic_rule
lunch juice today,Expense,2001.0,Food & Groceries,deterministic_rule,high,deterministic_rule
lunch kfc,Expense,2001.0,Food & Groceries,deterministic_rule,high,deterministic_rule
lunch me and boss with cold drinks,Expense,2001.0,Food & Groceries,deterministic_rule,high,deterministic_rule
lunch office Bihari,Expense,2001.0,Food & Groceries,deterministic_rule,high,deterministic_rule
lunch official staff,Transfer,2001.0,Food & Groceries,deterministic_rule,high,deterministic_rule
lunch plus tea ,Expense,2001.0,Food & Groceries,deterministic_rule,high,deterministic_rule
lunch share ,Transfer,2001.0,Food & Groceries,deterministic_rule,high,deterministic_rule
lunch swiggyit,Expense,2001.0,Food & Groceries,deterministic_rule,high,deterministic_rule
lunch tdy,Expense,2001.0,Food & Groceries,deterministic_rule,high,deterministic_rule
lunch with Dr. mudassir,Expense,2001.0,Food & Groceries,deterministic_rule,high,deterministic_rule
lunch with Mohsin and nida,Expense,2001.0,Food & Groceries,deterministic_rule,high,deterministic_rule
lunch with ali,Expense,2001.0,Food & Groceries,deterministic_rule,high,deterministic_rule
lunch with ali and waleed ,Expense,2001.0,Food & Groceries,deterministic_rule,high,deterministic_rule
lunch with hashaam sara,Expense,2001.0,Food & Groceries,deterministic_rule,high,deterministic_rule
lunch.,Expense,2001.0,Food & Groceries,deterministic_rule,high,deterministic_rule
lunchish,Expense,2001.0,Food & Groceries,deterministic_rule,high,deterministic_rule
macroni stuff and chicken,Expense,2001.0,Food & Groceries,deterministic_rule,high,deterministic_rule
madni biryani,Expense,2001.0,Food & Groceries,deterministic_rule,high,deterministic_rule
"maggi, cold drink, juice",Expense,2001.0,Food & Groceries,deterministic_rule,high,deterministic_rule
"maida, bread",Expense,2001.0,Food & Groceries,deterministic_rule,high,deterministic_rule
makhan nd cake rusk,Expense,2001.0,Food & Groceries,deterministic_rule,high,deterministic_rule
makka restaurant ,Expense,2001.0,Food & Groceries,deterministic_rule,high,deterministic_rule
mama face wash & cake,Expense,2001.0,Food & Groceries,deterministic_rule,high,deterministic_rule
mama food,Income,2001.0,Food & Groceries,deterministic_rule,high,deterministic_rule
mama green tea,Expense,2001.0,Food & Groceries,deterministic_rule,high,deterministic_rule
mama ko dahi k liay diay.,Expense,2001.0,Food & Groceries,deterministic_rule,high,deterministic_rule
mama return- food and miso,Income,2001.0,Food & Groceries,deterministic_rule,high,deterministic_rule
manahil cakes and etc,Expense,2001.0,Food & Groceries,deterministic_rule,high,deterministic_rule
mandi plus dinner,Expense,2001.0,Food & Groceries,deterministic_rule,high,deterministic_rule
"mango ,cherry and chicken ",Expense,2001.0,Food & Groceries,deterministic_rule,high,deterministic_rule
mango 12 kg chicken and sabzi,Expense,2001.0,Food & Groceries,deterministic_rule,high,deterministic_rule
mango and aalu bukhara from icchra,Expense,2001.0,Food & Groceries,deterministic_rule,high,deterministic_rule
mango and masjid,Expense,2001.0,Food & Groceries,deterministic_rule,high,deterministic_rule
mango and milk from nandi,Expense,2001.0,Food & Groceries,deterministic_rule,high,deterministic_rule
"mango came from home, 200 bus charges and 250 delivery charges ",Expense,2001.0,Food & Groceries,deterministic_rule,high,deterministic_rule
"mango juice(zafar) bhale and chips, rani juice ",Expense,2001.0,Food & Groceries,deterministic_rule,high,deterministic_rule
mango leechi,Expense,2001.0,Food & Groceries,deterministic_rule,high,deterministic_rule
mango milk ,Expense,2001.0,Food & Groceries,deterministic_rule,high,deterministic_rule
mango received fem RYK,Expense,2001.0,Food & Groceries,deterministic_rule,high,deterministic_rule
mango shakes,Expense,2001.0,Food & Groceries,deterministic_rule,high,deterministic_rule
mango+rose water,Expense,2001.0,Food & Groceries,deterministic_rule,high,deterministic_rule
"mango, banana",Expense,2001.0,Food & Groceries,deterministic_rule,high,deterministic_rule
"mango,alobukhara",Expense,2001.0,Food & Groceries,deterministic_rule,high,deterministic_rule
"mango,alobukhara,bnana,ghrma",Expense,2001.0,Food & Groceries,deterministic_rule,high,deterministic_rule
mangoes 1 kg,Expense,2001.0,Food & Groceries,deterministic_rule,high,deterministic_rule
mangoes and banana,Expense,2001.0,Food & Groceries,deterministic_rule,high,deterministic_rule
"mangoes and rotti
",Expense,2001.0,Food & Groceries,deterministic_rule,high,deterministic_rule
"mangoes for ghr
",Expense,2001.0,Food & Groceries,deterministic_rule,high,deterministic_rule
mangoes fruits etc,Expense,2001.0,Food & Groceries,deterministic_rule,high,deterministic_rule
"mangoes, leechi etc",Expense,2001.0,Food & Groceries,deterministic_rule,high,deterministic_rule
mangos ,Expense,2001.0,Food & Groceries,deterministic_rule,high,deterministic_rule
mangowal Chachi,Expense,2001.0,Food & Groceries,deterministic_rule,high,deterministic_rule
many groceries.. for like a month.!,Expense,2001.0,Food & Groceries,deterministic_rule,high,deterministic_rule
mask bottle biryani ,Expense,2001.0,Food & Groceries,deterministic_rule,high,deterministic_rule
mastana Centuarus and kranchi biryani payment collection ,Expense,2001.0,Food & Groceries,deterministic_rule,high,deterministic_rule
match snacks,Expense,2001.0,Food & Groceries,deterministic_rule,high,deterministic_rule
mcdonalds dinner at centaurus ,Expense,2001.0,Food & Groceries,deterministic_rule,high,deterministic_rule
mcdonalds for adn,Expense,2001.0,Food & Groceries,deterministic_rule,high,deterministic_rule
mcdonalds mmalam,Expense,2001.0,Food & Groceries,deterministic_rule,high,deterministic_rule
mcdonalds w huma,Expense,2001.0,Food & Groceries,deterministic_rule,high,deterministic_rule
mcdonalds with isra,Expense,2001.0,Food & Groceries,deterministic_rule,high,deterministic_rule
mcdonals milkshake ,Expense,2001.0,Food & Groceries,deterministic_rule,high,deterministic_rule
me &amjad Bhai breakfast,Expense,2001.0,Food & Groceries,deterministic_rule,high,deterministic_rule
me zoey mcdonalds,Expense,2001.0,Food & Groceries,deterministic_rule,high,deterministic_rule
meat + fruit,Expense,2001.0,Food & Groceries,deterministic_rule,high,deterministic_rule
meat and chicken ,Expense,2001.0,Food & Groceries,deterministic_rule,high,deterministic_rule
mehtab fruit mobile case.  milk shake kulfi,Expense,2001.0,Food & Groceries,deterministic_rule,high,deterministic_rule
mei kong lunch,Expense,2001.0,Food & Groceries,deterministic_rule,high,deterministic_rule
mh juice water,Expense,2001.0,Food & Groceries,deterministic_rule,high,deterministic_rule
miji milk powder,Expense,2001.0,Food & Groceries,deterministic_rule,high,deterministic_rule
"milk + curd
",Expense,2001.0,Food & Groceries,deterministic_rule,high,deterministic_rule
milk + internet ,Expense,2001.0,Food & Groceries,deterministic_rule,high,deterministic_rule
milk .5 kg,Expense,2001.0,Food & Groceries,deterministic_rule,high,deterministic_rule
milk 11*2*110+55,Expense,2001.0,Food & Groceries,deterministic_rule,high,deterministic_rule
milk 2 kg ,Expense,2001.0,Food & Groceries,deterministic_rule,high,deterministic_rule
milk 2kg,Expense,2001.0,Food & Groceries,deterministic_rule,high,deterministic_rule
milk BF,Expense,2001.0,Food & Groceries,deterministic_rule,high,deterministic_rule
milk Gokul ,Expense,2001.0,Food & Groceries,deterministic_rule,high,deterministic_rule
milk and bread cake,Expense,2001.0,Food & Groceries,deterministic_rule,high,deterministic_rule
milk and bun,Expense,2001.0,Food & Groceries,deterministic_rule,high,deterministic_rule
milk and butter. ,Expense,2001.0,Food & Groceries,deterministic_rule,high,deterministic_rule
milk and cakes,Expense,2001.0,Food & Groceries,deterministic_rule,high,deterministic_rule
milk and chhas,Expense,2001.0,Food & Groceries,deterministic_rule,high,deterministic_rule
milk and dahi ,Expense,2001.0,Food & Groceries,deterministic_rule,high,deterministic_rule
milk and dahi bhale ,Expense,2001.0,Food & Groceries,deterministic_rule,high,deterministic_rule
milk and fruit,Expense,2001.0,Food & Groceries,deterministic_rule,high,deterministic_rule
milk and onion,Expense,2001.0,Food & Groceries,deterministic_rule,high,deterministic_rule
milk and rotian. ,Expense,2001.0,Food & Groceries,deterministic_rule,high,deterministic_rule
milk and surf,Expense,2001.0,Food & Groceries,deterministic_rule,high,deterministic_rule
milk basket,Expense,2001.0,Food & Groceries,deterministic_rule,high,deterministic_rule
milk bootel 2,Expense,2001.0,Food & Groceries,deterministic_rule,high,deterministic_rule
milk bread cakes,Expense,2001.0,Food & Groceries,deterministic_rule,high,deterministic_rule
milk bread egg tea redbull,Expense,2001.0,Food & Groceries,deterministic_rule,high,deterministic_rule
milk bread eggs aata sabzi,Expense,2001.0,Food & Groceries,deterministic_rule,high,deterministic_rule
milk bread yogurt,Expense,2001.0,Food & Groceries,deterministic_rule,high,deterministic_rule
milk carton..nestle ,Expense,2001.0,Food & Groceries,deterministic_rule,high,deterministic_rule
milk cheese ghee,Expense,2001.0,Food & Groceries,deterministic_rule,high,deterministic_rule
milk curd ice cream,Expense,2001.0,Food & Groceries,deterministic_rule,high,deterministic_rule
milk etc,Expense,2001.0,Food & Groceries,deterministic_rule,high,deterministic_rule
milk for BF,Expense,2001.0,Food & Groceries,deterministic_rule,high,deterministic_rule
milk for jk month of July,Expense,2001.0,Food & Groceries,deterministic_rule,high,deterministic_rule
milk for wania,Expense,2001.0,Food & Groceries,deterministic_rule,high,deterministic_rule
milk fruit etc ,Expense,2001.0,Food & Groceries,deterministic_rule,high,deterministic_rule
milk ibarhim and fruits for home ,Expense,2001.0,Food & Groceries,deterministic_rule,high,deterministic_rule
milk june,Expense,2001.0,Food & Groceries,deterministic_rule,high,deterministic_rule
milk kheer ,Expense,2001.0,Food & Groceries,deterministic_rule,high,deterministic_rule
milk kid,Expense,2001.0,Food & Groceries,deterministic_rule,high,deterministic_rule
milk man monthly bill,Expense,2001.0,Food & Groceries,deterministic_rule,high,deterministic_rule
milk n juice paityy  n baraf,Expense,2001.0,Food & Groceries,deterministic_rule,high,deterministic_rule
milk n soap,Expense,2001.0,Food & Groceries,deterministic_rule,high,deterministic_rule
milk pack 2 ltr,Expense,2001.0,Food & Groceries,deterministic_rule,high,deterministic_rule
"milk pack, bread ",Expense,2001.0,Food & Groceries,deterministic_rule,high,deterministic_rule
milk purchase,Expense,2001.0,Food & Groceries,deterministic_rule,high,deterministic_rule
milk rice floor,Expense,2001.0,Food & Groceries,deterministic_rule,high,deterministic_rule
milk shakes health and goodness,Expense,2001.0,Food & Groceries,deterministic_rule,high,deterministic_rule
milk yogurt snacks for 433-eden,Expense,2001.0,Food & Groceries,deterministic_rule,high,deterministic_rule
milk yougurt bread sandwich,Expense,2001.0,Food & Groceries,deterministic_rule,high,deterministic_rule
"milk, biscuit, tea",Expense,2001.0,Food & Groceries,deterministic_rule,high,deterministic_rule
"milk, eggs and cream from muneer",Expense,2001.0,Food & Groceries,deterministic_rule,high,deterministic_rule
"milk, ice cream",Expense,2001.0,Food & Groceries,deterministic_rule,high,deterministic_rule
"milk, noodles",Expense,2001.0,Food & Groceries,deterministic_rule,high,deterministic_rule
"milk, roti, juices, sandwich aga khan",Expense,2001.0,Food & Groceries,deterministic_rule,high,deterministic_rule
"milk, spagette, pudding, chicken, sabzi",Expense,2001.0,Food & Groceries,deterministic_rule,high,deterministic_rule
"milk,.pati,alachi",Expense,2001.0,Food & Groceries,deterministic_rule,high,deterministic_rule
milk-pack lays,Expense,2001.0,Food & Groceries,deterministic_rule,high,deterministic_rule
milkpack and bread and color jel pencils,Expense,2001.0,Food & Groceries,deterministic_rule,high,deterministic_rule
milkshakes ,Expense,2001.0,Food & Groceries,deterministic_rule,high,deterministic_rule
mineral water aur 2 juices,Expense,2001.0,Food & Groceries,deterministic_rule,high,deterministic_rule
mini golf club lunch ,Expense,2001.0,Food & Groceries,deterministic_rule,high,deterministic_rule
misc food,Expense,2001.0,Food & Groceries,deterministic_rule,high,deterministic_rule
misc food items,Expense,2001.0,Food & Groceries,deterministic_rule,high,deterministic_rule
misc grocery items ,Expense,2001.0,Food & Groceries,deterministic_rule,high,deterministic_rule
miscellaneous food items,Expense,2001.0,Food & Groceries,deterministic_rule,high,deterministic_rule
miscellaneous grocery,Expense,2001.0,Food & Groceries,deterministic_rule,high,deterministic_rule
mishael birthday cake present from me,Expense,2001.0,Food & Groceries,deterministic_rule,high,deterministic_rule
mishkat sb lunch,Expense,2001.0,Food & Groceries,deterministic_rule,high,deterministic_rule
misspelled and roti,Expense,2001.0,Food & Groceries,deterministic_rule,high,deterministic_rule
mix chart and juice ,Expense,2001.0,Food & Groceries,deterministic_rule,high,deterministic_rule
mofa lunch ,Expense,2001.0,Food & Groceries,deterministic_rule,high,deterministic_rule
mom birthday cake,Expense,2001.0,Food & Groceries,deterministic_rule,high,deterministic_rule
monday food and weeks milk,Expense,2001.0,Food & Groceries,deterministic_rule,high,deterministic_rule
monthly groceries. ,Expense,2001.0,Food & Groceries,deterministic_rule,high,deterministic_rule
monthly grocery payments ,Expense,2001.0,Food & Groceries,deterministic_rule,high,deterministic_rule
"morning chai
",Expense,2001.0,Food & Groceries,deterministic_rule,high,deterministic_rule
munna juice ,Expense,2001.0,Food & Groceries,deterministic_rule,high,deterministic_rule
mutton and chicken desi,Expense,2001.0,Food & Groceries,deterministic_rule,high,deterministic_rule
mutton chicken,Expense,2001.0,Food & Groceries,deterministic_rule,high,deterministic_rule
n lunch,Expense,2001.0,Food & Groceries,deterministic_rule,high,deterministic_rule
naan and tea ,Expense,2001.0,Food & Groceries,deterministic_rule,high,deterministic_rule
naan roti,Expense,2001.0,Food & Groceries,deterministic_rule,high,deterministic_rule
"nadeem bhai dinner
",Expense,2001.0,Food & Groceries,deterministic_rule,high,deterministic_rule
nashta,Expense,2001.0,Food & Groceries,deterministic_rule,high,deterministic_rule
"nashta , tamatar
",Expense,2001.0,Food & Groceries,deterministic_rule,high,deterministic_rule
nashta - nan chane,Expense,2001.0,Food & Groceries,deterministic_rule,high,deterministic_rule
nashta and naan,Expense,2001.0,Food & Groceries,deterministic_rule,high,deterministic_rule
nashta biscuits pista milk,Expense,2001.0,Food & Groceries,deterministic_rule,high,deterministic_rule
nashta ly ky aya hu,Expense,2001.0,Food & Groceries,deterministic_rule,high,deterministic_rule
nashta plus snack ,Expense,2001.0,Food & Groceries,deterministic_rule,high,deterministic_rule
nashta rotai baryani,Expense,2001.0,Food & Groceries,deterministic_rule,high,deterministic_rule
nashta waghera,Expense,2001.0,Food & Groceries,deterministic_rule,high,deterministic_rule
nashta with fine,Transfer,2001.0,Food & Groceries,deterministic_rule,high,deterministic_rule
nashta+samosay+bottle Sunday,Expense,2001.0,Food & Groceries,deterministic_rule,high,deterministic_rule
"nashtay k waqt
",Transfer,2001.0,Food & Groceries,deterministic_rule,high,deterministic_rule
nestle juice for Adeel bd,Expense,2001.0,Food & Groceries,deterministic_rule,high,deterministic_rule
net cash for pizza at 33-D,Expense,2001.0,Food & Groceries,deterministic_rule,high,deterministic_rule
newyorker pizza home,Expense,2001.0,Food & Groceries,deterministic_rule,high,deterministic_rule
nida ahsan bachai ,Expense,2001.0,Food & Groceries,deterministic_rule,high,deterministic_rule
night snacks,Expense,2001.0,Food & Groceries,deterministic_rule,high,deterministic_rule
nihari and cake,Expense,2001.0,Food & Groceries,deterministic_rule,high,deterministic_rule
noodles milk tomato,Expense,2001.0,Food & Groceries,deterministic_rule,high,deterministic_rule
noodles+cerelac+cake,Expense,2001.0,Food & Groceries,deterministic_rule,high,deterministic_rule
"nuggest 250, nimko 100, cake 100, biscuits 50",Expense,2001.0,Food & Groceries,deterministic_rule,high,deterministic_rule
o cafe,Expense,2001.0,Food & Groceries,deterministic_rule,high,deterministic_rule
ofc biryani,Expense,2001.0,Food & Groceries,deterministic_rule,high,deterministic_rule
ofc lunch creamchat,Expense,2001.0,Food & Groceries,deterministic_rule,high,deterministic_rule
offc dinner,Expense,2001.0,Food & Groceries,deterministic_rule,high,deterministic_rule
"offc lunch
",Expense,2001.0,Food & Groceries,deterministic_rule,high,deterministic_rule
offc lunch misc,Expense,2001.0,Food & Groceries,deterministic_rule,high,deterministic_rule
"offic lunch
",Expense,2001.0,Food & Groceries,deterministic_rule,high,deterministic_rule
office dinner,Expense,2001.0,Food & Groceries,deterministic_rule,high,deterministic_rule
office dinner payment,Expense,2001.0,Food & Groceries,deterministic_rule,high,deterministic_rule
office evening lunch,Expense,2001.0,Food & Groceries,deterministic_rule,high,deterministic_rule
office food expenses ,Expense,2001.0,Food & Groceries,deterministic_rule,high,deterministic_rule
office grocery reimbursement,Transfer,2001.0,Food & Groceries,deterministic_rule,high,deterministic_rule
office juice and water,Expense,2001.0,Food & Groceries,deterministic_rule,high,deterministic_rule
"office lunch bill 
",Expense,2001.0,Food & Groceries,deterministic_rule,high,deterministic_rule
office pizza and pani,Expense,2001.0,Food & Groceries,deterministic_rule,high,deterministic_rule
olive chicken n grocrry,Expense,2001.0,Food & Groceries,deterministic_rule,high,deterministic_rule
olive oil + bread etc carrefore,Expense,2001.0,Food & Groceries,deterministic_rule,high,deterministic_rule
olper milk,Expense,2001.0,Food & Groceries,deterministic_rule,high,deterministic_rule
"olper, egg, bread etc",Expense,2001.0,Food & Groceries,deterministic_rule,high,deterministic_rule
omer biryani,Expense,2001.0,Food & Groceries,deterministic_rule,high,deterministic_rule
omung milk 1 ltr 2,Expense,2001.0,Food & Groceries,deterministic_rule,high,deterministic_rule
optp breakfast,Expense,2001.0,Food & Groceries,deterministic_rule,high,deterministic_rule
optp dinner,Expense,2001.0,Food & Groceries,deterministic_rule,high,deterministic_rule
outing with friends dinner,Expense,2001.0,Food & Groceries,deterministic_rule,high,deterministic_rule
ox and grill. lunch,Expense,2001.0,Food & Groceries,deterministic_rule,high,deterministic_rule
"p. lunch
",Expense,2001.0,Food & Groceries,deterministic_rule,high,deterministic_rule
"pad, pakola milk, tootsiyah",Expense,2001.0,Food & Groceries,deterministic_rule,high,deterministic_rule
paid at daata restaurant ,Transfer,2001.0,Food & Groceries,deterministic_rule,high,deterministic_rule
paid by rida for maid and grocery,Transfer,2001.0,Food & Groceries,deterministic_rule,high,deterministic_rule
"paid food, mom paid me back",Transfer,2001.0,Food & Groceries,deterministic_rule,high,deterministic_rule
paid for chaipatti ,Transfer,2001.0,Food & Groceries,deterministic_rule,high,deterministic_rule
paid for milk ,Transfer,2001.0,Food & Groceries,deterministic_rule,high,deterministic_rule
paid to ayesha for bakery items by waqas,Expense,2001.0,Food & Groceries,deterministic_rule,high,deterministic_rule
pamper ardoor juice mcc,Expense,2001.0,Food & Groceries,deterministic_rule,high,deterministic_rule
"pampers,milk,sauce, battery,ck,wet tisue",Expense,2001.0,Food & Groceries,deterministic_rule,high,deterministic_rule
paneer curd bread and sauce,Expense,2001.0,Food & Groceries,deterministic_rule,high,deterministic_rule
pani 30 40 ki chai or 30 arsalan,Expense,2001.0,Food & Groceries,deterministic_rule,high,deterministic_rule
pani or chai,Expense,2001.0,Food & Groceries,deterministic_rule,high,deterministic_rule
"pani, milk, fruit, sabzi",Expense,2001.0,Food & Groceries,deterministic_rule,high,deterministic_rule
papa John's dinner,Expense,2001.0,Food & Groceries,deterministic_rule,high,deterministic_rule
papay bread ,Expense,2001.0,Food & Groceries,deterministic_rule,high,deterministic_rule
papy and sabzi,Expense,2001.0,Food & Groceries,deterministic_rule,high,deterministic_rule
parathas from master broast for breakfast ,Expense,2001.0,Food & Groceries,deterministic_rule,high,deterministic_rule
parivesh bill tea,Expense,2001.0,Food & Groceries,deterministic_rule,high,deterministic_rule
parrot food,Expense,2001.0,Food & Groceries,deterministic_rule,high,deterministic_rule
patti cake etc,Expense,2001.0,Food & Groceries,deterministic_rule,high,deterministic_rule
payee and roti,Expense,2001.0,Food & Groceries,deterministic_rule,high,deterministic_rule
"paytm kyc , n food ",Expense,2001.0,Food & Groceries,deterministic_rule,high,deterministic_rule
pc repair mujahid bhai chicken,Income,2001.0,Food & Groceries,deterministic_rule,high,deterministic_rule
pepsi and food,Expense,2001.0,Food & Groceries,deterministic_rule,high,deterministic_rule
pet food,Expense,2001.0,Food & Groceries,deterministic_rule,high,deterministic_rule
phaliya sabzi,Expense,2001.0,Food & Groceries,deterministic_rule,high,deterministic_rule
pita bread,Expense,2001.0,Food & Groceries,deterministic_rule,high,deterministic_rule
pizza 363,Expense,2001.0,Food & Groceries,deterministic_rule,high,deterministic_rule
pizza Usman and mizna,Transfer,2001.0,Food & Groceries,deterministic_rule,high,deterministic_rule
pizza at cake kitchen bill 2130 500 added by Nida,Expense,2001.0,Food & Groceries,deterministic_rule,high,deterministic_rule
"pizza at california
",Expense,2001.0,Food & Groceries,deterministic_rule,high,deterministic_rule
pizza bahria,Expense,2001.0,Food & Groceries,deterministic_rule,high,deterministic_rule
pizza cutter ,Expense,2001.0,Food & Groceries,deterministic_rule,high,deterministic_rule
pizza delivery,Expense,2001.0,Food & Groceries,deterministic_rule,high,deterministic_rule
pizza falcon ,Expense,2001.0,Food & Groceries,deterministic_rule,high,deterministic_rule
pizza family time,Expense,2001.0,Food & Groceries,deterministic_rule,high,deterministic_rule
pizza hut manna ,Expense,2001.0,Food & Groceries,deterministic_rule,high,deterministic_rule
"pizza hut, mangos, coke",Expense,2001.0,Food & Groceries,deterministic_rule,high,deterministic_rule
pizza ice cream,Expense,2001.0,Food & Groceries,deterministic_rule,high,deterministic_rule
pizza master,Expense,2001.0,Food & Groceries,deterministic_rule,high,deterministic_rule
pizza n snacks huma,Expense,2001.0,Food & Groceries,deterministic_rule,high,deterministic_rule
pizza o cheese,Expense,2001.0,Food & Groceries,deterministic_rule,high,deterministic_rule
pizza pindi,Expense,2001.0,Food & Groceries,deterministic_rule,high,deterministic_rule
pizza time,Expense,2001.0,Food & Groceries,deterministic_rule,high,deterministic_rule
pizza with arsu,Expense,2001.0,Food & Groceries,deterministic_rule,high,deterministic_rule
pizza with friends ,Expense,2001.0,Food & Groceries,deterministic_rule,high,deterministic_rule
pizza with usama,Expense,2001.0,Food & Groceries,deterministic_rule,high,deterministic_rule
"plums and passion fruit!

 ",Expense,2001.0,Food & Groceries,deterministic_rule,high,deterministic_rule
potato + onion + vegetables,Expense,2001.0,Food & Groceries,deterministic_rule,high,deterministic_rule
"potatoes, dry cells, roti (3), yougurt",Expense,2001.0,Food & Groceries,deterministic_rule,high,deterministic_rule
pratha dahi,Expense,2001.0,Food & Groceries,deterministic_rule,high,deterministic_rule
"prema milk
",Expense,2001.0,Food & Groceries,deterministic_rule,high,deterministic_rule
prev lunch n food,Expense,2001.0,Food & Groceries,deterministic_rule,high,deterministic_rule
probably mcdonalds,Expense,2001.0,Food & Groceries,deterministic_rule,high,deterministic_rule
pucci cake,Expense,2001.0,Food & Groceries,deterministic_rule,high,deterministic_rule
"puffy chicken, samosa, water, thumbs up",Expense,2001.0,Food & Groceries,deterministic_rule,high,deterministic_rule
pur cake milk juice for breakfast,Expense,2001.0,Food & Groceries,deterministic_rule,high,deterministic_rule
qeema and chicken,Expense,2001.0,Food & Groceries,deterministic_rule,high,deterministic_rule
qourma roti for guest ,Expense,2001.0,Food & Groceries,deterministic_rule,high,deterministic_rule
ramen juice,Expense,2001.0,Food & Groceries,deterministic_rule,high,deterministic_rule
random grocery fruits,Expense,2001.0,Food & Groceries,deterministic_rule,high,deterministic_rule
rashid bengali dinner,Expense,2001.0,Food & Groceries,deterministic_rule,high,deterministic_rule
real juice,Expense,2001.0,Food & Groceries,deterministic_rule,high,deterministic_rule
"return from Rabeet
he paid my 1300 for lunch and remaining was returned",Income,2001.0,Food & Groceries,deterministic_rule,high,deterministic_rule
rice & vegetables ,Expense,2001.0,Food & Groceries,deterministic_rule,high,deterministic_rule
rice 1 kg and bread,Expense,2001.0,Food & Groceries,deterministic_rule,high,deterministic_rule
"rice, tea, flour etc",Expense,2001.0,Food & Groceries,deterministic_rule,high,deterministic_rule
roti  home,Expense,2001.0,Food & Groceries,deterministic_rule,high,deterministic_rule
roti + coke etc,Expense,2001.0,Food & Groceries,deterministic_rule,high,deterministic_rule
roti and bottle,Expense,2001.0,Food & Groceries,deterministic_rule,high,deterministic_rule
roti and dahi,Expense,2001.0,Food & Groceries,deterministic_rule,high,deterministic_rule
roti and snacks,Expense,2001.0,Food & Groceries,deterministic_rule,high,deterministic_rule
roti dahi and chai ,Expense,2001.0,Food & Groceries,deterministic_rule,high,deterministic_rule
roti dahi coldrink,Expense,2001.0,Food & Groceries,deterministic_rule,high,deterministic_rule
roti for lunch,Expense,2001.0,Food & Groceries,deterministic_rule,high,deterministic_rule
roti fries,Expense,2001.0,Food & Groceries,deterministic_rule,high,deterministic_rule
roti gol gappay mango n cold drinks ,Expense,2001.0,Food & Groceries,deterministic_rule,high,deterministic_rule
roti khushk,Income,2001.0,Food & Groceries,deterministic_rule,high,deterministic_rule
roti n Dahi,Expense,2001.0,Food & Groceries,deterministic_rule,high,deterministic_rule
roti n powder n misc,Expense,2001.0,Food & Groceries,deterministic_rule,high,deterministic_rule
roti nan at abu mama,Expense,2001.0,Food & Groceries,deterministic_rule,high,deterministic_rule
roti pakai@7,Transfer,2001.0,Food & Groceries,deterministic_rule,high,deterministic_rule
roti pakwai,Expense,2001.0,Food & Groceries,deterministic_rule,high,deterministic_rule
roti purchase ,Expense,2001.0,Food & Groceries,deterministic_rule,high,deterministic_rule
rotia + bf,Expense,2001.0,Food & Groceries,deterministic_rule,high,deterministic_rule
rotia water soda,Expense,2001.0,Food & Groceries,deterministic_rule,high,deterministic_rule
rotiayn,Expense,2001.0,Food & Groceries,deterministic_rule,high,deterministic_rule
rotis,Expense,2001.0,Food & Groceries,deterministic_rule,high,deterministic_rule
rotiya,Expense,2001.0,Food & Groceries,deterministic_rule,high,deterministic_rule
rotiyan buy from tandoor,Expense,2001.0,Food & Groceries,deterministic_rule,high,deterministic_rule
"rusk, bread",Expense,2001.0,Food & Groceries,deterministic_rule,high,deterministic_rule
sabi n fruits ,Expense,2001.0,Food & Groceries,deterministic_rule,high,deterministic_rule
sabin juice papur at MH,Expense,2001.0,Food & Groceries,deterministic_rule,high,deterministic_rule
sabzi,Expense,2001.0,Food & Groceries,deterministic_rule,high,deterministic_rule
sabzi and makai and dahi,Expense,2001.0,Food & Groceries,deterministic_rule,high,deterministic_rule
sabzi mandi,Expense,2001.0,Food & Groceries,deterministic_rule,high,deterministic_rule
sabzi masala,Expense,2001.0,Food & Groceries,deterministic_rule,high,deterministic_rule
sabzi mava masjid,Expense,2001.0,Food & Groceries,deterministic_rule,high,deterministic_rule
sabzi plus 3 to 2 pin shoe,Expense,2001.0,Food & Groceries,deterministic_rule,high,deterministic_rule
sabzi r dahi,Expense,2001.0,Food & Groceries,deterministic_rule,high,deterministic_rule
"sabzi,dahi,eggs,etc",Expense,2001.0,Food & Groceries,deterministic_rule,high,deterministic_rule
sabzii mix,Expense,2001.0,Food & Groceries,deterministic_rule,high,deterministic_rule
safa biryani,Expense,2001.0,Food & Groceries,deterministic_rule,high,deterministic_rule
safraz lunch,Expense,2001.0,Food & Groceries,deterministic_rule,high,deterministic_rule
sandwich for breakfast ,Expense,2001.0,Food & Groceries,deterministic_rule,high,deterministic_rule
sari grocery 7 days bil clear,Expense,2001.0,Food & Groceries,deterministic_rule,high,deterministic_rule
"save mart. fruit. yogurt etc
",Expense,2001.0,Food & Groceries,deterministic_rule,high,deterministic_rule
savor n bakery items,Expense,2001.0,Food & Groceries,deterministic_rule,high,deterministic_rule
savour chai,Expense,2001.0,Food & Groceries,deterministic_rule,high,deterministic_rule
savour food,Expense,2001.0,Food & Groceries,deterministic_rule,high,deterministic_rule
savour foods,Expense,2001.0,Food & Groceries,deterministic_rule,high,deterministic_rule
senaan birthday family dinner,Expense,2001.0,Food & Groceries,deterministic_rule,high,deterministic_rule
sent baby milk cans to Abbotabad ,Expense,2001.0,Food & Groceries,deterministic_rule,high,deterministic_rule
sent to Mohammad Ali for fruit,Expense,2001.0,Food & Groceries,deterministic_rule,high,deterministic_rule
sent to Mohammad Ali for payment of atm fee to buy fruits,Expense,2001.0,Food & Groceries,deterministic_rule,high,deterministic_rule
shabhi and hassan return + food,Expense,2001.0,Food & Groceries,deterministic_rule,high,deterministic_rule
shake & juices,Expense,2001.0,Food & Groceries,deterministic_rule,high,deterministic_rule
shampoo sabzi ,Expense,2001.0,Food & Groceries,deterministic_rule,high,deterministic_rule
share in fruits ,Transfer,2001.0,Food & Groceries,deterministic_rule,high,deterministic_rule
shazu lunch,Expense,2001.0,Food & Groceries,deterministic_rule,high,deterministic_rule
silver chain,Expense,2001.0,Food & Groceries,deterministic_rule,high,deterministic_rule
slice and eggs,Expense,2001.0,Food & Groceries,deterministic_rule,high,deterministic_rule
slice juice,Expense,2001.0,Food & Groceries,deterministic_rule,high,deterministic_rule
"slush, roti",Expense,2001.0,Food & Groceries,deterministic_rule,high,deterministic_rule
smosa and tea,Expense,2001.0,Food & Groceries,deterministic_rule,high,deterministic_rule
snacks at m ali with friends ,Expense,2001.0,Food & Groceries,deterministic_rule,high,deterministic_rule
snacks for home,Expense,2001.0,Food & Groceries,deterministic_rule,high,deterministic_rule
snacks for hyd ,Expense,2001.0,Food & Groceries,deterministic_rule,high,deterministic_rule
snacks for kids,Expense,2001.0,Food & Groceries,deterministic_rule,high,deterministic_rule
snacks+ hinjewadi dmart,Transfer,2001.0,Food & Groceries,deterministic_rule,high,deterministic_rule
"soap, bread , yougurt ",Expense,2001.0,Food & Groceries,deterministic_rule,high,deterministic_rule
spar mango ration,Expense,2001.0,Food & Groceries,deterministic_rule,high,deterministic_rule
special tea for 5 and churot,Expense,2001.0,Food & Groceries,deterministic_rule,high,deterministic_rule
star breakfast,Expense,2001.0,Food & Groceries,deterministic_rule,high,deterministic_rule
subway and car wash,Expense,2001.0,Food & Groceries,deterministic_rule,high,deterministic_rule
subway burgers for kids,Expense,2001.0,Food & Groceries,deterministic_rule,high,deterministic_rule
subway with baqar,Expense,2001.0,Food & Groceries,deterministic_rule,high,deterministic_rule
subways,Expense,2001.0,Food & Groceries,deterministic_rule,high,deterministic_rule
sufian vaccination 18 month chicken pox ,Transfer,2001.0,Food & Groceries,deterministic_rule,high,deterministic_rule
sumair bhai birthday and dinner,Expense,2001.0,Food & Groceries,deterministic_rule,high,deterministic_rule
susral food,Expense,2001.0,Food & Groceries,deterministic_rule,high,deterministic_rule
sweet n pizza ,Expense,2001.0,Food & Groceries,deterministic_rule,high,deterministic_rule
sweets and milk,Expense,2001.0,Food & Groceries,deterministic_rule,high,deterministic_rule
taha tea paratha,Expense,2001.0,Food & Groceries,deterministic_rule,high,deterministic_rule
tariq khan lunch,Expense,2001.0,Food & Groceries,deterministic_rule,high,deterministic_rule
tattle teahouse w izma,Expense,2001.0,Food & Groceries,deterministic_rule,high,deterministic_rule
tea &lassi,Expense,2001.0,Food & Groceries,deterministic_rule,high,deterministic_rule
tea - family mixture,Transfer,2001.0,Food & Groceries,deterministic_rule,high,deterministic_rule
tea Milkshake,Expense,2001.0,Food & Groceries,deterministic_rule,high,deterministic_rule
tea and cup cake at CMH with Aliza ,Expense,2001.0,Food & Groceries,deterministic_rule,high,deterministic_rule
tea and parking ,Expense,2001.0,Food & Groceries,deterministic_rule,high,deterministic_rule
tea at HK,Expense,2001.0,Food & Groceries,deterministic_rule,high,deterministic_rule
tea at isb tool plaza,Expense,2001.0,Food & Groceries,deterministic_rule,high,deterministic_rule
tea begs and every day ,Expense,2001.0,Food & Groceries,deterministic_rule,high,deterministic_rule
tea coffee and bean for official visit,Expense,2001.0,Food & Groceries,deterministic_rule,high,deterministic_rule
tea in i8 cafe,Expense,2001.0,Food & Groceries,deterministic_rule,high,deterministic_rule
tea infuser and mask,Expense,2001.0,Food & Groceries,deterministic_rule,high,deterministic_rule
tea items office,Expense,2001.0,Food & Groceries,deterministic_rule,high,deterministic_rule
tea milk etc,Transfer,2001.0,Food & Groceries,deterministic_rule,high,deterministic_rule
tea mmh,Expense,2001.0,Food & Groceries,deterministic_rule,high,deterministic_rule
tea naan stop,Expense,2001.0,Food & Groceries,deterministic_rule,high,deterministic_rule
tea nd cofee at Macdonald attabad,Expense,2001.0,Food & Groceries,deterministic_rule,high,deterministic_rule
tea paties at CMH for Aliza admission,Expense,2001.0,Food & Groceries,deterministic_rule,high,deterministic_rule
tea roof pouring day from shah,Expense,2001.0,Food & Groceries,deterministic_rule,high,deterministic_rule
tea time with Mishal,Expense,2001.0,Food & Groceries,deterministic_rule,high,deterministic_rule
tea tool tax service,Expense,2001.0,Food & Groceries,deterministic_rule,high,deterministic_rule
tea with gunesh kumar ,Expense,2001.0,Food & Groceries,deterministic_rule,high,deterministic_rule
team fund ball sale,Income,2001.0,Food & Groceries,deterministic_rule,high,deterministic_rule
teasta,Expense,2001.0,Food & Groceries,deterministic_rule,high,deterministic_rule
this money is my family get food,Transfer,2001.0,Food & Groceries,deterministic_rule,high,deterministic_rule
tikka lunch,Expense,2001.0,Food & Groceries,deterministic_rule,high,deterministic_rule
tip for waiter at vintage restaurant,Expense,2001.0,Food & Groceries,deterministic_rule,high,deterministic_rule
tissue paper grocery shalmi,Expense,2001.0,Food & Groceries,deterministic_rule,high,deterministic_rule
to rakesh by gpay for fruits ,Expense,2001.0,Food & Groceries,deterministic_rule,high,deterministic_rule
toll at ring road and tip at restaurant,Expense,2001.0,Food & Groceries,deterministic_rule,high,deterministic_rule
took for roti,Transfer,2001.0,Food & Groceries,deterministic_rule,high,deterministic_rule
train food including chicken ,Expense,2001.0,Food & Groceries,deterministic_rule,high,deterministic_rule
"treschic biscuit, bran bread eggs",Expense,2001.0,Food & Groceries,deterministic_rule,high,deterministic_rule
trip food ,Expense,2001.0,Food & Groceries,deterministic_rule,high,deterministic_rule
umar chargha foodpanda,Expense,2001.0,Food & Groceries,deterministic_rule,high,deterministic_rule
"united bakery, ammis charts",Expense,2001.0,Food & Groceries,deterministic_rule,high,deterministic_rule
usman susral 10 kg mangoes,Expense,2001.0,Food & Groceries,deterministic_rule,high,deterministic_rule
utopia brkfst 1040 + mask + eggs ,Expense,2001.0,Food & Groceries,deterministic_rule,high,deterministic_rule
uzma fruit,Expense,2001.0,Food & Groceries,deterministic_rule,high,deterministic_rule
vadoadara food mami,Expense,2001.0,Food & Groceries,deterministic_rule,high,deterministic_rule
vadodara dinner and roll,Expense,2001.0,Food & Groceries,deterministic_rule,high,deterministic_rule
vape juice,Expense,2001.0,Food & Groceries,deterministic_rule,high,deterministic_rule
veg fruit,Expense,2001.0,Food & Groceries,deterministic_rule,high,deterministic_rule
vege fruits ,Expense,2001.0,Food & Groceries,deterministic_rule,high,deterministic_rule
vege n fruit,Expense,2001.0,Food & Groceries,deterministic_rule,high,deterministic_rule
vegetable +fruits ,Expense,2001.0,Food & Groceries,deterministic_rule,high,deterministic_rule
vegetables,Expense,2001.0,Food & Groceries,deterministic_rule,high,deterministic_rule
vegetables 250 sugar 70 nudals 70 mango 160 faisal juice 80,Expense,2001.0,Food & Groceries,deterministic_rule,high,deterministic_rule
vegetables and entertainment ,Expense,2001.0,Food & Groceries,deterministic_rule,high,deterministic_rule
vegetables and oil,Expense,2001.0,Food & Groceries,deterministic_rule,high,deterministic_rule
vegetables and water bottles ,Expense,2001.0,Food & Groceries,deterministic_rule,high,deterministic_rule
vegetables for Vicky group ,Expense,2001.0,Food & Groceries,deterministic_rule,high,deterministic_rule
"vegetables, pappar and daal pakwan,daarhi khatt",Expense,2001.0,Food & Groceries,deterministic_rule,high,deterministic_rule
vegs + lunch somi,Expense,2001.0,Food & Groceries,deterministic_rule,high,deterministic_rule
waiting office open take tea,Expense,2001.0,Food & Groceries,deterministic_rule,high,deterministic_rule
wali milk box ,Expense,2001.0,Food & Groceries,deterministic_rule,high,deterministic_rule
wali ny liye grocery k,Expense,2001.0,Food & Groceries,deterministic_rule,high,deterministic_rule
waqas tea,Expense,2001.0,Food & Groceries,deterministic_rule,high,deterministic_rule
water and mango,Income,2001.0,Food & Groceries,deterministic_rule,high,deterministic_rule
water and sandwich from united for breakfast,Expense,2001.0,Food & Groceries,deterministic_rule,high,deterministic_rule
water and tea from ajman ,Expense,2001.0,Food & Groceries,deterministic_rule,high,deterministic_rule
water juice and bank charges ,Expense,2001.0,Food & Groceries,deterministic_rule,high,deterministic_rule
"water,eggs,sbzi",Expense,2001.0,Food & Groceries,deterministic_rule,high,deterministic_rule
wedding cake,Expense,2001.0,Food & Groceries,deterministic_rule,high,deterministic_rule
wekeend lunch,Expense,2001.0,Food & Groceries,deterministic_rule,high,deterministic_rule
"well food cookies
",Expense,2001.0,Food & Groceries,deterministic_rule,high,deterministic_rule
wheat and eggs ,Expense,2001.0,Food & Groceries,deterministic_rule,high,deterministic_rule
wheel chair ,Expense,2001.0,Food & Groceries,deterministic_rule,high,deterministic_rule
wheelys lotus McDonalds ,Expense,2001.0,Food & Groceries,deterministic_rule,high,deterministic_rule
workshop Tea,Expense,2001.0,Food & Groceries,deterministic_rule,high,deterministic_rule
wromg food delivery ,Expense,2001.0,Food & Groceries,deterministic_rule,high,deterministic_rule
yeast egg bread,Expense,2001.0,Food & Groceries,deterministic_rule,high,deterministic_rule
yesterday night dinner at dua restaurant ,Expense,2001.0,Food & Groceries,deterministic_rule,high,deterministic_rule
yougurt milk,Expense,2001.0,Food & Groceries,deterministic_rule,high,deterministic_rule
"zavo milk
",Expense,2001.0,Food & Groceries,deterministic_rule,high,deterministic_rule
zitchen biryani,Expense,2001.0,Food & Groceries,deterministic_rule,high,deterministic_rule
zohan milk,Expense,2001.0,Food & Groceries,deterministic_rule,high,deterministic_rule
zrar biryani,Expense,2001.0,Food & Groceries,deterministic_rule,high,deterministic_rule
"Şok:
4.25 chocomix
2.60 wet wipes
11.45 corn flakes
3.25 milk
4.25 peynir
0.25 poşet",Expense,2001.0,Food & Groceries,deterministic_rule,high,deterministic_rule
الغدا في king chicken في دهب,Expense,2001.0,Food & Groceries,deterministic_rule,high,deterministic_rule
100 Bike Petrol + LHR to GRW with Shazim,Expense,2002.0,Fuel,deterministic_rule,high,deterministic_rule
100 for petrol recieved from Hafiz Haseeb ,Income,2002.0,Fuel,deterministic_rule,high,deterministic_rule
1000 ka petrol and 100 mechanic,Expense,2002.0,Fuel,deterministic_rule,high,deterministic_rule
1000 petrol,Expense,2002.0,Fuel,deterministic_rule,high,deterministic_rule
"1000 petrol 
1000 petrol",Expense,2002.0,Fuel,deterministic_rule,high,deterministic_rule
10163km. petrol,Expense,2002.0,Fuel,deterministic_rule,high,deterministic_rule
125 petrol,Expense,2002.0,Fuel,deterministic_rule,high,deterministic_rule
16480 1 LTR from PSO nazimabad,Expense,2002.0,Fuel,deterministic_rule,high,deterministic_rule
17000 reading 2 LTR almost full pso nazimabad,Expense,2002.0,Fuel,deterministic_rule,high,deterministic_rule
"2 times village
3 times attock 
",Expense,2002.0,Fuel,deterministic_rule,high,deterministic_rule
20+id card copy+petrolrupes tax of Atm for uBL wiz card depost,Expense,2002.0,Fuel,deterministic_rule,high,deterministic_rule
21.7 litres of petrol at Rs. 113 per litre,Expense,2002.0,Fuel,deterministic_rule,high,deterministic_rule
275 CNG...725 Car Petrol,Expense,2002.0,Fuel,deterministic_rule,high,deterministic_rule
3093 petrol ,Expense,2002.0,Fuel,deterministic_rule,high,deterministic_rule
3093 petrol thru card,Expense,2002.0,Fuel,deterministic_rule,high,deterministic_rule
30l pso,Expense,2002.0,Fuel,deterministic_rule,high,deterministic_rule
360 oil 500 petrol,Expense,2002.0,Fuel,deterministic_rule,high,deterministic_rule
500 petrol k liye liya tha .!,Expense,2002.0,Fuel,deterministic_rule,high,deterministic_rule
500 petrol or 300 kahi or kharch howe,Expense,2002.0,Fuel,deterministic_rule,high,deterministic_rule
6 litre petrol in bike ,Expense,2002.0,Fuel,deterministic_rule,high,deterministic_rule
6 ltr petrol meter was on 585 and petrol pump was total parco shahrah e faisal,Expense,2002.0,Fuel,deterministic_rule,high,deterministic_rule
9864 petrol,Expense,2002.0,Fuel,deterministic_rule,high,deterministic_rule
AMBER SERVICE STATION PSO,Expense,2002.0,Fuel,deterministic_rule,high,deterministic_rule
Ahsans Bike Petrol,Expense,2002.0,Fuel,deterministic_rule,high,deterministic_rule
Ahsan’s Car Petrol & Toll Taxes,Expense,2002.0,Fuel,deterministic_rule,high,deterministic_rule
Akhil Petrol,Expense,2002.0,Fuel,deterministic_rule,high,deterministic_rule
Al Ghani Petroleum ,Expense,2002.0,Fuel,deterministic_rule,high,deterministic_rule
Alto fuel,Expense,2002.0,Fuel,approved_mapping,very_high,approved_mapping
At Shell - 20 and 5,Expense,2002.0,Fuel,deterministic_rule,high,deterministic_rule
Attock,Expense,2002.0,Fuel,deterministic_rule,high,deterministic_rule
Attock Liberty @ 15535 KMS ,Expense,2002.0,Fuel,deterministic_rule,high,deterministic_rule
Attock Liberty @ 15855 KMS. ,Expense,2002.0,Fuel,deterministic_rule,high,deterministic_rule
Attock Liberty @ 16110 KMS. ,Expense,2002.0,Fuel,deterministic_rule,high,deterministic_rule
Attock Liberty @ 16435 KMS ,Expense,2002.0,Fuel,deterministic_rule,high,deterministic_rule
Attock Liberty @ 16600 KMS ,Expense,2002.0,Fuel,deterministic_rule,high,deterministic_rule
Attock Petrol,Expense,2002.0,Fuel,deterministic_rule,high,deterministic_rule
Attock Petroleum ,Expense,2002.0,Fuel,deterministic_rule,high,deterministic_rule
Attock Township @ 15835 KMS.  ,Expense,2002.0,Fuel,deterministic_rule,high,deterministic_rule
Attock to Lhr Tickets,Expense,2002.0,Fuel,deterministic_rule,high,deterministic_rule
Axio Petrol,Expense,2002.0,Fuel,deterministic_rule,high,deterministic_rule
Ayaz car CNG & petrol for visit of Tando Bhago,Expense,2002.0,Fuel,deterministic_rule,high,deterministic_rule
Bahawalpur bike Petrol ,Expense,2002.0,Fuel,deterministic_rule,high,deterministic_rule
Baleno cng,Expense,2002.0,Fuel,deterministic_rule,high,deterministic_rule
Bashri Abu Petrol,Expense,2002.0,Fuel,deterministic_rule,high,deterministic_rule
Benzine,Expense,2002.0,Fuel,approved_mapping,very_high,approved_mapping
"Bhavy
30- Coco Shek
50- Petrol Rampar Vekra",Expense,2002.0,Fuel,deterministic_rule,high,deterministic_rule
Bike Petrol + Oil Change,Expense,2002.0,Fuel,deterministic_rule,high,deterministic_rule
Bike Petrol 4liter from G9 PSO Pump,Expense,2002.0,Fuel,deterministic_rule,high,deterministic_rule
Bike Petrol Refilling,Expense,2002.0,Fuel,deterministic_rule,high,deterministic_rule
Bike Petrol leakage,Expense,2002.0,Fuel,deterministic_rule,high,deterministic_rule
Bike Service from MAO PSO Petrol Pump,Expense,2002.0,Fuel,deterministic_rule,high,deterministic_rule
Bike petrol and Metro tickets Khushi dildar and saif for data sb,Expense,2002.0,Fuel,deterministic_rule,high,deterministic_rule
Bike petrol and ufone card,Expense,2002.0,Fuel,deterministic_rule,high,deterministic_rule
"Bike service, tunning & petrol",Expense,2002.0,Fuel,deterministic_rule,high,deterministic_rule
Bike's Petrol ,Expense,2002.0,Fuel,deterministic_rule,high,deterministic_rule
Blour bush for cng,Expense,2002.0,Fuel,deterministic_rule,high,deterministic_rule
Bolan petrol,Expense,2002.0,Fuel,deterministic_rule,high,deterministic_rule
CNG 540+PETROL 1110+ tyre works 20,Expense,2002.0,Fuel,deterministic_rule,high,deterministic_rule
CNG @ 138.9 for mudu,Expense,2002.0,Fuel,deterministic_rule,high,deterministic_rule
CNG @117.9/=,Expense,2002.0,Fuel,deterministic_rule,high,deterministic_rule
CNG @138.9 tank full 880/= petrol 500/=,Expense,2002.0,Fuel,deterministic_rule,high,deterministic_rule
CNG Gujrat,Expense,2002.0,Fuel,deterministic_rule,high,deterministic_rule
CNG Lahore,Expense,2002.0,Fuel,deterministic_rule,high,deterministic_rule
CNG Setting ,Expense,2002.0,Fuel,deterministic_rule,high,deterministic_rule
CNG TANKI FULL,Expense,2002.0,Fuel,deterministic_rule,high,deterministic_rule
CNG chaplet visit,Expense,2002.0,Fuel,deterministic_rule,high,deterministic_rule
CNG coure,Expense,2002.0,Fuel,deterministic_rule,high,deterministic_rule
CNG fill,Expense,2002.0,Fuel,deterministic_rule,high,deterministic_rule
CNG hafeez centre visit for server,Expense,2002.0,Fuel,deterministic_rule,high,deterministic_rule
CNG in Civic,Expense,2002.0,Fuel,deterministic_rule,high,deterministic_rule
CNG in abdullah car,Expense,2002.0,Fuel,deterministic_rule,high,deterministic_rule
CNG margalla,Expense,2002.0,Fuel,deterministic_rule,high,deterministic_rule
CNG visit CHT,Expense,2002.0,Fuel,deterministic_rule,high,deterministic_rule
CNG visit chaplet,Expense,2002.0,Fuel,deterministic_rule,high,deterministic_rule
CNG800 + petrol 200,Expense,2002.0,Fuel,deterministic_rule,high,deterministic_rule
Caltex Thokar ,Expense,2002.0,Fuel,deterministic_rule,high,deterministic_rule
Car Fuel PSO,Expense,2002.0,Fuel,deterministic_rule,high,deterministic_rule
Car cng,Expense,2002.0,Fuel,deterministic_rule,high,deterministic_rule
Car fuel CNG ,Expense,2002.0,Fuel,deterministic_rule,high,deterministic_rule
Car fueling from Total Petrol pump for sargodha proceedings,Expense,2002.0,Fuel,deterministic_rule,high,deterministic_rule
Car petrol,Expense,2002.0,Fuel,deterministic_rule,high,deterministic_rule
Car service at PSO jauhar. 500rs service 100rs tip. ,Expense,2002.0,Fuel,deterministic_rule,high,deterministic_rule
Cash back from petrol in WagonR ,Income,2002.0,Fuel,deterministic_rule,high,deterministic_rule
Chevrolet Petrol ,Transfer,2002.0,Fuel,deterministic_rule,high,deterministic_rule
Chocs hot dog and petrol pump ,Expense,2002.0,Fuel,deterministic_rule,high,deterministic_rule
City Petrol,Expense,2002.0,Fuel,deterministic_rule,high,deterministic_rule
City fuel,Expense,2002.0,Fuel,approved_mapping,very_high,approved_mapping
City full mm Alam total parco ,Expense,2002.0,Fuel,deterministic_rule,high,deterministic_rule
Civic Petrol 500,Expense,2002.0,Fuel,deterministic_rule,high,deterministic_rule
Civic mein petrol dalwaya,Transfer,2002.0,Fuel,deterministic_rule,high,deterministic_rule
Cng 910+985,Expense,2002.0,Fuel,deterministic_rule,high,deterministic_rule
Cng in car,Expense,2002.0,Fuel,deterministic_rule,high,deterministic_rule
Cng refill,Transfer,2002.0,Fuel,deterministic_rule,high,deterministic_rule
Cng refill due paid to papia ,Expense,2002.0,Fuel,deterministic_rule,high,deterministic_rule
"Cng, petrol ",Expense,2002.0,Fuel,deterministic_rule,high,deterministic_rule
Cultus fuel Pso cavalry,Expense,2002.0,Fuel,deterministic_rule,high,deterministic_rule
Cultus petrol & cng,Expense,2002.0,Fuel,deterministic_rule,high,deterministic_rule
Cygnus Petrol,Expense,2002.0,Fuel,deterministic_rule,high,deterministic_rule
"EB bill, Petrol, Vodafone and Amma jio",Income,2002.0,Fuel,deterministic_rule,high,deterministic_rule
Ehtisham Epson printer maintenance,Expense,2002.0,Fuel,deterministic_rule,high,deterministic_rule
"Engine Oil Red 4 litres , 2480 from Shell , account Car work against memorandum record of monthly carry , at 81300 kms",Transfer,2002.0,Fuel,deterministic_rule,high,deterministic_rule
Extra Petrol & Parking charges against MYGTC work,Income,2002.0,Fuel,deterministic_rule,high,deterministic_rule
Faw Petrol,Expense,2002.0,Fuel,deterministic_rule,high,deterministic_rule
For petrol and handsfree udhar ,Transfer,2002.0,Fuel,deterministic_rule,high,deterministic_rule
From new Attock station,Expense,2002.0,Fuel,deterministic_rule,high,deterministic_rule
Fuel filled at shell mini marlet,Expense,2002.0,Fuel,deterministic_rule,high,deterministic_rule
Fuel filling from Hascol Jhangi Sydeian,Transfer,2002.0,Fuel,deterministic_rule,high,deterministic_rule
Fuel filling from Hascol for Jhangi Syedian For Zeshan parents airport pick and drop,Transfer,2002.0,Fuel,deterministic_rule,high,deterministic_rule
Fuel from Shell DHA Phase IV Rehman Masjid,Expense,2002.0,Fuel,deterministic_rule,high,deterministic_rule
Fuel from attock bahria,Expense,2002.0,Fuel,deterministic_rule,high,deterministic_rule
Fuel from attock dha,Expense,2002.0,Fuel,deterministic_rule,high,deterministic_rule
Fuel from bahria pso n attock,Expense,2002.0,Fuel,deterministic_rule,high,deterministic_rule
Fuel from defense pso,Expense,2002.0,Fuel,deterministic_rule,high,deterministic_rule
Fuel from dha attock,Expense,2002.0,Fuel,deterministic_rule,high,deterministic_rule
Fuel from hascol,Expense,2002.0,Fuel,deterministic_rule,high,deterministic_rule
"Fuel from shell, when I got oil changed too",Expense,2002.0,Fuel,deterministic_rule,high,deterministic_rule
Full Petrol,Expense,2002.0,Fuel,deterministic_rule,high,deterministic_rule
GLI Petrol,Expense,2002.0,Fuel,deterministic_rule,high,deterministic_rule
Gari ka petrol,Expense,2002.0,Fuel,deterministic_rule,high,deterministic_rule
Gas n petrol,Expense,2002.0,Fuel,deterministic_rule,high,deterministic_rule
Generator Petrol,Expense,2002.0,Fuel,deterministic_rule,high,deterministic_rule
Ghani Petroleum ,Expense,2002.0,Fuel,deterministic_rule,high,deterministic_rule
Hascol,Expense,2002.0,Fuel,deterministic_rule,high,deterministic_rule
Hascol Bhera,Expense,2002.0,Fuel,deterministic_rule,high,deterministic_rule
Helmet & Petrol,Expense,2002.0,Fuel,deterministic_rule,high,deterministic_rule
Hi roof Petrol,Expense,2002.0,Fuel,deterministic_rule,high,deterministic_rule
Honda 125 petrol,Expense,2002.0,Fuel,deterministic_rule,high,deterministic_rule
Hyd to Karachi Petrol,Expense,2002.0,Fuel,deterministic_rule,high,deterministic_rule
Ice cream and coldrink from petrol pump,Expense,2002.0,Fuel,deterministic_rule,high,deterministic_rule
Irtaza bike petrol ,Expense,2002.0,Fuel,deterministic_rule,high,deterministic_rule
Jinn Petroleum- Sportage ,Expense,2002.0,Fuel,deterministic_rule,high,deterministic_rule
July CNG,Expense,2002.0,Fuel,deterministic_rule,high,deterministic_rule
Khi tour petrol,Expense,2002.0,Fuel,deterministic_rule,high,deterministic_rule
Load to PSO DigiCash Card,Expense,2002.0,Fuel,deterministic_rule,high,deterministic_rule
Mehran Car Petrol + Cover + Give to Abu g 2000,Expense,2002.0,Fuel,deterministic_rule,high,deterministic_rule
Mira Fuel,Expense,2002.0,Fuel,approved_mapping,very_high,approved_mapping
Motor cycle petrol ,Expense,2002.0,Fuel,deterministic_rule,high,deterministic_rule
Naeem Khan Car Petrol 500+2700,Expense,2002.0,Fuel,deterministic_rule,high,deterministic_rule
Own bike petrol ,Expense,2002.0,Fuel,deterministic_rule,high,deterministic_rule
PRC - Petrol 1st,Expense,2002.0,Fuel,deterministic_rule,high,deterministic_rule
PSO RYK,Expense,2002.0,Fuel,deterministic_rule,high,deterministic_rule
PSO pump at Garhi show ,Expense,2002.0,Fuel,deterministic_rule,high,deterministic_rule
PSO pump petrol bike,Expense,2002.0,Fuel,deterministic_rule,high,deterministic_rule
"Paid 3883 at one, paid 2600 at delizia, 1790 at Graco, paid 2219 at bin Ahmed, paid 1500 at petrol pump, ",Expense,2002.0,Fuel,deterministic_rule,high,deterministic_rule
Peshawar Petrol,Expense,2002.0,Fuel,deterministic_rule,high,deterministic_rule
Petrol #1,Expense,2002.0,Fuel,deterministic_rule,high,deterministic_rule
Petrol #4,Expense,2002.0,Fuel,deterministic_rule,high,deterministic_rule
Petrol (Neval),Expense,2002.0,Fuel,deterministic_rule,high,deterministic_rule
Petrol (Potohar Station Petrol Pump),Expense,2002.0,Fuel,deterministic_rule,high,deterministic_rule
Petrol (SherShah),Expense,2002.0,Fuel,deterministic_rule,high,deterministic_rule
Petrol + Ambala,Expense,2002.0,Fuel,deterministic_rule,high,deterministic_rule
Petrol - Honda Civic,Expense,2002.0,Fuel,deterministic_rule,high,deterministic_rule
"Petrol 1000/= @114.9, CNG tank full @138.9 750/=",Expense,2002.0,Fuel,deterministic_rule,high,deterministic_rule
Petrol 120 Litres @ 113 Minus 1000,Income,2002.0,Fuel,deterministic_rule,high,deterministic_rule
Petrol 120 Litres @ 113 minus 720,Income,2002.0,Fuel,deterministic_rule,high,deterministic_rule
Petrol 14.5 litrs,Expense,2002.0,Fuel,deterministic_rule,high,deterministic_rule
Petrol 150cc,Expense,2002.0,Fuel,deterministic_rule,high,deterministic_rule
Petrol 1942 2000+4300,Expense,2002.0,Fuel,deterministic_rule,high,deterministic_rule
Petrol 2 days,Expense,2002.0,Fuel,deterministic_rule,high,deterministic_rule
Petrol 22 ltrs,Expense,2002.0,Fuel,deterministic_rule,high,deterministic_rule
Petrol 32 litre,Income,2002.0,Fuel,deterministic_rule,high,deterministic_rule
Petrol 32289 Km. ,Expense,2002.0,Fuel,deterministic_rule,high,deterministic_rule
"Petrol 4.41
",Expense,2002.0,Fuel,deterministic_rule,high,deterministic_rule
Petrol 49570KM @ Rs113.15,Expense,2002.0,Fuel,deterministic_rule,high,deterministic_rule
Petrol 49804KM - Karsaz @ Rs113.15,Expense,2002.0,Fuel,deterministic_rule,high,deterministic_rule
Petrol 50080Km @ Rs113.17,Expense,2002.0,Fuel,deterministic_rule,high,deterministic_rule
Petrol 50410 @ Rs113.17,Expense,2002.0,Fuel,deterministic_rule,high,deterministic_rule
Petrol 70 CC New,Expense,2002.0,Fuel,deterministic_rule,high,deterministic_rule
Petrol 70 cc,Expense,2002.0,Fuel,deterministic_rule,high,deterministic_rule
Petrol 8 liter,Expense,2002.0,Fuel,deterministic_rule,high,deterministic_rule
Petrol 900 out of 1900. 1000 ami given,Expense,2002.0,Fuel,deterministic_rule,high,deterministic_rule
Petrol 95 ,Expense,2002.0,Fuel,deterministic_rule,high,deterministic_rule
Petrol @ 108 ,Expense,2002.0,Fuel,deterministic_rule,high,deterministic_rule
Petrol AKF 364,Expense,2002.0,Fuel,deterministic_rule,high,deterministic_rule
Petrol Arifwala,Expense,2002.0,Fuel,deterministic_rule,high,deterministic_rule
Petrol At Batakundi ,Expense,2002.0,Fuel,deterministic_rule,high,deterministic_rule
Petrol Atock Canal Road (260241/179),Expense,2002.0,Fuel,deterministic_rule,high,deterministic_rule
Petrol Atock Canal Road (260420/),Expense,2002.0,Fuel,deterministic_rule,high,deterministic_rule
Petrol Atock Ferozpur Road (260552/149),Expense,2002.0,Fuel,deterministic_rule,high,deterministic_rule
Petrol CD 70 ,Expense,2002.0,Fuel,deterministic_rule,high,deterministic_rule
Petrol Civic,Expense,2002.0,Fuel,deterministic_rule,high,deterministic_rule
Petrol Corolla ,Expense,2002.0,Fuel,approved_mapping,very_high,approved_mapping
Petrol Dalwaya,Expense,2002.0,Fuel,deterministic_rule,high,deterministic_rule
Petrol Expense From Fusion ,Income,2002.0,Fuel,deterministic_rule,high,deterministic_rule
Petrol Expenses,Expense,2002.0,Fuel,deterministic_rule,high,deterministic_rule
Petrol For Toka,Expense,2002.0,Fuel,deterministic_rule,high,deterministic_rule
Petrol From 1st June to 24th June,Expense,2002.0,Fuel,deterministic_rule,high,deterministic_rule
Petrol From PSO,Expense,2002.0,Fuel,deterministic_rule,high,deterministic_rule
Petrol Full at 22110 Reserve at 22110,Expense,2002.0,Fuel,deterministic_rule,high,deterministic_rule
Petrol HND for BWR,Expense,2002.0,Fuel,deterministic_rule,high,deterministic_rule
Petrol Half Tank,Expense,2002.0,Fuel,deterministic_rule,high,deterministic_rule
Petrol Honda city ,Expense,2002.0,Fuel,deterministic_rule,high,deterministic_rule
Petrol NTS Test in Comsats ISB,Expense,2002.0,Fuel,deterministic_rule,high,deterministic_rule
Petrol PSO ,Expense,2002.0,Fuel,deterministic_rule,high,deterministic_rule
Petrol PSO Thokar (260701/),Expense,2002.0,Fuel,deterministic_rule,high,deterministic_rule
Petrol Prius,Expense,2002.0,Fuel,deterministic_rule,high,deterministic_rule
Petrol Refilling,Expense,2002.0,Fuel,deterministic_rule,high,deterministic_rule
Petrol Regular use,Expense,2002.0,Fuel,deterministic_rule,high,deterministic_rule
Petrol Shall ,Expense,2002.0,Fuel,deterministic_rule,high,deterministic_rule
Petrol Sharing Fazal Chowkidar,Income,2002.0,Fuel,deterministic_rule,high,deterministic_rule
Petrol Tank,Expense,2002.0,Fuel,deterministic_rule,high,deterministic_rule
Petrol Till 21320 Reserve at 21285,Expense,2002.0,Fuel,deterministic_rule,high,deterministic_rule
Petrol Total Expo (260087/154),Expense,2002.0,Fuel,deterministic_rule,high,deterministic_rule
Petrol Vigo,Expense,2002.0,Fuel,deterministic_rule,high,deterministic_rule
Petrol at 113,Expense,2002.0,Fuel,deterministic_rule,high,deterministic_rule
Petrol at 12115 ,Expense,2002.0,Fuel,deterministic_rule,high,deterministic_rule
Petrol at 20990,Expense,2002.0,Fuel,deterministic_rule,high,deterministic_rule
Petrol at 21710,Expense,2002.0,Fuel,deterministic_rule,high,deterministic_rule
Petrol at Car,Expense,2002.0,Fuel,deterministic_rule,high,deterministic_rule
Petrol car ,Expense,2002.0,Fuel,deterministic_rule,high,deterministic_rule
Petrol cashback ,Income,2002.0,Fuel,deterministic_rule,high,deterministic_rule
Petrol city,Expense,2002.0,Fuel,deterministic_rule,high,deterministic_rule
Petrol for Nestlè & Hafeez Center from Zaheer,Income,2002.0,Fuel,deterministic_rule,high,deterministic_rule
Petrol for Nestlè VCs Dropping at Monday to AW,Income,2002.0,Fuel,deterministic_rule,high,deterministic_rule
Petrol for Scotty,Expense,2002.0,Fuel,deterministic_rule,high,deterministic_rule
Petrol for Thatta,Expense,2002.0,Fuel,deterministic_rule,high,deterministic_rule
Petrol for bike,Expense,2002.0,Fuel,deterministic_rule,high,deterministic_rule
Petrol for car,Expense,2002.0,Fuel,deterministic_rule,high,deterministic_rule
Petrol for scooter,Expense,2002.0,Fuel,deterministic_rule,high,deterministic_rule
Petrol for scooty,Expense,2002.0,Fuel,approved_mapping,very_high,approved_mapping
Petrol from F-10,Expense,2002.0,Fuel,deterministic_rule,high,deterministic_rule
Petrol from Iab,Expense,2002.0,Fuel,deterministic_rule,high,deterministic_rule
Petrol from Ichra Petrol Pump for Arfa Tower Licence,Expense,2002.0,Fuel,deterministic_rule,high,deterministic_rule
Petrol from Isb,Expense,2002.0,Fuel,deterministic_rule,high,deterministic_rule
Petrol from Jinnah Avenue PSO ,Expense,2002.0,Fuel,deterministic_rule,high,deterministic_rule
Petrol from Shell Phase IV,Expense,2002.0,Fuel,deterministic_rule,high,deterministic_rule
Petrol from byco sf,Expense,2002.0,Fuel,deterministic_rule,high,deterministic_rule
Petrol gift from meh n anum,Expense,2002.0,Fuel,deterministic_rule,high,deterministic_rule
Petrol go Multan Road (,Expense,2002.0,Fuel,deterministic_rule,high,deterministic_rule
Petrol i14 Isb,Expense,2002.0,Fuel,deterministic_rule,high,deterministic_rule
Petrol in 125 mubashir,Expense,2002.0,Fuel,deterministic_rule,high,deterministic_rule
Petrol in 150,Expense,2002.0,Fuel,deterministic_rule,high,deterministic_rule
Petrol in 6655 reading 14519,Expense,2002.0,Fuel,deterministic_rule,high,deterministic_rule
Petrol in Car,Expense,2002.0,Fuel,deterministic_rule,high,deterministic_rule
Petrol in Civic,Expense,2002.0,Fuel,deterministic_rule,high,deterministic_rule
Petrol in Corolla,Expense,2002.0,Fuel,deterministic_rule,high,deterministic_rule
Petrol in bike,Expense,2002.0,Fuel,deterministic_rule,high,deterministic_rule
Petrol in bike by Abbu Gee ,Expense,2002.0,Fuel,deterministic_rule,high,deterministic_rule
Petrol in car for lahore,Expense,2002.0,Fuel,deterministic_rule,high,deterministic_rule
Petrol mukilan ,Income,2002.0,Fuel,deterministic_rule,high,deterministic_rule
Petrol on Credit,Expense,2002.0,Fuel,deterministic_rule,high,deterministic_rule
Petrol refil ,Expense,2002.0,Fuel,deterministic_rule,high,deterministic_rule
Petrol refil at 500 km,Expense,2002.0,Fuel,deterministic_rule,high,deterministic_rule
Petrol station Abu g khata end ,Expense,2002.0,Fuel,deterministic_rule,high,deterministic_rule
Petrol tanki fill,Expense,2002.0,Fuel,deterministic_rule,high,deterministic_rule
Petrol to Isb,Expense,2002.0,Fuel,deterministic_rule,high,deterministic_rule
Petrol voucher,Income,2002.0,Fuel,deterministic_rule,high,deterministic_rule
Petrol way to Chuhar Jamali,Expense,2002.0,Fuel,deterministic_rule,high,deterministic_rule
Petrol when going to Guj,Expense,2002.0,Fuel,deterministic_rule,high,deterministic_rule
Petrol with Waqar and Hussam before going to Khanpur Dam,Expense,2002.0,Fuel,deterministic_rule,high,deterministic_rule
Petrol x 2,Expense,2002.0,Fuel,deterministic_rule,high,deterministic_rule
Petrol zoom thokar ,Expense,2002.0,Fuel,deterministic_rule,high,deterministic_rule
Petrol ⛽ ,Expense,2002.0,Fuel,deterministic_rule,high,deterministic_rule
Petrol ⛽ bike ,Expense,2002.0,Fuel,deterministic_rule,high,deterministic_rule
Petrol ⛽ from home to kasur ,Expense,2002.0,Fuel,deterministic_rule,high,deterministic_rule
Petrol ⛽ go to kasur ,Expense,2002.0,Fuel,deterministic_rule,high,deterministic_rule
Petrol ⛽ kasur to lhr ,Expense,2002.0,Fuel,deterministic_rule,high,deterministic_rule
"Petrol, Queens road",Expense,2002.0,Fuel,deterministic_rule,high,deterministic_rule
"Petrol, Toll, Eb Bill",Income,2002.0,Fuel,deterministic_rule,high,deterministic_rule
"Petrol, toll (Lahore trip)",Expense,2002.0,Fuel,deterministic_rule,high,deterministic_rule
Pso Jaranwala Road ,Expense,2002.0,Fuel,deterministic_rule,high,deterministic_rule
Pso card,Expense,2002.0,Fuel,deterministic_rule,high,deterministic_rule
"Pulsar Petrol 9200km
",Expense,2002.0,Fuel,deterministic_rule,high,deterministic_rule
Rabiyya Attock expense,Expense,2002.0,Fuel,deterministic_rule,high,deterministic_rule
Ramzan petrol seed lae,Expense,2002.0,Fuel,deterministic_rule,high,deterministic_rule
Reload to PSO Card,Expense,2002.0,Fuel,deterministic_rule,high,deterministic_rule
Reload to PSO fuel Card,Expense,2002.0,Fuel,deterministic_rule,high,deterministic_rule
Roadlink hiace petrol cancellation,Expense,2002.0,Fuel,deterministic_rule,high,deterministic_rule
SCB atm Petrol ,Expense,2002.0,Fuel,deterministic_rule,high,deterministic_rule
Saad: Petrol,Expense,2002.0,Fuel,deterministic_rule,high,deterministic_rule
Santro Car Fuel CNG,Expense,2002.0,Fuel,deterministic_rule,high,deterministic_rule
Shah Petroleum,Expense,2002.0,Fuel,deterministic_rule,high,deterministic_rule
Shall Pso,Expense,2002.0,Fuel,deterministic_rule,high,deterministic_rule
"Shell 50
Sukhekhi 500",Expense,2002.0,Fuel,deterministic_rule,high,deterministic_rule
Shell Liberty,Expense,2002.0,Fuel,deterministic_rule,high,deterministic_rule
Shell Liberty 388.5kms,Expense,2002.0,Fuel,deterministic_rule,high,deterministic_rule
Shell Panj Sarki,Expense,2002.0,Fuel,deterministic_rule,high,deterministic_rule
Shell Stop - Askari 4,Expense,2002.0,Fuel,deterministic_rule,high,deterministic_rule
Shell Zafar Ali Rd,Transfer,2002.0,Fuel,deterministic_rule,high,deterministic_rule
Shell jinnah,Expense,2002.0,Fuel,deterministic_rule,high,deterministic_rule
Shell pump,Expense,2002.0,Fuel,deterministic_rule,high,deterministic_rule
Shell pump with Mamu Sadiq ,Expense,2002.0,Fuel,deterministic_rule,high,deterministic_rule
Shell station,Expense,2002.0,Fuel,deterministic_rule,high,deterministic_rule
Shell vpower,Expense,2002.0,Fuel,deterministic_rule,high,deterministic_rule
Spent on Petrol plus Water Ami plus water plus balance,Expense,2002.0,Fuel,deterministic_rule,high,deterministic_rule
Super from Attock Murree.,Expense,2002.0,Fuel,deterministic_rule,high,deterministic_rule
Super from PSO Murree.,Expense,2002.0,Fuel,deterministic_rule,high,deterministic_rule
Tank full petrol ,Expense,2002.0,Fuel,deterministic_rule,high,deterministic_rule
Toll and Petrol ,Income,2002.0,Fuel,deterministic_rule,high,deterministic_rule
"Total Bypass JHG 1000
Hascol Sukhekhi 1500",Expense,2002.0,Fuel,deterministic_rule,high,deterministic_rule
Total Parco Airport,Expense,2002.0,Fuel,deterministic_rule,high,deterministic_rule
Total Parco Rawalpindi ,Expense,2002.0,Fuel,deterministic_rule,high,deterministic_rule
Total Parco Safoora while going to Patel,Expense,2002.0,Fuel,deterministic_rule,high,deterministic_rule
Total Parco Shahrah e Faisal,Expense,2002.0,Fuel,deterministic_rule,high,deterministic_rule
Toyota petrol,Expense,2002.0,Fuel,deterministic_rule,high,deterministic_rule
Umair: Petrol,Expense,2002.0,Fuel,deterministic_rule,high,deterministic_rule
Ups And Petrol,Transfer,2002.0,Fuel,deterministic_rule,high,deterministic_rule
Usmans bike petrol ,Expense,2002.0,Fuel,deterministic_rule,high,deterministic_rule
Vigo Petrol,Expense,2002.0,Fuel,deterministic_rule,high,deterministic_rule
Went to attock,Expense,2002.0,Fuel,deterministic_rule,high,deterministic_rule
Yaris service PSO f7,Expense,2002.0,Fuel,deterministic_rule,high,deterministic_rule
"Your MCB Debit Card charged for PKR 700.00 at METRO SERVICE (PSO) KARACHI PAK at 17:42 on 11-07-2019 For any query, call at MCB Contact Center @ 111000622.",Expense,2002.0,Fuel,deterministic_rule,high,deterministic_rule
activa petrol,Expense,2002.0,Fuel,deterministic_rule,high,deterministic_rule
altis Petrol ,Expense,2002.0,Fuel,deterministic_rule,high,deterministic_rule
alto cng,Expense,2002.0,Fuel,deterministic_rule,high,deterministic_rule
alto cng and petrol,Expense,2002.0,Fuel,deterministic_rule,high,deterministic_rule
alto.cng,Expense,2002.0,Fuel,deterministic_rule,high,deterministic_rule
at hascol pump,Expense,2002.0,Fuel,deterministic_rule,high,deterministic_rule
ba lai petrol halna,Expense,2002.0,Fuel,deterministic_rule,high,deterministic_rule
baleno petrol,Expense,2002.0,Fuel,deterministic_rule,high,deterministic_rule
bick petrol,Expense,2002.0,Fuel,approved_mapping,very_high,approved_mapping
bike Petrol,Expense,2002.0,Fuel,deterministic_rule,high,deterministic_rule
bike fuel monthly ,Expense,2002.0,Fuel,approved_mapping,very_high,approved_mapping
bike petrol 100 ka 50 shahbaz,Expense,2002.0,Fuel,deterministic_rule,high,deterministic_rule
bike petrol 8630 km,Expense,2002.0,Fuel,deterministic_rule,high,deterministic_rule
bike petrol for all,Expense,2002.0,Fuel,deterministic_rule,high,deterministic_rule
bike petrol skp,Expense,2002.0,Fuel,deterministic_rule,high,deterministic_rule
bike repair n petrol,Expense,2002.0,Fuel,deterministic_rule,high,deterministic_rule
"bike repairing, petrol",Expense,2002.0,Fuel,deterministic_rule,high,deterministic_rule
"bike tanki, petrol",Expense,2002.0,Fuel,deterministic_rule,high,deterministic_rule
"bike things purchased stand, reflector, petrol pipe",Expense,2002.0,Fuel,deterministic_rule,high,deterministic_rule
bike tuniing 300 oil shell 630 20 50 brake handle 100,Expense,2002.0,Fuel,deterministic_rule,high,deterministic_rule
bike.petrol,Expense,2002.0,Fuel,deterministic_rule,high,deterministic_rule
bikes petrol 5/5/21,Expense,2002.0,Fuel,deterministic_rule,high,deterministic_rule
"biscuits, petrol, bills",Expense,2002.0,Fuel,deterministic_rule,high,deterministic_rule
budi scooty petrol,Expense,2002.0,Fuel,deterministic_rule,high,deterministic_rule
car fuel from Attock on way to Lalamusa,Expense,2002.0,Fuel,deterministic_rule,high,deterministic_rule
"car petrol Full 
",Expense,2002.0,Fuel,deterministic_rule,high,deterministic_rule
car petrol in the ene 273 km 30 june,Expense,2002.0,Fuel,deterministic_rule,high,deterministic_rule
car petrol refill ,Expense,2002.0,Fuel,deterministic_rule,high,deterministic_rule
car petrol way to isb,Expense,2002.0,Fuel,deterministic_rule,high,deterministic_rule
car silencer repair (2000) petrol 500 pocket 500,Expense,2002.0,Fuel,deterministic_rule,high,deterministic_rule
car wash at PSO Bahria,Expense,2002.0,Fuel,deterministic_rule,high,deterministic_rule
celerio petrol 12 7,Expense,2002.0,Fuel,deterministic_rule,high,deterministic_rule
civic petrol,Expense,2002.0,Fuel,approved_mapping,very_high,approved_mapping
civic petrol mzfgrh,Expense,2002.0,Fuel,deterministic_rule,high,deterministic_rule
cleaning PSO,Expense,2002.0,Fuel,deterministic_rule,high,deterministic_rule
cng,Expense,2002.0,Fuel,deterministic_rule,high,deterministic_rule
"cng
1288-1000
",Expense,2002.0,Fuel,deterministic_rule,high,deterministic_rule
cng 92630,Expense,2002.0,Fuel,deterministic_rule,high,deterministic_rule
cng and gear,Expense,2002.0,Fuel,deterministic_rule,high,deterministic_rule
cng and petrol,Expense,2002.0,Fuel,deterministic_rule,high,deterministic_rule
cng and petrol to village,Expense,2002.0,Fuel,deterministic_rule,high,deterministic_rule
cng chk,Expense,2002.0,Fuel,deterministic_rule,high,deterministic_rule
cng cultus,Expense,2002.0,Fuel,deterministic_rule,high,deterministic_rule
cng in alto 08,Expense,2002.0,Fuel,deterministic_rule,high,deterministic_rule
cng petrol,Expense,2002.0,Fuel,deterministic_rule,high,deterministic_rule
cng ptrol,Expense,2002.0,Fuel,deterministic_rule,high,deterministic_rule
cng refill due payment to papia ,Expense,2002.0,Fuel,deterministic_rule,high,deterministic_rule
cng service,Expense,2002.0,Fuel,deterministic_rule,high,deterministic_rule
cng toll plaza,Expense,2002.0,Fuel,deterministic_rule,high,deterministic_rule
cng total skp 92968,Expense,2002.0,Fuel,deterministic_rule,high,deterministic_rule
cng visit to Nowshehra,Expense,2002.0,Fuel,deterministic_rule,high,deterministic_rule
"coffee, petrol, prema, ",Expense,2002.0,Fuel,deterministic_rule,high,deterministic_rule
coke petrol,Expense,2002.0,Fuel,deterministic_rule,high,deterministic_rule
corolla petrol,Expense,2002.0,Fuel,deterministic_rule,high,deterministic_rule
cultus petrol,Expense,2002.0,Fuel,deterministic_rule,high,deterministic_rule
daniyal petrol 6 ltr,Expense,2002.0,Fuel,deterministic_rule,high,deterministic_rule
diesel,Transfer,2002.0,Fuel,approved_mapping,very_high,approved_mapping
edher udher petrol,Expense,2002.0,Fuel,deterministic_rule,high,deterministic_rule
education and petrol me lag gye,Expense,2002.0,Fuel,deterministic_rule,high,deterministic_rule
fill cng in car,Expense,2002.0,Fuel,deterministic_rule,high,deterministic_rule
for petrol,Income,2002.0,Fuel,deterministic_rule,high,deterministic_rule
for petrol by shivraj,Income,2002.0,Fuel,deterministic_rule,high,deterministic_rule
for petrol mtn,Income,2002.0,Fuel,deterministic_rule,high,deterministic_rule
for petrol settle ,Transfer,2002.0,Fuel,deterministic_rule,high,deterministic_rule
fuel petrol,Expense,2002.0,Fuel,deterministic_rule,high,deterministic_rule
fuel pso,Expense,2002.0,Fuel,deterministic_rule,high,deterministic_rule
fuel refill,Expense,2002.0,Fuel,approved_mapping,very_high,approved_mapping
fuel shell multan,Expense,2002.0,Fuel,deterministic_rule,high,deterministic_rule
gas petrol and electrician,Expense,2002.0,Fuel,deterministic_rule,high,deterministic_rule
gas petrol village,Expense,2002.0,Fuel,deterministic_rule,high,deterministic_rule
glases and petrol,Expense,2002.0,Fuel,deterministic_rule,high,deterministic_rule
gym fee and for petrol,Transfer,2002.0,Fuel,deterministic_rule,high,deterministic_rule
hamza for petrol n outing ,Expense,2002.0,Fuel,deterministic_rule,high,deterministic_rule
helmet wire lock and petrol,Expense,2002.0,Fuel,deterministic_rule,high,deterministic_rule
i20 petrol,Expense,2002.0,Fuel,deterministic_rule,high,deterministic_rule
isb reached petrol,Expense,2002.0,Fuel,deterministic_rule,high,deterministic_rule
johar abaad petrol,Expense,2002.0,Fuel,deterministic_rule,high,deterministic_rule
ktm dhn petrol,Expense,2002.0,Fuel,deterministic_rule,high,deterministic_rule
lee 4346 petrol ,Transfer,2002.0,Fuel,deterministic_rule,high,deterministic_rule
"legal sealer and 2 colours Epson
",Expense,2002.0,Fuel,deterministic_rule,high,deterministic_rule
mark 2 petrol,Transfer,2002.0,Fuel,deterministic_rule,high,deterministic_rule
nipsom,Income,2002.0,Fuel,deterministic_rule,high,deterministic_rule
oddesy petrol ,Transfer,2002.0,Fuel,deterministic_rule,high,deterministic_rule
"office printer Epson L382 repairing
head service ",Expense,2002.0,Fuel,deterministic_rule,high,deterministic_rule
paint petrol n petrol for bike 9394,Expense,2002.0,Fuel,deterministic_rule,high,deterministic_rule
"pay to shell
",Expense,2002.0,Fuel,deterministic_rule,high,deterministic_rule
petrol,Transfer,2002.0,Fuel,approved_mapping,very_high,approved_mapping
petrol  10915 km,Expense,2002.0,Fuel,deterministic_rule,high,deterministic_rule
petrol (2.65ltr,Expense,2002.0,Fuel,deterministic_rule,high,deterministic_rule
petrol + ice creams,Expense,2002.0,Fuel,deterministic_rule,high,deterministic_rule
petrol 1.29ltr due from baba,Expense,2002.0,Fuel,deterministic_rule,high,deterministic_rule
petrol 11212 km,Expense,2002.0,Fuel,deterministic_rule,high,deterministic_rule
petrol 2.65ltr,Expense,2002.0,Fuel,deterministic_rule,high,deterministic_rule
petrol 20 liters ,Expense,2002.0,Fuel,deterministic_rule,high,deterministic_rule
petrol 27 ltrs,Expense,2002.0,Fuel,deterministic_rule,high,deterministic_rule
petrol 313 km for 36.22litr,Expense,2002.0,Fuel,deterministic_rule,high,deterministic_rule
petrol 346,Transfer,2002.0,Fuel,deterministic_rule,high,deterministic_rule
petrol 3803,Expense,2002.0,Fuel,deterministic_rule,high,deterministic_rule
petrol 494,Expense,2002.0,Fuel,deterministic_rule,high,deterministic_rule
petrol 500,Expense,2002.0,Fuel,deterministic_rule,high,deterministic_rule
petrol 51.72 ltr,Expense,2002.0,Fuel,deterministic_rule,high,deterministic_rule
petrol 70,Expense,2002.0,Fuel,deterministic_rule,high,deterministic_rule
petrol 8011 for estate area multan tour and come back at khanewal ,Expense,2002.0,Fuel,deterministic_rule,high,deterministic_rule
petrol 8011 for mtn with family ,Expense,2002.0,Fuel,deterministic_rule,high,deterministic_rule
petrol 9 ltt,Income,2002.0,Fuel,deterministic_rule,high,deterministic_rule
petrol 9.5 litres,Expense,2002.0,Fuel,deterministic_rule,high,deterministic_rule
petrol @ 113,Expense,2002.0,Fuel,deterministic_rule,high,deterministic_rule
petrol At balakote,Expense,2002.0,Fuel,deterministic_rule,high,deterministic_rule
petrol HDD ,Expense,2002.0,Fuel,deterministic_rule,high,deterministic_rule
petrol I smart,Expense,2002.0,Fuel,deterministic_rule,high,deterministic_rule
"petrol I smart sanjay
",Expense,2002.0,Fuel,deterministic_rule,high,deterministic_rule
petrol Peshawar ,Expense,2002.0,Fuel,deterministic_rule,high,deterministic_rule
petrol Pune mumbai ,Expense,2002.0,Fuel,deterministic_rule,high,deterministic_rule
petrol WTP,Expense,2002.0,Fuel,deterministic_rule,high,deterministic_rule
petrol adjuatemt,Income,2002.0,Fuel,deterministic_rule,high,deterministic_rule
petrol aj subh bhara bike my,Expense,2002.0,Fuel,deterministic_rule,high,deterministic_rule
petrol altis,Expense,2002.0,Fuel,deterministic_rule,high,deterministic_rule
petrol and air,Expense,2002.0,Fuel,deterministic_rule,high,deterministic_rule
petrol and cng visit to karna,Expense,2002.0,Fuel,deterministic_rule,high,deterministic_rule
petrol and metro to g9,Expense,2002.0,Fuel,deterministic_rule,high,deterministic_rule
petrol at abotabad,Expense,2002.0,Fuel,deterministic_rule,high,deterministic_rule
petrol at home car,Expense,2002.0,Fuel,deterministic_rule,high,deterministic_rule
petrol at home car while going EKM,Expense,2002.0,Fuel,deterministic_rule,high,deterministic_rule
petrol baishak,Expense,2002.0,Fuel,deterministic_rule,high,deterministic_rule
"petrol bike 
",Expense,2002.0,Fuel,deterministic_rule,high,deterministic_rule
petrol bike @ 113.10,Expense,2002.0,Fuel,deterministic_rule,high,deterministic_rule
petrol bikes,Expense,2002.0,Fuel,deterministic_rule,high,deterministic_rule
petrol car @ 113.10,Expense,2002.0,Fuel,deterministic_rule,high,deterministic_rule
"petrol car @ 113.10 on 30 June 2019 reading (13,150)",Expense,2002.0,Fuel,deterministic_rule,high,deterministic_rule
petrol carborator,Expense,2002.0,Fuel,deterministic_rule,high,deterministic_rule
petrol cars,Expense,2002.0,Fuel,deterministic_rule,high,deterministic_rule
petrol clear ,Transfer,2002.0,Fuel,deterministic_rule,high,deterministic_rule
"petrol ct 100
",Expense,2002.0,Fuel,deterministic_rule,high,deterministic_rule
petrol ct 100 ankit,Expense,2002.0,Fuel,deterministic_rule,high,deterministic_rule
petrol ct 100 sanjay,Expense,2002.0,Fuel,deterministic_rule,high,deterministic_rule
petrol ct100,Expense,2002.0,Fuel,deterministic_rule,high,deterministic_rule
petrol dalwaya bike main,Expense,2002.0,Fuel,deterministic_rule,high,deterministic_rule
petrol due from baba,Expense,2002.0,Fuel,deterministic_rule,high,deterministic_rule
petrol esse,Expense,2002.0,Fuel,deterministic_rule,high,deterministic_rule
petrol feed papa will pay,Expense,2002.0,Fuel,deterministic_rule,high,deterministic_rule
petrol fill at maitidevi,Expense,2002.0,Fuel,deterministic_rule,high,deterministic_rule
petrol filling ,Expense,2002.0,Fuel,deterministic_rule,high,deterministic_rule
petrol for Peshawar visit,Expense,2002.0,Fuel,deterministic_rule,high,deterministic_rule
petrol for car and generator ,Expense,2002.0,Fuel,deterministic_rule,high,deterministic_rule
petrol for chacha,Expense,2002.0,Fuel,deterministic_rule,high,deterministic_rule
petrol for color,Expense,2002.0,Fuel,deterministic_rule,high,deterministic_rule
"petrol for generator 
",Expense,2002.0,Fuel,deterministic_rule,high,deterministic_rule
petrol for office,Expense,2002.0,Fuel,deterministic_rule,high,deterministic_rule
petrol for visit chaplet,Expense,2002.0,Fuel,deterministic_rule,high,deterministic_rule
petrol form munib,Income,2002.0,Fuel,deterministic_rule,high,deterministic_rule
petrol from adda plot,Expense,2002.0,Fuel,deterministic_rule,high,deterministic_rule
petrol from hascol,Expense,2002.0,Fuel,deterministic_rule,high,deterministic_rule
petrol fuel,Expense,2002.0,Fuel,deterministic_rule,high,deterministic_rule
petrol gari,Expense,2002.0,Fuel,deterministic_rule,high,deterministic_rule
petrol generator ,Expense,2002.0,Fuel,deterministic_rule,high,deterministic_rule
petrol honda city 8011 at mtn for kwl via driver ,Expense,2002.0,Fuel,deterministic_rule,high,deterministic_rule
petrol hsrp,Expense,2002.0,Fuel,deterministic_rule,high,deterministic_rule
petrol hunza,Expense,2002.0,Fuel,deterministic_rule,high,deterministic_rule
petrol in 125,Expense,2002.0,Fuel,deterministic_rule,high,deterministic_rule
petrol in Fortuner,Expense,2002.0,Fuel,deterministic_rule,high,deterministic_rule
petrol in cultus,Expense,2002.0,Fuel,deterministic_rule,high,deterministic_rule
petrol in cultus again full from islamabad,Expense,2002.0,Fuel,deterministic_rule,high,deterministic_rule
petrol in cultus at the time of leaving to lahore,Expense,2002.0,Fuel,deterministic_rule,high,deterministic_rule
petrol in cultus full at the time of leaving to islo,Expense,2002.0,Fuel,deterministic_rule,high,deterministic_rule
petrol in khyber,Expense,2002.0,Fuel,deterministic_rule,high,deterministic_rule
petrol in silver car,Expense,2002.0,Fuel,deterministic_rule,high,deterministic_rule
petrol kagahan,Expense,2002.0,Fuel,deterministic_rule,high,deterministic_rule
petrol kalr kahar,Expense,2002.0,Fuel,deterministic_rule,high,deterministic_rule
petrol last full,Expense,2002.0,Fuel,deterministic_rule,high,deterministic_rule
petrol money,Income,2002.0,Fuel,deterministic_rule,high,deterministic_rule
petrol money clear ,Transfer,2002.0,Fuel,deterministic_rule,high,deterministic_rule
petrol of bike ,Expense,2002.0,Fuel,deterministic_rule,high,deterministic_rule
petrol plus cng,Expense,2002.0,Fuel,deterministic_rule,high,deterministic_rule
"petrol plus dunyapur visit
",Expense,2002.0,Fuel,deterministic_rule,high,deterministic_rule
petrol reading 523,Expense,2002.0,Fuel,deterministic_rule,high,deterministic_rule
petrol refill ,Expense,2002.0,Fuel,deterministic_rule,high,deterministic_rule
petrol saifabad ,Expense,2002.0,Fuel,deterministic_rule,high,deterministic_rule
petrol skrdu,Expense,2002.0,Fuel,deterministic_rule,high,deterministic_rule
petrol skrdu wapis,Expense,2002.0,Fuel,deterministic_rule,high,deterministic_rule
petrol skrdu way,Expense,2002.0,Fuel,deterministic_rule,high,deterministic_rule
petrol surcharge refund,Income,2002.0,Fuel,deterministic_rule,high,deterministic_rule
petrol swat tour,Expense,2002.0,Fuel,deterministic_rule,high,deterministic_rule
petrol tank full,Expense,2002.0,Fuel,deterministic_rule,high,deterministic_rule
petrol tanki full trip,Expense,2002.0,Fuel,deterministic_rule,high,deterministic_rule
petrol to mzfgrh,Expense,2002.0,Fuel,deterministic_rule,high,deterministic_rule
petrol tool,Expense,2002.0,Fuel,deterministic_rule,high,deterministic_rule
petrol up down fsd raiwind,Expense,2002.0,Fuel,deterministic_rule,high,deterministic_rule
petrol wagon R for estate area ,Expense,2002.0,Fuel,deterministic_rule,high,deterministic_rule
petrol wagon R for meeting with nazeer liaqatpur with saleem ,Expense,2002.0,Fuel,deterministic_rule,high,deterministic_rule
petrol with 100+150,Expense,2002.0,Fuel,deterministic_rule,high,deterministic_rule
petrol(1.76ltr,Expense,2002.0,Fuel,deterministic_rule,high,deterministic_rule
petrol(2.65ltr ,Expense,2002.0,Fuel,deterministic_rule,high,deterministic_rule
petrol+bugers,Expense,2002.0,Fuel,deterministic_rule,high,deterministic_rule
"petrol, pindi to dina",Expense,2002.0,Fuel,deterministic_rule,high,deterministic_rule
petroleum ,Expense,2002.0,Fuel,deterministic_rule,high,deterministic_rule
petroleum in Shahrukh bike,Expense,2002.0,Fuel,deterministic_rule,high,deterministic_rule
"petty cash to simmi
khana 220
pipe 180
petrol 50
450
",Expense,2002.0,Fuel,deterministic_rule,high,deterministic_rule
platz petrol,Expense,2002.0,Fuel,deterministic_rule,high,deterministic_rule
pso,Expense,2002.0,Fuel,deterministic_rule,high,deterministic_rule
punja shb petrol,Expense,2002.0,Fuel,deterministic_rule,high,deterministic_rule
razor3 Baniyan petroleum jelly,Expense,2002.0,Fuel,deterministic_rule,high,deterministic_rule
received for petrol,Income,2002.0,Fuel,deterministic_rule,high,deterministic_rule
refreshment at balakot PSO pump,Expense,2002.0,Fuel,deterministic_rule,high,deterministic_rule
rent petrol etc,Expense,2002.0,Fuel,deterministic_rule,high,deterministic_rule
sajid toll shaft pump petrol disc tora,Expense,2002.0,Fuel,deterministic_rule,high,deterministic_rule
sawat tour petrol from bwp ,Expense,2002.0,Fuel,deterministic_rule,high,deterministic_rule
scooty petrol,Expense,2002.0,Fuel,deterministic_rule,high,deterministic_rule
sharaz books plus petrol ,Expense,2002.0,Fuel,deterministic_rule,high,deterministic_rule
share petrol Bahria karachi,Expense,2002.0,Fuel,deterministic_rule,high,deterministic_rule
"shell
",Expense,2002.0,Fuel,deterministic_rule,high,deterministic_rule
shell MMC ,Expense,2002.0,Fuel,deterministic_rule,high,deterministic_rule
"shell advance yellow box 
current 13550km
next oil change 14750km",Expense,2002.0,Fuel,deterministic_rule,high,deterministic_rule
shell dha ,Expense,2002.0,Fuel,deterministic_rule,high,deterministic_rule
shell petrol,Income,2002.0,Fuel,deterministic_rule,high,deterministic_rule
shell select ,Expense,2002.0,Fuel,deterministic_rule,high,deterministic_rule
shell select choc and biscuits ,Expense,2002.0,Fuel,deterministic_rule,high,deterministic_rule
sheraz cnic fee + petrol plus + pocket money ,Expense,2002.0,Fuel,deterministic_rule,high,deterministic_rule
swift petrol,Expense,2002.0,Fuel,deterministic_rule,high,deterministic_rule
through pso card,Expense,2002.0,Fuel,deterministic_rule,high,deterministic_rule
to fsd petrol,Expense,2002.0,Fuel,deterministic_rule,high,deterministic_rule
tonner for offic laser and epson,Expense,2002.0,Fuel,deterministic_rule,high,deterministic_rule
total petrol,Expense,2002.0,Fuel,deterministic_rule,high,deterministic_rule
tour nathia gali shugran etc. petrol 18000-8000+  miscellaneous ,Expense,2002.0,Fuel,deterministic_rule,high,deterministic_rule
tunning + petrol,Expense,2002.0,Fuel,deterministic_rule,high,deterministic_rule
tunning and petrol (rida and maaz trip) ,Expense,2002.0,Fuel,deterministic_rule,high,deterministic_rule
village petrol,Expense,2002.0,Fuel,deterministic_rule,high,deterministic_rule
wagon R petrol,Expense,2002.0,Fuel,deterministic_rule,high,deterministic_rule
wind screen cleaner at pso,Expense,2002.0,Fuel,deterministic_rule,high,deterministic_rule
yahya ko petrol ky pesy dye begum ny..,Expense,2002.0,Fuel,deterministic_rule,high,deterministic_rule
ybr petrol,Expense,2002.0,Fuel,deterministic_rule,high,deterministic_rule
 Home to office uber,Expense,2003.0,Transport,deterministic_rule,high,deterministic_rule
 uber bike,Expense,2003.0,Transport,deterministic_rule,high,deterministic_rule
1 ride moiz,Income,2003.0,Transport,deterministic_rule,high,deterministic_rule
1 ride with careem,Income,2003.0,Transport,deterministic_rule,high,deterministic_rule
1-jul to 7-jul taxi fare,Expense,2003.0,Transport,deterministic_rule,high,deterministic_rule
10 ride with careem 13 ride,Income,2003.0,Transport,deterministic_rule,high,deterministic_rule
14 ride till nyt uber in day 2.30 till 5 pm anil work safora,Income,2003.0,Transport,deterministic_rule,high,deterministic_rule
2 Careems,Expense,2003.0,Transport,deterministic_rule,high,deterministic_rule
2 rides moiz,Income,2003.0,Transport,deterministic_rule,high,deterministic_rule
3 RIDES ,Transfer,2003.0,Transport,deterministic_rule,high,deterministic_rule
32 rides moiz,Income,2003.0,Transport,deterministic_rule,high,deterministic_rule
4 rides moiz,Income,2003.0,Transport,deterministic_rule,high,deterministic_rule
5 rides moiz,Income,2003.0,Transport,deterministic_rule,high,deterministic_rule
6 rides moiz,Income,2003.0,Transport,deterministic_rule,high,deterministic_rule
"600 - Wax
300 - Careem
200 - Careem",Expense,2003.0,Transport,deterministic_rule,high,deterministic_rule
7 rides moiz,Income,2003.0,Transport,deterministic_rule,high,deterministic_rule
720 uber 270 top up uber balance,Expense,2003.0,Transport,deterministic_rule,high,deterministic_rule
8 till 14 start reading 16535 till 16970 40 ride uber and 4 careem extra,Income,2003.0,Transport,deterministic_rule,high,deterministic_rule
800. baki 200 uber wallet,Expense,2003.0,Transport,deterministic_rule,high,deterministic_rule
9 ride uber in day time after school and nyt treat munir,Income,2003.0,Transport,deterministic_rule,high,deterministic_rule
9 ride with one uber ride,Income,2003.0,Transport,deterministic_rule,high,deterministic_rule
9 rides moiz,Income,2003.0,Transport,deterministic_rule,high,deterministic_rule
A1 Guest house - Akshyardham Ober taxi,Expense,2003.0,Transport,deterministic_rule,high,deterministic_rule
AD to Dubai Taxi,Expense,2003.0,Transport,deterministic_rule,high,deterministic_rule
"Ac fitting, transport charges, breaker, bracket etc",Expense,2003.0,Transport,deterministic_rule,high,deterministic_rule
Access transportation from adipur to Ahmedabad + Dolly's ticket,Expense,2003.0,Transport,deterministic_rule,high,deterministic_rule
Adda transport billti ,Expense,2003.0,Transport,deterministic_rule,high,deterministic_rule
Airport Careem,Expense,2003.0,Transport,deterministic_rule,high,deterministic_rule
Airport taxi ,Expense,2003.0,Transport,deterministic_rule,high,deterministic_rule
Ali Raza Uber,Expense,2003.0,Transport,deterministic_rule,high,deterministic_rule
Ali baba k careem charges paid,Expense,2003.0,Transport,deterministic_rule,high,deterministic_rule
AnTiQue two way (careem),Expense,2003.0,Transport,deterministic_rule,high,deterministic_rule
Asim Uber & TCS ,Expense,2003.0,Transport,deterministic_rule,high,deterministic_rule
Aymen Taxi,Expense,2003.0,Transport,deterministic_rule,high,deterministic_rule
Aymen Uber,Expense,2003.0,Transport,deterministic_rule,high,deterministic_rule
Bacha Party camel ride kalar kahar,Expense,2003.0,Transport,deterministic_rule,high,deterministic_rule
Bigfellas - Uber eats,Expense,2003.0,Transport,deterministic_rule,high,deterministic_rule
Bottle+Uber,Expense,2003.0,Transport,deterministic_rule,high,deterministic_rule
BridesMaid,Expense,2003.0,Transport,deterministic_rule,high,deterministic_rule
Burger From Nishat while uber.,Expense,2003.0,Transport,deterministic_rule,high,deterministic_rule
Butter (800) + Bykea (150),Expense,2003.0,Transport,deterministic_rule,high,deterministic_rule
Bykea Courier,Expense,2003.0,Transport,deterministic_rule,high,deterministic_rule
Bykea for shirts,Expense,2003.0,Transport,deterministic_rule,high,deterministic_rule
Bykea rent for home,Expense,2003.0,Transport,deterministic_rule,high,deterministic_rule
Bykea rent from Office ,Expense,2003.0,Transport,deterministic_rule,high,deterministic_rule
CAREEM TAXI fair from Ada Iqbal home to saddar,Expense,2003.0,Transport,deterministic_rule,high,deterministic_rule
CAREEM al jannat shadi hall to office,Expense,2003.0,Transport,deterministic_rule,high,deterministic_rule
CAREEM spice bazar to college road,Expense,2003.0,Transport,deterministic_rule,high,deterministic_rule
Camel Ride,Expense,2003.0,Transport,deterministic_rule,high,deterministic_rule
Car Ride,Expense,2003.0,Transport,deterministic_rule,high,deterministic_rule
Careem  - people's ch. to Home,Expense,2003.0,Transport,deterministic_rule,high,deterministic_rule
Careem (2 rides),Expense,2003.0,Transport,deterministic_rule,high,deterministic_rule
Careem (Faizabad to home),Expense,2003.0,Transport,deterministic_rule,high,deterministic_rule
Careem (Home - Daewoo Terminal),Expense,2003.0,Transport,deterministic_rule,high,deterministic_rule
Careem (Home - Lahore),Expense,2003.0,Transport,deterministic_rule,high,deterministic_rule
Careem (Home),Expense,2003.0,Transport,deterministic_rule,high,deterministic_rule
Careem (Rabia home),Expense,2003.0,Transport,deterministic_rule,high,deterministic_rule
Careem - Home to Office,Expense,2003.0,Transport,deterministic_rule,high,deterministic_rule
Careem - Home ➡️ office ,Expense,2003.0,Transport,deterministic_rule,high,deterministic_rule
Careem - Office to Home,Expense,2003.0,Transport,deterministic_rule,high,deterministic_rule
Careem - Office ➡️ home ,Expense,2003.0,Transport,deterministic_rule,high,deterministic_rule
Careem . ,Expense,2003.0,Transport,deterministic_rule,high,deterministic_rule
Careem 2 Rides,Income,2003.0,Transport,deterministic_rule,high,deterministic_rule
Careem Airport to lums,Expense,2003.0,Transport,deterministic_rule,high,deterministic_rule
Careem Bike Juni,Expense,2003.0,Transport,deterministic_rule,high,deterministic_rule
Careem Bucket,Expense,2003.0,Transport,deterministic_rule,high,deterministic_rule
Careem Daewoo to Qazi,Expense,2003.0,Transport,deterministic_rule,high,deterministic_rule
Careem Deposit ,Expense,2003.0,Transport,deterministic_rule,high,deterministic_rule
Careem Earning Corolla ,Income,2003.0,Transport,approved_mapping,very_high,approved_mapping
"Careem Go, Hostel to Daewoo Thokar",Expense,2003.0,Transport,deterministic_rule,high,deterministic_rule
Careem HO - Home ,Expense,2003.0,Transport,deterministic_rule,high,deterministic_rule
Careem HO - School ,Expense,2003.0,Transport,deterministic_rule,high,deterministic_rule
Careem Home to bus and bus stand to home,Expense,2003.0,Transport,deterministic_rule,high,deterministic_rule
Careem I8 to NIC,Expense,2003.0,Transport,deterministic_rule,high,deterministic_rule
Careem Kohinooe,Expense,2003.0,Transport,deterministic_rule,high,deterministic_rule
Careem MH,Expense,2003.0,Transport,deterministic_rule,high,deterministic_rule
Careem Packages (3),Expense,2003.0,Transport,deterministic_rule,high,deterministic_rule
Careem Payment,Expense,2003.0,Transport,deterministic_rule,high,deterministic_rule
Careem Rent,Expense,2003.0,Transport,deterministic_rule,high,deterministic_rule
Careem Rent for Home,Expense,2003.0,Transport,deterministic_rule,high,deterministic_rule
Careem Rent for Office ,Expense,2003.0,Transport,deterministic_rule,high,deterministic_rule
Careem Rides and Wire Tape,Transfer,2003.0,Transport,deterministic_rule,high,deterministic_rule
Careem Topup ,Expense,2003.0,Transport,deterministic_rule,high,deterministic_rule
Careem Up and down,Expense,2003.0,Transport,deterministic_rule,high,deterministic_rule
Careem Vouchers,Expense,2003.0,Transport,deterministic_rule,high,deterministic_rule
Careem Wallet,Expense,2003.0,Transport,deterministic_rule,high,deterministic_rule
Careem and Car expences,Expense,2003.0,Transport,deterministic_rule,high,deterministic_rule
Careem and Ticket to Home,Expense,2003.0,Transport,deterministic_rule,high,deterministic_rule
Careem and ticket back,Expense,2003.0,Transport,deterministic_rule,high,deterministic_rule
Careem bike - Airport ,Expense,2003.0,Transport,deterministic_rule,high,deterministic_rule
Careem bike for Going to university ,Expense,2003.0,Transport,deterministic_rule,high,deterministic_rule
Careem bike for Metro stop,Expense,2003.0,Transport,deterministic_rule,high,deterministic_rule
Careem bike from Badaami Bagh to GameStore Liberty,Expense,2003.0,Transport,deterministic_rule,high,deterministic_rule
Careem delivery ,Expense,2003.0,Transport,deterministic_rule,high,deterministic_rule
Careem fare,Income,2003.0,Transport,deterministic_rule,high,deterministic_rule
Careem for Sufyan,Transfer,2003.0,Transport,deterministic_rule,high,deterministic_rule
Careem for home aearch,Expense,2003.0,Transport,deterministic_rule,high,deterministic_rule
"Careem for railway 
",Expense,2003.0,Transport,deterministic_rule,high,deterministic_rule
Careem from Honda Gateway,Expense,2003.0,Transport,deterministic_rule,high,deterministic_rule
Careem from Office with Rizwan,Expense,2003.0,Transport,deterministic_rule,high,deterministic_rule
Careem from daewoo terminal to i9-Markaz,Expense,2003.0,Transport,deterministic_rule,high,deterministic_rule
Careem from luckyone to home ,Expense,2003.0,Transport,deterministic_rule,high,deterministic_rule
Careem go mini,Expense,2003.0,Transport,deterministic_rule,high,deterministic_rule
Careem go to home,Expense,2003.0,Transport,deterministic_rule,high,deterministic_rule
Careem master road ,Expense,2003.0,Transport,deterministic_rule,high,deterministic_rule
Careem mini fare,Expense,2003.0,Transport,deterministic_rule,high,deterministic_rule
Careem mix betnovate Kanwal,Expense,2003.0,Transport,deterministic_rule,high,deterministic_rule
Careem package ,Expense,2003.0,Transport,deterministic_rule,high,deterministic_rule
Careem package...,Expense,2003.0,Transport,deterministic_rule,high,deterministic_rule
Careem plant to home,Expense,2003.0,Transport,deterministic_rule,high,deterministic_rule
Careem rent for chanda going nasheman,Expense,2003.0,Transport,deterministic_rule,high,deterministic_rule
Careem rent seminar day.,Expense,2003.0,Transport,deterministic_rule,high,deterministic_rule
Careem rickshaw fare,Expense,2003.0,Transport,deterministic_rule,high,deterministic_rule
Careem rickshaw to apiya,Expense,2003.0,Transport,deterministic_rule,high,deterministic_rule
Careem rickshaw to home,Expense,2003.0,Transport,deterministic_rule,high,deterministic_rule
Careem ride,Expense,2003.0,Transport,deterministic_rule,high,deterministic_rule
Careem to Citrus...,Expense,2003.0,Transport,deterministic_rule,high,deterministic_rule
Careem to Coffee beans...,Expense,2003.0,Transport,deterministic_rule,high,deterministic_rule
Careem to DD...,Expense,2003.0,Transport,deterministic_rule,high,deterministic_rule
"Careem to Dera Adda
",Expense,2003.0,Transport,deterministic_rule,high,deterministic_rule
Careem to Gino's...167+50...,Expense,2003.0,Transport,deterministic_rule,high,deterministic_rule
Careem to Honda Gateway,Expense,2003.0,Transport,deterministic_rule,high,deterministic_rule
Careem to IT tower...,Expense,2003.0,Transport,deterministic_rule,high,deterministic_rule
Careem to Karim block...,Expense,2003.0,Transport,deterministic_rule,high,deterministic_rule
Careem to LuckyOne,Expense,2003.0,Transport,deterministic_rule,high,deterministic_rule
Careem to Office,Expense,2003.0,Transport,deterministic_rule,high,deterministic_rule
Careem to airport ,Expense,2003.0,Transport,deterministic_rule,high,deterministic_rule
"Careem to airport, faisal...",Expense,2003.0,Transport,deterministic_rule,high,deterministic_rule
"Careem to canal view, Fatima, Khadijah...",Expense,2003.0,Transport,deterministic_rule,high,deterministic_rule
Careem to chaye khana,Expense,2003.0,Transport,deterministic_rule,high,deterministic_rule
Careem to dha 2,Expense,2003.0,Transport,deterministic_rule,high,deterministic_rule
Careem to do darya,Expense,2003.0,Transport,deterministic_rule,high,deterministic_rule
Careem to g11 and home ,Expense,2003.0,Transport,deterministic_rule,high,deterministic_rule
"Careem to home, from monal...",Expense,2003.0,Transport,deterministic_rule,high,deterministic_rule
Careem to home...,Expense,2003.0,Transport,deterministic_rule,high,deterministic_rule
Careem to ichra...,Expense,2003.0,Transport,deterministic_rule,high,deterministic_rule
Careem to main mkt...,Expense,2003.0,Transport,deterministic_rule,high,deterministic_rule
Careem to monal...,Expense,2003.0,Transport,deterministic_rule,high,deterministic_rule
Careem to office...,Expense,2003.0,Transport,deterministic_rule,high,deterministic_rule
Careem towards daewoo terminal. ,Expense,2003.0,Transport,deterministic_rule,high,deterministic_rule
Careem transportation from home to WeCreate,Expense,2003.0,Transport,deterministic_rule,high,deterministic_rule
Careem travel,Expense,2003.0,Transport,deterministic_rule,high,deterministic_rule
Careem wapsi,Expense,2003.0,Transport,deterministic_rule,high,deterministic_rule
Careem { ashiana to thokar} ,Expense,2003.0,Transport,deterministic_rule,high,deterministic_rule
"Careem, Bahria to I8",Expense,2003.0,Transport,deterministic_rule,high,deterministic_rule
"Careem, NIC Bahria ",Expense,2003.0,Transport,deterministic_rule,high,deterministic_rule
Careems etc,Expense,2003.0,Transport,deterministic_rule,high,deterministic_rule
China sale scruber,Expense,2003.0,Transport,deterministic_rule,high,deterministic_rule
Cream bike ride for office,Expense,2003.0,Transport,deterministic_rule,high,deterministic_rule
Cutting and transport ,Expense,2003.0,Transport,deterministic_rule,high,deterministic_rule
Dhaba with Transporters ,Expense,2003.0,Transport,deterministic_rule,high,deterministic_rule
"Faiza Careem,  Shampoo, Dermovate",Expense,2003.0,Transport,deterministic_rule,high,deterministic_rule
Faysal bank cridet card,Expense,2003.0,Transport,deterministic_rule,high,deterministic_rule
Furniture Transport,Expense,2003.0,Transport,deterministic_rule,high,deterministic_rule
Given To Saif For Fair For Transport,Expense,2003.0,Transport,deterministic_rule,high,deterministic_rule
"Gree inverter for lounge with transportation 1500, Installation 2000",Expense,2003.0,Transport,deterministic_rule,high,deterministic_rule
HEC TCS careem,Expense,2003.0,Transport,deterministic_rule,high,deterministic_rule
HO - Home Uber ,Expense,2003.0,Transport,deterministic_rule,high,deterministic_rule
Hair Cut - Home Uber ,Expense,2003.0,Transport,deterministic_rule,high,deterministic_rule
Hair oil and fairness careem,Expense,2003.0,Transport,deterministic_rule,high,deterministic_rule
Hamdan rides,Expense,2003.0,Transport,deterministic_rule,high,deterministic_rule
Home - HO Uber ,Expense,2003.0,Transport,deterministic_rule,high,deterministic_rule
Home to office bykea,Expense,2003.0,Transport,deterministic_rule,high,deterministic_rule
Home to office careem,Expense,2003.0,Transport,deterministic_rule,high,deterministic_rule
Humza Horse Ride Safa,Expense,2003.0,Transport,deterministic_rule,high,deterministic_rule
Hyderabad tickets and careem,Expense,2003.0,Transport,deterministic_rule,high,deterministic_rule
Icecareem for Guest,Expense,2003.0,Transport,deterministic_rule,high,deterministic_rule
Id Card reneawl uber + Cash ahmed,Expense,2003.0,Transport,deterministic_rule,high,deterministic_rule
Imaan careem expense,Expense,2003.0,Transport,deterministic_rule,high,deterministic_rule
"JHG-FSD 150
Local 10
Uber 50
FSD-LHR 570 ",Expense,2003.0,Transport,deterministic_rule,high,deterministic_rule
"JHG-FSD 150
Local 50
Uber 50
FSD-LHR 570 ",Expense,2003.0,Transport,deterministic_rule,high,deterministic_rule
Javed Transporter,Transfer,2003.0,Transport,deterministic_rule,high,deterministic_rule
"Kaju, sabut Dhani, careem & Lal mirch ",Expense,2003.0,Transport,deterministic_rule,high,deterministic_rule
Kid rides,Expense,2003.0,Transport,deterministic_rule,high,deterministic_rule
Load for Tanya careem ,Expense,2003.0,Transport,deterministic_rule,high,deterministic_rule
Lyari Toll,Expense,2003.0,Transport,approved_mapping,very_high,approved_mapping
M Khan transporter advance ,Expense,2003.0,Transport,deterministic_rule,high,deterministic_rule
"Makkah Transport
",Expense,2003.0,Transport,deterministic_rule,high,deterministic_rule
Mehak expenses uber,Expense,2003.0,Transport,deterministic_rule,high,deterministic_rule
Monday 1 ride we'd 2 and sat 5 ride almost in 100km bike run,Income,2003.0,Transport,deterministic_rule,high,deterministic_rule
My careem exepnse,Expense,2003.0,Transport,deterministic_rule,high,deterministic_rule
NHM Ticket for careem driver,Expense,2003.0,Transport,deterministic_rule,high,deterministic_rule
Office Bike Parking ,Expense,2003.0,Transport,approved_mapping,very_high,approved_mapping
Office to home bykea,Expense,2003.0,Transport,deterministic_rule,high,deterministic_rule
Office to home uber,Expense,2003.0,Transport,deterministic_rule,high,deterministic_rule
Office transport,Expense,2003.0,Transport,deterministic_rule,high,deterministic_rule
PRC - Uber Riyadh Gallery,Expense,2003.0,Transport,deterministic_rule,high,deterministic_rule
PRC - Uber to BBQ Tonight,Expense,2003.0,Transport,deterministic_rule,high,deterministic_rule
"Paid Taxi Aghosh Murree to Sozo adventure park
",Expense,2003.0,Transport,deterministic_rule,high,deterministic_rule
Paid to Anis Transporter for Bismillah Developers,Expense,2003.0,Transport,deterministic_rule,high,deterministic_rule
Paid to Anis transport for Kamran Khan,Expense,2003.0,Transport,deterministic_rule,high,deterministic_rule
Paid to Anis transporter for Mr. Jame Durrani,Expense,2003.0,Transport,deterministic_rule,high,deterministic_rule
Paid to careem extra,Expense,2003.0,Transport,deterministic_rule,high,deterministic_rule
Pamper Pants nd Careem etc,Expense,2003.0,Transport,deterministic_rule,high,deterministic_rule
Park & Rides,Expense,2003.0,Transport,deterministic_rule,high,deterministic_rule
Pay back by Sheela dd for taxi sharing cost,Income,2003.0,Transport,deterministic_rule,high,deterministic_rule
Pride,Expense,2003.0,Transport,deterministic_rule,high,deterministic_rule
Purchase Careem package,Expense,2003.0,Transport,deterministic_rule,high,deterministic_rule
Quberistan ,Expense,2003.0,Transport,deterministic_rule,high,deterministic_rule
Rent 10200/= Transport 3400/= Householder 6000/= Education fee 16500/=,Income,2003.0,Transport,deterministic_rule,high,deterministic_rule
Rider,Income,2003.0,Transport,deterministic_rule,high,deterministic_rule
Ring Road Toll,Expense,2003.0,Transport,approved_mapping,very_high,approved_mapping
Sabeen careem package ,Expense,2003.0,Transport,deterministic_rule,high,deterministic_rule
Sabeen cash payoff careem,Income,2003.0,Transport,deterministic_rule,high,deterministic_rule
Safriderm,Expense,2003.0,Transport,deterministic_rule,high,deterministic_rule
Shabaz Transporter,Transfer,2003.0,Transport,deterministic_rule,high,deterministic_rule
Shahbaz transporter,Transfer,2003.0,Transport,deterministic_rule,high,deterministic_rule
Shifting transportation ,Expense,2003.0,Transport,deterministic_rule,high,deterministic_rule
Shiraz Careem,Transfer,2003.0,Transport,deterministic_rule,high,deterministic_rule
"Shuttle, Careem Daewoo Kalma to Model Town Link Road: 144 (150)",Expense,2003.0,Transport,deterministic_rule,high,deterministic_rule
Sprite for Tahir and Naseer for transporting my furniture,Expense,2003.0,Transport,deterministic_rule,high,deterministic_rule
Sunday Uber visit eat,Expense,2003.0,Transport,deterministic_rule,high,deterministic_rule
T.A cab taxi rent for cctv work,Expense,2003.0,Transport,deterministic_rule,high,deterministic_rule
TCS TO HASEEB & TASK TRVL & UBER ,Expense,2003.0,Transport,deterministic_rule,high,deterministic_rule
Taxi - Seihan Jail to Duabi Ibne Batuta,Expense,2003.0,Transport,deterministic_rule,high,deterministic_rule
Taxi Badah,Expense,2003.0,Transport,deterministic_rule,high,deterministic_rule
Taxi Fare from Dubai to AbuDhabi,Expense,2003.0,Transport,deterministic_rule,high,deterministic_rule
Taxi Shahdadkot,Expense,2003.0,Transport,deterministic_rule,high,deterministic_rule
Taxi fare Airport to Gurgaon,Expense,2003.0,Transport,deterministic_rule,high,deterministic_rule
Taxi fare from khajoor Market to hotel,Expense,2003.0,Transport,deterministic_rule,high,deterministic_rule
"Taxi fare. Murree to Rwp.

",Expense,2003.0,Transport,deterministic_rule,high,deterministic_rule
Taxi for June,Expense,2003.0,Transport,deterministic_rule,high,deterministic_rule
Taxi from Airport,Expense,2003.0,Transport,deterministic_rule,high,deterministic_rule
Taxi from Immigration to Sweihan Jail,Expense,2003.0,Transport,deterministic_rule,high,deterministic_rule
Taxi from airport to home,Expense,2003.0,Transport,deterministic_rule,high,deterministic_rule
Taxi mn sherket kahraba,Expense,2003.0,Transport,deterministic_rule,high,deterministic_rule
Taxi to AEG,Expense,2003.0,Transport,deterministic_rule,high,deterministic_rule
Taxi to Deepa's wedding,Expense,2003.0,Transport,deterministic_rule,high,deterministic_rule
Taxi to belagio,Expense,2003.0,Transport,deterministic_rule,high,deterministic_rule
Taxi to hraparakic tun,Expense,2003.0,Transport,deterministic_rule,high,deterministic_rule
Taxi to work,Expense,2003.0,Transport,approved_mapping,very_high,approved_mapping
Taxi tohraparak,Expense,2003.0,Transport,deterministic_rule,high,deterministic_rule
Taxi- Dubai to Shahama . shahama to jail,Expense,2003.0,Transport,deterministic_rule,high,deterministic_rule
Taxi. jail to dubai Uae Exchange ,Expense,2003.0,Transport,deterministic_rule,high,deterministic_rule
"Taxila
",Expense,2003.0,Transport,deterministic_rule,high,deterministic_rule
Taxila Uncle,Income,2003.0,Transport,deterministic_rule,high,deterministic_rule
"Total Transportation Islamabad,shogran,naran,babusar and back to islamabad ",Expense,2003.0,Transport,deterministic_rule,high,deterministic_rule
Transport to home,Expense,2003.0,Transport,deterministic_rule,high,deterministic_rule
Transport to home and back,Expense,2003.0,Transport,deterministic_rule,high,deterministic_rule
Transport to kasyan and back,Expense,2003.0,Transport,deterministic_rule,high,deterministic_rule
Transport to work,Expense,2003.0,Transport,deterministic_rule,high,deterministic_rule
Transportation charges,Expense,2003.0,Transport,deterministic_rule,high,deterministic_rule
Transportation cost for Kamala ko bahini,Expense,2003.0,Transport,deterministic_rule,high,deterministic_rule
Transportation of Washing Machine from Sadder to Home,Expense,2003.0,Transport,deterministic_rule,high,deterministic_rule
Trident + Extra,Expense,2003.0,Transport,deterministic_rule,high,deterministic_rule
UBER Charges,Expense,2003.0,Transport,deterministic_rule,high,deterministic_rule
UBER Fare from Home to Shiekh's Coffee Corner,Expense,2003.0,Transport,deterministic_rule,high,deterministic_rule
Uber AUTO fare,Expense,2003.0,Transport,deterministic_rule,high,deterministic_rule
Uber Conveyance,Expense,2003.0,Transport,deterministic_rule,high,deterministic_rule
Uber Cycle closing balance ,Income,2003.0,Transport,deterministic_rule,high,deterministic_rule
Uber F/10 to F/6,Expense,2003.0,Transport,deterministic_rule,high,deterministic_rule
Uber HO - Home ,Expense,2003.0,Transport,deterministic_rule,high,deterministic_rule
Uber HO Hair cut,Expense,2003.0,Transport,deterministic_rule,high,deterministic_rule
Uber Home - HO ,Expense,2003.0,Transport,deterministic_rule,high,deterministic_rule
Uber IKEA,Expense,2003.0,Transport,deterministic_rule,high,deterministic_rule
Uber Metro ,Expense,2003.0,Transport,deterministic_rule,high,deterministic_rule
Uber Rent,Expense,2003.0,Transport,deterministic_rule,high,deterministic_rule
Uber School - Home ,Expense,2003.0,Transport,deterministic_rule,high,deterministic_rule
Uber Summaira ,Expense,2003.0,Transport,deterministic_rule,high,deterministic_rule
Uber Taxi Rent,Expense,2003.0,Transport,deterministic_rule,high,deterministic_rule
Uber and Karachi to Hyderabad ,Expense,2003.0,Transport,deterministic_rule,high,deterministic_rule
Uber back from FNd,Expense,2003.0,Transport,deterministic_rule,high,deterministic_rule
Uber bike fare,Expense,2003.0,Transport,deterministic_rule,high,deterministic_rule
Uber cash,Expense,2003.0,Transport,deterministic_rule,high,deterministic_rule
Uber eats,Transfer,2003.0,Transport,deterministic_rule,high,deterministic_rule
Uber eats - MUGHAL grill,Transfer,2003.0,Transport,deterministic_rule,high,deterministic_rule
Uber fares when Mahvish api came. ,Expense,2003.0,Transport,deterministic_rule,high,deterministic_rule
Uber fear,Expense,2003.0,Transport,deterministic_rule,high,deterministic_rule
Uber flat to jinnah terminal,Expense,2003.0,Transport,deterministic_rule,high,deterministic_rule
Uber fm Office to Home ,Expense,2003.0,Transport,deterministic_rule,high,deterministic_rule
Uber for cancellation,Expense,2003.0,Transport,deterministic_rule,high,deterministic_rule
Uber for charger,Expense,2003.0,Transport,deterministic_rule,high,deterministic_rule
Uber from China scheem,Expense,2003.0,Transport,deterministic_rule,high,deterministic_rule
Uber from Home To Airport,Expense,2003.0,Transport,deterministic_rule,high,deterministic_rule
Uber from IoBM to Home,Expense,2003.0,Transport,deterministic_rule,high,deterministic_rule
Uber from IoBM to Saylani,Expense,2003.0,Transport,deterministic_rule,high,deterministic_rule
Uber from station to office monday,Expense,2003.0,Transport,deterministic_rule,high,deterministic_rule
Uber from university to flat. ,Expense,2003.0,Transport,deterministic_rule,high,deterministic_rule
Uber from work to mehak's workplace and then bambou,Expense,2003.0,Transport,deterministic_rule,high,deterministic_rule
Uber hafeez centre,Expense,2003.0,Transport,deterministic_rule,high,deterministic_rule
Uber morning,Expense,2003.0,Transport,deterministic_rule,high,deterministic_rule
Uber reciept,Expense,2003.0,Transport,deterministic_rule,high,deterministic_rule
Uber rickshaw fare,Expense,2003.0,Transport,deterministic_rule,high,deterministic_rule
Uber ride to rto ,Expense,2003.0,Transport,deterministic_rule,high,deterministic_rule
Uber to 44 st Joseph ,Expense,2003.0,Transport,deterministic_rule,high,deterministic_rule
Uber to Ami ,Expense,2003.0,Transport,deterministic_rule,high,deterministic_rule
Uber to City Centre,Expense,2003.0,Transport,deterministic_rule,high,deterministic_rule
Uber to Fortress,Expense,2003.0,Transport,deterministic_rule,high,deterministic_rule
Uber to Office,Expense,2003.0,Transport,deterministic_rule,high,deterministic_rule
Uber to home ,Expense,2003.0,Transport,deterministic_rule,high,deterministic_rule
Uber to home...,Expense,2003.0,Transport,deterministic_rule,high,deterministic_rule
Uber to samis place,Expense,2003.0,Transport,deterministic_rule,high,deterministic_rule
Uber. Mansoorah to Bilal travels,Expense,2003.0,Transport,deterministic_rule,high,deterministic_rule
Ubereats weekend,Expense,2003.0,Transport,deterministic_rule,high,deterministic_rule
Umair Careem,Expense,2003.0,Transport,deterministic_rule,high,deterministic_rule
Umer for careem,Expense,2003.0,Transport,deterministic_rule,high,deterministic_rule
Zainab for uber,Expense,2003.0,Transport,deterministic_rule,high,deterministic_rule
"abu ko ghr la kr aye careem rent
",Expense,2003.0,Transport,deterministic_rule,high,deterministic_rule
adeel careem less received ,Expense,2003.0,Transport,deterministic_rule,high,deterministic_rule
"advance for transportation
",Expense,2003.0,Transport,deterministic_rule,high,deterministic_rule
advance paid to M Ali transporter ,Expense,2003.0,Transport,deterministic_rule,high,deterministic_rule
agha khan Uber careem,Expense,2003.0,Transport,deterministic_rule,high,deterministic_rule
ahad school transport for june,Expense,2003.0,Transport,deterministic_rule,high,deterministic_rule
ami careem bolltle,Expense,2003.0,Transport,deterministic_rule,high,deterministic_rule
"ami for careem
",Expense,2003.0,Transport,deterministic_rule,high,deterministic_rule
"ande wala burger plus uber
",Expense,2003.0,Transport,deterministic_rule,high,deterministic_rule
bahzad filling work transport kharcha ,Expense,2003.0,Transport,deterministic_rule,high,deterministic_rule
bbq showrma and careem chat n coke,Expense,2003.0,Transport,deterministic_rule,high,deterministic_rule
boat ride,Expense,2003.0,Transport,deterministic_rule,high,deterministic_rule
bykea,Expense,2003.0,Transport,deterministic_rule,high,deterministic_rule
bykea delivery of lisence docs to rizwan sheikh,Expense,2003.0,Transport,deterministic_rule,high,deterministic_rule
bykea fare,Expense,2003.0,Transport,deterministic_rule,high,deterministic_rule
bykea to johar,Expense,2003.0,Transport,deterministic_rule,high,deterministic_rule
cab wuickride,Expense,2003.0,Transport,deterministic_rule,high,deterministic_rule
careem,Expense,2003.0,Transport,deterministic_rule,high,deterministic_rule
"careem
at home to fishri",Expense,2003.0,Transport,deterministic_rule,high,deterministic_rule
"careem
home to jamshed bhai home
back to home",Expense,2003.0,Transport,deterministic_rule,high,deterministic_rule
"careem
home to sharif bhai home
back to home",Expense,2003.0,Transport,deterministic_rule,high,deterministic_rule
careem + papar ,Expense,2003.0,Transport,deterministic_rule,high,deterministic_rule
careem back berlitz,Expense,2003.0,Transport,deterministic_rule,high,deterministic_rule
careem bike,Expense,2003.0,Transport,deterministic_rule,high,deterministic_rule
careem bilal to ghar fsd,Expense,2003.0,Transport,deterministic_rule,high,deterministic_rule
"careem bill 
",Expense,2003.0,Transport,deterministic_rule,high,deterministic_rule
careem bill cigrate etc,Expense,2003.0,Transport,deterministic_rule,high,deterministic_rule
careem bk n ses,Expense,2003.0,Transport,deterministic_rule,high,deterministic_rule
careem cantt kab to hom,Expense,2003.0,Transport,deterministic_rule,high,deterministic_rule
careem charges,Expense,2003.0,Transport,deterministic_rule,high,deterministic_rule
careem charges received from adeel ,Transfer,2003.0,Transport,deterministic_rule,high,deterministic_rule
careem delirvy home to raiba,Expense,2003.0,Transport,deterministic_rule,high,deterministic_rule
careem delivery from ktk,Expense,2003.0,Transport,deterministic_rule,high,deterministic_rule
careem delivery to dispatch props,Expense,2003.0,Transport,deterministic_rule,high,deterministic_rule
careem expense,Expense,2003.0,Transport,deterministic_rule,high,deterministic_rule
careem fair ,Expense,2003.0,Transport,deterministic_rule,high,deterministic_rule
careem fare of Manno from home to office,Expense,2003.0,Transport,deterministic_rule,high,deterministic_rule
careem fare return,Expense,2003.0,Transport,deterministic_rule,high,deterministic_rule
careem fee,Expense,2003.0,Transport,deterministic_rule,high,deterministic_rule
careem for movie,Expense,2003.0,Transport,deterministic_rule,high,deterministic_rule
careem for movie on return ,Expense,2003.0,Transport,deterministic_rule,high,deterministic_rule
careem for tony and guy,Expense,2003.0,Transport,deterministic_rule,high,deterministic_rule
careem from home to daewoo,Expense,2003.0,Transport,deterministic_rule,high,deterministic_rule
careem from model Town to home,Expense,2003.0,Transport,deterministic_rule,high,deterministic_rule
careem from uep to home,Expense,2003.0,Transport,deterministic_rule,high,deterministic_rule
careem home to block D,Expense,2003.0,Transport,deterministic_rule,high,deterministic_rule
careem home to maymar mor,Expense,2003.0,Transport,deterministic_rule,high,deterministic_rule
careem hyd hotel to stop,Expense,2003.0,Transport,deterministic_rule,high,deterministic_rule
careem hyd to tjm,Expense,2003.0,Transport,deterministic_rule,high,deterministic_rule
careem order,Expense,2003.0,Transport,deterministic_rule,high,deterministic_rule
careem package payment ,Expense,2003.0,Transport,deterministic_rule,high,deterministic_rule
careem rent for bringing anwaar bike to home ,Expense,2003.0,Transport,deterministic_rule,high,deterministic_rule
careem ride home,Expense,2003.0,Transport,deterministic_rule,high,deterministic_rule
careem saifi to erum total 250.. 200 given by aro,Expense,2003.0,Transport,deterministic_rule,high,deterministic_rule
careem to Isb airport for skd trip,Expense,2003.0,Transport,deterministic_rule,high,deterministic_rule
careem to Noor khala,Expense,2003.0,Transport,deterministic_rule,high,deterministic_rule
careem to akh,Expense,2003.0,Transport,deterministic_rule,high,deterministic_rule
careem to faisal town from jaffer sb home,Expense,2003.0,Transport,deterministic_rule,high,deterministic_rule
careem to home ,Expense,2003.0,Transport,deterministic_rule,high,deterministic_rule
careem to imtiaz ,Expense,2003.0,Transport,deterministic_rule,high,deterministic_rule
careem to mamo,Expense,2003.0,Transport,deterministic_rule,high,deterministic_rule
careem to medicsi,Expense,2003.0,Transport,deterministic_rule,high,deterministic_rule
careem to mom's place,Expense,2003.0,Transport,deterministic_rule,high,deterministic_rule
careem to office for printer pick up ,Expense,2003.0,Transport,deterministic_rule,high,deterministic_rule
careem to szabist,Expense,2003.0,Transport,deterministic_rule,high,deterministic_rule
careem to.home,Expense,2003.0,Transport,deterministic_rule,high,deterministic_rule
careem voucher,Expense,2003.0,Transport,deterministic_rule,high,deterministic_rule
careem+7up,Expense,2003.0,Transport,deterministic_rule,high,deterministic_rule
careem+bus,Expense,2003.0,Transport,deterministic_rule,high,deterministic_rule
careem--210 credit,Expense,2003.0,Transport,deterministic_rule,high,deterministic_rule
careem. MMH bahria town to MMH pwr road (wife),Expense,2003.0,Transport,deterministic_rule,high,deterministic_rule
careem. MMH pwr road to home dha (wife),Expense,2003.0,Transport,deterministic_rule,high,deterministic_rule
careem. home dha to office wah,Expense,2003.0,Transport,deterministic_rule,high,deterministic_rule
careem. lahr aur skt ada,Expense,2003.0,Transport,deterministic_rule,high,deterministic_rule
careem. ride mistakenly booked at wrong location,Expense,2003.0,Transport,deterministic_rule,high,deterministic_rule
careem460+train250,Expense,2003.0,Transport,deterministic_rule,high,deterministic_rule
coaster van expense for islamabd lahore transport,Expense,2003.0,Transport,deterministic_rule,high,deterministic_rule
cream taxi,Expense,2003.0,Transport,deterministic_rule,high,deterministic_rule
cutting careem,Expense,2003.0,Transport,deterministic_rule,high,deterministic_rule
daniah shadi uber,Expense,2003.0,Transport,deterministic_rule,high,deterministic_rule
"day 1 start 15 11 ride start 16971 till 17040 .
day 2
all ride 42 till 17500",Income,2003.0,Transport,deterministic_rule,high,deterministic_rule
during rides missing expenses ,Expense,2003.0,Transport,deterministic_rule,high,deterministic_rule
easy paisa to zubair careem id,Expense,2003.0,Transport,deterministic_rule,high,deterministic_rule
eat kacchi 120tk and Uber ride to office 75 tk,Expense,2003.0,Transport,deterministic_rule,high,deterministic_rule
extra charge careem,Expense,2003.0,Transport,deterministic_rule,high,deterministic_rule
"faizan baraat bus,car, transport rent",Expense,2003.0,Transport,deterministic_rule,high,deterministic_rule
for taxi ,Transfer,2003.0,Transport,approved_mapping,very_high,approved_mapping
for taxi fare,Expense,2003.0,Transport,deterministic_rule,high,deterministic_rule
fridge transportation cost,Expense,2003.0,Transport,deterministic_rule,high,deterministic_rule
g-10 markaz to office Careem fee ,Expense,2003.0,Transport,deterministic_rule,high,deterministic_rule
given for taxi ,Transfer,2003.0,Transport,deterministic_rule,high,deterministic_rule
given to farzam for Uber biometrik,Expense,2003.0,Transport,deterministic_rule,high,deterministic_rule
gujjar marriage transport expenses,Expense,2003.0,Transport,deterministic_rule,high,deterministic_rule
gwj transportation,Expense,2003.0,Transport,deterministic_rule,high,deterministic_rule
hafsa careem,Expense,2003.0,Transport,deterministic_rule,high,deterministic_rule
hala out back transport ,Expense,2003.0,Transport,deterministic_rule,high,deterministic_rule
hala transport rent,Expense,2003.0,Transport,deterministic_rule,high,deterministic_rule
"home to pgcl, uber fare",Expense,2003.0,Transport,deterministic_rule,high,deterministic_rule
huma uber ,Expense,2003.0,Transport,deterministic_rule,high,deterministic_rule
"huma uber, jalal sons, vib",Income,2003.0,Transport,deterministic_rule,high,deterministic_rule
"islo careem
",Expense,2003.0,Transport,deterministic_rule,high,deterministic_rule
kids ride,Expense,2003.0,Transport,deterministic_rule,high,deterministic_rule
kiraya transport to gao 4 persons,Expense,2003.0,Transport,deterministic_rule,high,deterministic_rule
led transportation ,Expense,2003.0,Transport,deterministic_rule,high,deterministic_rule
local fare n careem,Expense,2003.0,Transport,deterministic_rule,high,deterministic_rule
m-pesa for uber,Expense,2003.0,Transport,deterministic_rule,high,deterministic_rule
megha office trip Uber,Expense,2003.0,Transport,deterministic_rule,high,deterministic_rule
mobashirah islambd ticket uber round,Expense,2003.0,Transport,deterministic_rule,high,deterministic_rule
"mon to thursday uber careem
",Expense,2003.0,Transport,deterministic_rule,high,deterministic_rule
monthly careem package ,Expense,2003.0,Transport,deterministic_rule,high,deterministic_rule
motion ride for kids,Expense,2003.0,Transport,deterministic_rule,high,deterministic_rule
mydin kids ride,Expense,2003.0,Transport,deterministic_rule,high,deterministic_rule
nada ki shadi careem,Expense,2003.0,Transport,deterministic_rule,high,deterministic_rule
nanu bride party,Expense,2003.0,Transport,deterministic_rule,high,deterministic_rule
naryangoanj trip by naly.,Expense,2003.0,Transport,deterministic_rule,high,deterministic_rule
office & uber,Expense,2003.0,Transport,deterministic_rule,high,deterministic_rule
office to home careem,Expense,2003.0,Transport,deterministic_rule,high,deterministic_rule
office to home. careem,Expense,2003.0,Transport,deterministic_rule,high,deterministic_rule
office uber,Expense,2003.0,Transport,deterministic_rule,high,deterministic_rule
pal careem,Expense,2003.0,Transport,deterministic_rule,high,deterministic_rule
parking ,Transfer,2003.0,Transport,approved_mapping,very_high,approved_mapping
porter plus taxi,Expense,2003.0,Transport,deterministic_rule,high,deterministic_rule
"quick ride to office
",Expense,2003.0,Transport,deterministic_rule,high,deterministic_rule
quickride,Expense,2003.0,Transport,deterministic_rule,high,deterministic_rule
quickride to office,Expense,2003.0,Transport,deterministic_rule,high,deterministic_rule
raiba careem north to home,Expense,2003.0,Transport,deterministic_rule,high,deterministic_rule
rice transportation charges,Expense,2003.0,Transport,deterministic_rule,high,deterministic_rule
rickshA aur careem travel,Expense,2003.0,Transport,deterministic_rule,high,deterministic_rule
rickshaw to shuttl stand,Expense,2003.0,Transport,approved_mapping,very_high,approved_mapping
ride,Expense,2003.0,Transport,deterministic_rule,high,deterministic_rule
ride work,Income,2003.0,Transport,deterministic_rule,high,deterministic_rule
rides at bahria,Expense,2003.0,Transport,deterministic_rule,high,deterministic_rule
rides chunky monkey,Expense,2003.0,Transport,deterministic_rule,high,deterministic_rule
ruber coting city,Expense,2003.0,Transport,deterministic_rule,high,deterministic_rule
"sani kid kpry,,uber,,benabji",Expense,2003.0,Transport,deterministic_rule,high,deterministic_rule
savour and uber,Expense,2003.0,Transport,deterministic_rule,high,deterministic_rule
silah careem home to ofc,Expense,2003.0,Transport,deterministic_rule,high,deterministic_rule
"tamar, drink and 400 give him for ride and patrol",Expense,2003.0,Transport,deterministic_rule,high,deterministic_rule
taxi,Expense,2003.0,Transport,deterministic_rule,high,deterministic_rule
taxi airport ,Expense,2003.0,Transport,deterministic_rule,high,deterministic_rule
"taxi fare
",Expense,2003.0,Transport,deterministic_rule,high,deterministic_rule
taxi fare park to home ,Transfer,2003.0,Transport,deterministic_rule,high,deterministic_rule
taxi from abu dhabi to ajman,Expense,2003.0,Transport,deterministic_rule,high,deterministic_rule
"taxi from forum, Kayseri till emin kocak hotel",Expense,2003.0,Transport,deterministic_rule,high,deterministic_rule
taxi from mh,Expense,2003.0,Transport,deterministic_rule,high,deterministic_rule
taxi outback tjm hyd,Expense,2003.0,Transport,deterministic_rule,high,deterministic_rule
taxi rikshaw,Expense,2003.0,Transport,deterministic_rule,high,deterministic_rule
taxi share of 27 feb,Expense,2003.0,Transport,deterministic_rule,high,deterministic_rule
"taxi to Dhulikhel, rituraj wedding",Expense,2003.0,Transport,deterministic_rule,high,deterministic_rule
taxi to Secretariat,Expense,2003.0,Transport,deterministic_rule,high,deterministic_rule
taxi to movies ,Expense,2003.0,Transport,deterministic_rule,high,deterministic_rule
taxi toll mh,Expense,2003.0,Transport,deterministic_rule,high,deterministic_rule
toll and parking,Expense,2003.0,Transport,approved_mapping,very_high,approved_mapping
total careem for lib,Expense,2003.0,Transport,deterministic_rule,high,deterministic_rule
transport,Expense,2003.0,Transport,deterministic_rule,high,deterministic_rule
transport kudai,Expense,2003.0,Transport,deterministic_rule,high,deterministic_rule
transportation,Expense,2003.0,Transport,deterministic_rule,high,deterministic_rule
transportation 27/6/19 - 28/6/19,Expense,2003.0,Transport,deterministic_rule,high,deterministic_rule
transportation rent for roof steel,Expense,2003.0,Transport,deterministic_rule,high,deterministic_rule
travelling careem,Expense,2003.0,Transport,deterministic_rule,high,deterministic_rule
uber,Income,2003.0,Transport,approved_mapping,very_high,approved_mapping
uber Gabtoli,Expense,2003.0,Transport,deterministic_rule,high,deterministic_rule
uber and  crsip,Expense,2003.0,Transport,deterministic_rule,high,deterministic_rule
uber and daewoo,Expense,2003.0,Transport,deterministic_rule,high,deterministic_rule
uber asl n back,Expense,2003.0,Transport,deterministic_rule,high,deterministic_rule
uber chacha n back,Expense,2003.0,Transport,deterministic_rule,high,deterministic_rule
uber change m-pesa,Expense,2003.0,Transport,deterministic_rule,high,deterministic_rule
uber eyestyles,Expense,2003.0,Transport,deterministic_rule,high,deterministic_rule
uber fare,Expense,2003.0,Transport,deterministic_rule,high,deterministic_rule
uber fees,Expense,2003.0,Transport,deterministic_rule,high,deterministic_rule
uber from airport to home,Expense,2003.0,Transport,deterministic_rule,high,deterministic_rule
uber home from eshahs,Expense,2003.0,Transport,deterministic_rule,high,deterministic_rule
uber home to 32chowk,Expense,2003.0,Transport,deterministic_rule,high,deterministic_rule
"uber home, usmania hosp",Expense,2003.0,Transport,deterministic_rule,high,deterministic_rule
uber nazimabad ,Expense,2003.0,Transport,deterministic_rule,high,deterministic_rule
uber nazimabad and home,Expense,2003.0,Transport,deterministic_rule,high,deterministic_rule
uber nazimabad home,Expense,2003.0,Transport,deterministic_rule,high,deterministic_rule
uber nouha,Expense,2003.0,Transport,deterministic_rule,high,deterministic_rule
uber offc home,Expense,2003.0,Transport,deterministic_rule,high,deterministic_rule
uber office ,Expense,2003.0,Transport,deterministic_rule,high,deterministic_rule
"uber office, nazimabad, home",Expense,2003.0,Transport,deterministic_rule,high,deterministic_rule
uber pickup for cateye,Expense,2003.0,Transport,deterministic_rule,high,deterministic_rule
uber to airport ,Expense,2003.0,Transport,deterministic_rule,high,deterministic_rule
uber to eshahs,Expense,2003.0,Transport,deterministic_rule,high,deterministic_rule
uber to hatims,Expense,2003.0,Transport,deterministic_rule,high,deterministic_rule
uber to mocca ,Expense,2003.0,Transport,deterministic_rule,high,deterministic_rule
uber to wasabi,Expense,2003.0,Transport,deterministic_rule,high,deterministic_rule
uber to zuhas,Expense,2003.0,Transport,deterministic_rule,high,deterministic_rule
uber township,Expense,2003.0,Transport,deterministic_rule,high,deterministic_rule
uber two days,Expense,2003.0,Transport,deterministic_rule,high,deterministic_rule
uber w eshah,Expense,2003.0,Transport,deterministic_rule,high,deterministic_rule
"uber, DPE",Expense,2003.0,Transport,deterministic_rule,high,deterministic_rule
uber=ayesha=fortress=home,Expense,2003.0,Transport,deterministic_rule,high,deterministic_rule
"went into my careem account 
",Expense,2003.0,Transport,deterministic_rule,high,deterministic_rule
wuickride to home,Expense,2003.0,Transport,deterministic_rule,high,deterministic_rule
" 4150 rent.. 150 fridge..
salekeen 4600 dise.. with internet bill",Expense,2004.0,Utilities & Bills,deterministic_rule,high,deterministic_rule
"15900 electricity 
210 sui gas",Expense,2004.0,Utilities & Bills,deterministic_rule,high,deterministic_rule
1st Floor Electricity ,Expense,2004.0,Utilities & Bills,deterministic_rule,high,deterministic_rule
"2000 from water bill, 500 already taken, 2500 total",Transfer,2004.0,Utilities & Bills,deterministic_rule,high,deterministic_rule
3 Phone bills,Expense,2004.0,Utilities & Bills,deterministic_rule,high,deterministic_rule
3 electricity bills (12000+5401+1053),Expense,2004.0,Utilities & Bills,deterministic_rule,high,deterministic_rule
3 face bill + ptcl home bill,Expense,2004.0,Utilities & Bills,deterministic_rule,high,deterministic_rule
4000 + 5000+ 1000 mom + 500 tooba + 5000 pap+ 1500 ptcl bill+ 1000 extra mom,Expense,2004.0,Utilities & Bills,deterministic_rule,high,deterministic_rule
Abbu ko dye - Electricity and gas bill,Expense,2004.0,Utilities & Bills,deterministic_rule,high,deterministic_rule
Abu bakar utilities,Expense,2004.0,Utilities & Bills,deterministic_rule,high,deterministic_rule
Amis phone bill,Expense,2004.0,Utilities & Bills,deterministic_rule,high,deterministic_rule
Amma Electricity bill june 2019,Expense,2004.0,Utilities & Bills,deterministic_rule,high,deterministic_rule
Ammi electricity bill,Expense,2004.0,Utilities & Bills,deterministic_rule,high,deterministic_rule
Ana electricity bill ,Expense,2004.0,Utilities & Bills,deterministic_rule,high,deterministic_rule
Bill of PTCL wapda Net And SNGPL,Expense,2004.0,Utilities & Bills,deterministic_rule,high,deterministic_rule
Bill of electricity water stamp ,Expense,2004.0,Utilities & Bills,deterministic_rule,high,deterministic_rule
Bill's. PESCO 19.7T +6.4T+ptcl3.57T,Expense,2004.0,Utilities & Bills,deterministic_rule,high,deterministic_rule
"Bills June 19
KE-1= Rs 1577
KE-2= Rs 6909
KE-3= Rs 662 (Only 50 Units Bill) 
PTCL= Rs 2890
SSGC June= Rs 1660

Total= Rs 13,698/3= Rs 4,566 each
",Transfer,2004.0,Utilities & Bills,deterministic_rule,high,deterministic_rule
"Bills June 19
KE-1= Rs 1577
KE-2= Rs 6909
KE-3= Rs 662 (Only 50 Units Bill) 
PTCL= Rs 2890
SSGC June= Rs 1660

Total= Rs 13,698/3= Rs 4,566 each plus 1200 My AC bill. Rs 5766
",Expense,2004.0,Utilities & Bills,deterministic_rule,high,deterministic_rule
Bradford Last Water Bill,Expense,2004.0,Utilities & Bills,deterministic_rule,high,deterministic_rule
Cashback received on utility bill payments,Income,2004.0,Utilities & Bills,deterministic_rule,high,deterministic_rule
Deducted from Somi’s money and paid through electric bill via SC CC,Transfer,2004.0,Utilities & Bills,deterministic_rule,high,deterministic_rule
Dhk internet bill ,Expense,2004.0,Utilities & Bills,deterministic_rule,high,deterministic_rule
EasyLoads & Flat Gas Bill,Expense,2004.0,Utilities & Bills,deterministic_rule,high,deterministic_rule
Electric Bill Adjustment,Expense,2004.0,Utilities & Bills,deterministic_rule,high,deterministic_rule
Electric Bill FF,Expense,2004.0,Utilities & Bills,deterministic_rule,high,deterministic_rule
Electric Bill GF,Expense,2004.0,Utilities & Bills,deterministic_rule,high,deterministic_rule
Electric Bill Paid,Income,2004.0,Utilities & Bills,deterministic_rule,high,deterministic_rule
Electric bill for june 2019,Expense,2004.0,Utilities & Bills,deterministic_rule,high,deterministic_rule
Electric bills,Expense,2004.0,Utilities & Bills,deterministic_rule,high,deterministic_rule
"Electric, Gas bills",Expense,2004.0,Utilities & Bills,deterministic_rule,high,deterministic_rule
Electricity  for the month of Pus ,Expense,2004.0,Utilities & Bills,deterministic_rule,high,deterministic_rule
Electricity & Maintenance Bill,Expense,2004.0,Utilities & Bills,deterministic_rule,high,deterministic_rule
Electricity Asar,Expense,2004.0,Utilities & Bills,deterministic_rule,high,deterministic_rule
Electricity Asgard ,Expense,2004.0,Utilities & Bills,deterministic_rule,high,deterministic_rule
Electricity Bill FTM April 2020,Expense,2004.0,Utilities & Bills,deterministic_rule,high,deterministic_rule
"Electricity Bill July
",Expense,2004.0,Utilities & Bills,deterministic_rule,high,deterministic_rule
Electricity Bill July 2020,Expense,2004.0,Utilities & Bills,deterministic_rule,high,deterministic_rule
Electricity Bill Jun 2019,Expense,2004.0,Utilities & Bills,deterministic_rule,high,deterministic_rule
Electricity Bill June 19,Expense,2004.0,Utilities & Bills,deterministic_rule,high,deterministic_rule
Electricity Bill June 2019,Expense,2004.0,Utilities & Bills,deterministic_rule,high,deterministic_rule
Electricity Bill June-20,Expense,2004.0,Utilities & Bills,deterministic_rule,high,deterministic_rule
Electricity Bill June-21,Expense,2004.0,Utilities & Bills,deterministic_rule,high,deterministic_rule
Electricity Bill M/O june adjusted in july,Expense,2004.0,Utilities & Bills,deterministic_rule,high,deterministic_rule
Electricity Bill home ,Expense,2004.0,Utilities & Bills,deterministic_rule,high,deterministic_rule
Electricity Bill of 2nd floor,Income,2004.0,Utilities & Bills,deterministic_rule,high,deterministic_rule
Electricity Installment,Expense,2004.0,Utilities & Bills,deterministic_rule,high,deterministic_rule
Electricity July 2020,Expense,2004.0,Utilities & Bills,deterministic_rule,high,deterministic_rule
Electricity June 2021,Expense,2004.0,Utilities & Bills,deterministic_rule,high,deterministic_rule
Electricity Material expense,Expense,2004.0,Utilities & Bills,deterministic_rule,high,deterministic_rule
Electricity Naila,Expense,2004.0,Utilities & Bills,deterministic_rule,high,deterministic_rule
Electricity PTCL and Gas Bill,Expense,2004.0,Utilities & Bills,deterministic_rule,high,deterministic_rule
Electricity Payments,Expense,2004.0,Utilities & Bills,deterministic_rule,high,deterministic_rule
Electricity Utility Bill,Expense,2004.0,Utilities & Bills,deterministic_rule,high,deterministic_rule
Electricity and Gas Bill,Expense,2004.0,Utilities & Bills,deterministic_rule,high,deterministic_rule
Electricity batapur,Expense,2004.0,Utilities & Bills,deterministic_rule,high,deterministic_rule
Electricity bill 586 Units Jun19,Expense,2004.0,Utilities & Bills,deterministic_rule,high,deterministic_rule
Electricity bill July 19 ,Expense,2004.0,Utilities & Bills,deterministic_rule,high,deterministic_rule
Electricity bill M/o May 19 -Jun 19,Expense,2004.0,Utilities & Bills,deterministic_rule,high,deterministic_rule
Electricity bill November ,Expense,2004.0,Utilities & Bills,deterministic_rule,high,deterministic_rule
Electricity bill dada ,Income,2004.0,Utilities & Bills,deterministic_rule,high,deterministic_rule
Electricity bill for Bhadra ,Expense,2004.0,Utilities & Bills,deterministic_rule,high,deterministic_rule
Electricity bill for Kartik ,Expense,2004.0,Utilities & Bills,deterministic_rule,high,deterministic_rule
Electricity bill for current month,Expense,2004.0,Utilities & Bills,deterministic_rule,high,deterministic_rule
Electricity bill for the m/o June (total bill: 43864),Expense,2004.0,Utilities & Bills,deterministic_rule,high,deterministic_rule
Electricity bill for the month of Jun 19,Expense,2004.0,Utilities & Bills,deterministic_rule,high,deterministic_rule
Electricity bill paid,Expense,2004.0,Utilities & Bills,deterministic_rule,high,deterministic_rule
Electricity bill paid by jazz cash ,Expense,2004.0,Utilities & Bills,deterministic_rule,high,deterministic_rule
Electricity bill paid for the month of June-19,Expense,2004.0,Utilities & Bills,deterministic_rule,high,deterministic_rule
Electricity bill payment,Transfer,2004.0,Utilities & Bills,deterministic_rule,high,deterministic_rule
Electricity bill upper portion ,Expense,2004.0,Utilities & Bills,deterministic_rule,high,deterministic_rule
Electricity bills,Expense,2004.0,Utilities & Bills,deterministic_rule,high,deterministic_rule
Electricity box for lamp,Expense,2004.0,Utilities & Bills,deterministic_rule,high,deterministic_rule
Electricity charge,Expense,2004.0,Utilities & Bills,deterministic_rule,high,deterministic_rule
Electricity charge for Mangsir,Expense,2004.0,Utilities & Bills,deterministic_rule,high,deterministic_rule
Electricity charge for Shawan,Expense,2004.0,Utilities & Bills,deterministic_rule,high,deterministic_rule
Electricity fatehgarh,Expense,2004.0,Utilities & Bills,deterministic_rule,high,deterministic_rule
Electricity for Baisakha ,Expense,2004.0,Utilities & Bills,deterministic_rule,high,deterministic_rule
Electricity for falgun,Expense,2004.0,Utilities & Bills,deterministic_rule,high,deterministic_rule
Electricity for month of Ashoj,Expense,2004.0,Utilities & Bills,deterministic_rule,high,deterministic_rule
Electricity home,Expense,2004.0,Utilities & Bills,deterministic_rule,high,deterministic_rule
Electricity kaam + samaan,Expense,2004.0,Utilities & Bills,deterministic_rule,high,deterministic_rule
Electricity metre ,Expense,2004.0,Utilities & Bills,deterministic_rule,high,deterministic_rule
Electricity of Ashar,Expense,2004.0,Utilities & Bills,deterministic_rule,high,deterministic_rule
Electricity of Falgun,Expense,2004.0,Utilities & Bills,deterministic_rule,high,deterministic_rule
Electricity paid in advance,Expense,2004.0,Utilities & Bills,deterministic_rule,high,deterministic_rule
Electricity payment,Transfer,2004.0,Utilities & Bills,deterministic_rule,high,deterministic_rule
Electricity payment for Magh,Expense,2004.0,Utilities & Bills,deterministic_rule,high,deterministic_rule
Electricity saman,Expense,2004.0,Utilities & Bills,deterministic_rule,high,deterministic_rule
Electricity wire,Expense,2004.0,Utilities & Bills,deterministic_rule,high,deterministic_rule
"Electricity, Telephone, WASA, & Sui Gas Bills Paid ",Expense,2004.0,Utilities & Bills,deterministic_rule,high,deterministic_rule
Fido phone bill,Expense,2004.0,Utilities & Bills,deterministic_rule,high,deterministic_rule
Final Utilities Bill for Luton Place,Expense,2004.0,Utilities & Bills,deterministic_rule,high,deterministic_rule
For Electricity bill ,Transfer,2004.0,Utilities & Bills,deterministic_rule,high,deterministic_rule
For Electricity bill etc,Transfer,2004.0,Utilities & Bills,deterministic_rule,high,deterministic_rule
For electricity Gas cable & Zong,Transfer,2004.0,Utilities & Bills,deterministic_rule,high,deterministic_rule
For utility bill,Income,2004.0,Utilities & Bills,deterministic_rule,high,deterministic_rule
From Baba for Paragon Water Bill,Transfer,2004.0,Utilities & Bills,deterministic_rule,high,deterministic_rule
Gas Bill 1,Expense,2004.0,Utilities & Bills,deterministic_rule,high,deterministic_rule
Gas Bill 2,Expense,2004.0,Utilities & Bills,deterministic_rule,high,deterministic_rule
Gas Bill by Arsalan,Income,2004.0,Utilities & Bills,deterministic_rule,high,deterministic_rule
Gas Bill for July,Expense,2004.0,Utilities & Bills,deterministic_rule,high,deterministic_rule
Gas Bill paid,Expense,2004.0,Utilities & Bills,deterministic_rule,high,deterministic_rule
Gas Bill was Zero,Expense,2004.0,Utilities & Bills,deterministic_rule,high,deterministic_rule
Gas Bill.,Expense,2004.0,Utilities & Bills,deterministic_rule,high,deterministic_rule
Gas bill (I-8/3),Expense,2004.0,Utilities & Bills,deterministic_rule,high,deterministic_rule
Gas bill G-11/3,Expense,2004.0,Utilities & Bills,deterministic_rule,high,deterministic_rule
Gas bill bill ,Expense,2004.0,Utilities & Bills,deterministic_rule,high,deterministic_rule
Gas bill for the month of Jun 19,Expense,2004.0,Utilities & Bills,deterministic_rule,high,deterministic_rule
Gas bill home ,Expense,2004.0,Utilities & Bills,deterministic_rule,high,deterministic_rule
"Gas bill home internet MBL

",Expense,2004.0,Utilities & Bills,deterministic_rule,high,deterministic_rule
Gas bill paid through Easy paisa,Expense,2004.0,Utilities & Bills,deterministic_rule,high,deterministic_rule
Gas bill payment,Expense,2004.0,Utilities & Bills,deterministic_rule,high,deterministic_rule
Gas electric ptcl bills,Expense,2004.0,Utilities & Bills,deterministic_rule,high,deterministic_rule
Gas sngpl bill,Expense,2004.0,Utilities & Bills,deterministic_rule,high,deterministic_rule
"Gass Bill half, 465 Electricity bill,water bill half.",Expense,2004.0,Utilities & Bills,deterministic_rule,high,deterministic_rule
Ghar Ko electric bill,Expense,2004.0,Utilities & Bills,deterministic_rule,high,deterministic_rule
Ghar ko electricity bill,Expense,2004.0,Utilities & Bills,deterministic_rule,high,deterministic_rule
Given against electricity meter,Expense,2004.0,Utilities & Bills,deterministic_rule,high,deterministic_rule
Home Half electricity Bill Jun19,Expense,2004.0,Utilities & Bills,deterministic_rule,high,deterministic_rule
Home PTCL,Expense,2004.0,Utilities & Bills,deterministic_rule,high,deterministic_rule
Home for Electricity Bill,Expense,2004.0,Utilities & Bills,deterministic_rule,high,deterministic_rule
Home: Electricity Bill,Expense,2004.0,Utilities & Bills,deterministic_rule,high,deterministic_rule
Home: Gas Bill,Expense,2004.0,Utilities & Bills,deterministic_rule,high,deterministic_rule
Home: PTCL Bill,Expense,2004.0,Utilities & Bills,deterministic_rule,high,deterministic_rule
House rent and gas bill ,Expense,2004.0,Utilities & Bills,deterministic_rule,high,deterministic_rule
Indra electricity,Expense,2004.0,Utilities & Bills,deterministic_rule,high,deterministic_rule
Internet Bill July 21,Expense,2004.0,Utilities & Bills,deterministic_rule,high,deterministic_rule
Internet Bill May & June 2019,Expense,2004.0,Utilities & Bills,deterministic_rule,high,deterministic_rule
Internet Bill May 21,Expense,2004.0,Utilities & Bills,deterministic_rule,high,deterministic_rule
Internet Bill Office ,Expense,2004.0,Utilities & Bills,deterministic_rule,high,deterministic_rule
Internet Bill Share,Expense,2004.0,Utilities & Bills,deterministic_rule,high,deterministic_rule
Internet bill of previous month,Expense,2004.0,Utilities & Bills,deterministic_rule,high,deterministic_rule
Internet bill to shahzaib,Expense,2004.0,Utilities & Bills,deterministic_rule,high,deterministic_rule
Jazz cash for electricity,Expense,2004.0,Utilities & Bills,deterministic_rule,high,deterministic_rule
July sngpl bill paid,Expense,2004.0,Utilities & Bills,deterministic_rule,high,deterministic_rule
June Electricity ,Expense,2004.0,Utilities & Bills,deterministic_rule,high,deterministic_rule
June k electric bill,Expense,2004.0,Utilities & Bills,deterministic_rule,high,deterministic_rule
K - Electric bill,Expense,2004.0,Utilities & Bills,deterministic_rule,high,deterministic_rule
K Electric Bill of Cdt Shop,Expense,2004.0,Utilities & Bills,deterministic_rule,high,deterministic_rule
K Electric Jun19,Expense,2004.0,Utilities & Bills,deterministic_rule,high,deterministic_rule
K electric bill,Expense,2004.0,Utilities & Bills,deterministic_rule,high,deterministic_rule
K electric bill month of june-july 19,Expense,2004.0,Utilities & Bills,deterministic_rule,high,deterministic_rule
K electric bill... Apna ghar,Expense,2004.0,Utilities & Bills,deterministic_rule,high,deterministic_rule
K-ELECTRIC jun-19,Expense,2004.0,Utilities & Bills,deterministic_rule,high,deterministic_rule
K-Electric bill payment ,Expense,2004.0,Utilities & Bills,deterministic_rule,high,deterministic_rule
K-electric,Expense,2004.0,Utilities & Bills,deterministic_rule,high,deterministic_rule
K-electric bill,Expense,2004.0,Utilities & Bills,deterministic_rule,high,deterministic_rule
KE and SSGC bill ,Expense,2004.0,Utilities & Bills,deterministic_rule,high,deterministic_rule
"KE, PTCL, KWSB",Transfer,2004.0,Utilities & Bills,deterministic_rule,high,deterministic_rule
KElectric bill,Expense,2004.0,Utilities & Bills,deterministic_rule,high,deterministic_rule
KWSB & PTCL,Expense,2004.0,Utilities & Bills,deterministic_rule,high,deterministic_rule
Khan Tower Electricity Bill,Expense,2004.0,Utilities & Bills,deterministic_rule,high,deterministic_rule
Kitchen Utilities,Expense,2004.0,Utilities & Bills,deterministic_rule,high,deterministic_rule
Lahore Electricity Bill ,Expense,2004.0,Utilities & Bills,deterministic_rule,high,deterministic_rule
Landline phone bill payment,Expense,2004.0,Utilities & Bills,deterministic_rule,high,deterministic_rule
Load Ptcl,Expense,2004.0,Utilities & Bills,deterministic_rule,high,deterministic_rule
MGL GAS BILL,Expense,2004.0,Utilities & Bills,deterministic_rule,high,deterministic_rule
March & April Internet Bill Nomi Net,Expense,2004.0,Utilities & Bills,deterministic_rule,high,deterministic_rule
May 19 Electricity Bill,Expense,2004.0,Utilities & Bills,deterministic_rule,high,deterministic_rule
May June Water Bill,Expense,2004.0,Utilities & Bills,deterministic_rule,high,deterministic_rule
Mobile Phone bill,Expense,2004.0,Utilities & Bills,deterministic_rule,high,deterministic_rule
Mobily internet bill for june 2019,Expense,2004.0,Utilities & Bills,deterministic_rule,high,deterministic_rule
Natpure water bill June 19,Expense,2004.0,Utilities & Bills,deterministic_rule,high,deterministic_rule
Now Tv internet Bill,Expense,2004.0,Utilities & Bills,deterministic_rule,high,deterministic_rule
Office Electricity Bill,Expense,2004.0,Utilities & Bills,deterministic_rule,high,deterministic_rule
Outstanding Electricity Bill from mr. abdul rauf,Income,2004.0,Utilities & Bills,deterministic_rule,high,deterministic_rule
Owner's share in utility bills,Income,2004.0,Utilities & Bills,deterministic_rule,high,deterministic_rule
PESH HOME SNGPL ,Expense,2004.0,Utilities & Bills,deterministic_rule,high,deterministic_rule
"PTCL (GH) JUNE-2019
Ref205706307309932",Expense,2004.0,Utilities & Bills,deterministic_rule,high,deterministic_rule
PTCL 34730378 BILL - JUN2019 PAID,Transfer,2004.0,Utilities & Bills,deterministic_rule,high,deterministic_rule
PTCL 4G,Expense,2004.0,Utilities & Bills,deterministic_rule,high,deterministic_rule
PTCL Bill Ikonic,Transfer,2004.0,Utilities & Bills,deterministic_rule,high,deterministic_rule
"PTCL Bill for July
",Expense,2004.0,Utilities & Bills,deterministic_rule,high,deterministic_rule
PTCL Bill paid for the month of June-19,Expense,2004.0,Utilities & Bills,deterministic_rule,high,deterministic_rule
PTCL Bill payment for the month of May 2019,Transfer,2004.0,Utilities & Bills,deterministic_rule,high,deterministic_rule
PTCL Bill through HBL net banking ,Expense,2004.0,Utilities & Bills,deterministic_rule,high,deterministic_rule
PTCL Broadband Bill,Expense,2004.0,Utilities & Bills,deterministic_rule,high,deterministic_rule
PTCL Broadband Bill Payment,Expense,2004.0,Utilities & Bills,deterministic_rule,high,deterministic_rule
PTCL Internet,Expense,2004.0,Utilities & Bills,deterministic_rule,high,deterministic_rule
PTCL May Bill,Expense,2004.0,Utilities & Bills,deterministic_rule,high,deterministic_rule
PTCL Monthly Bill April & May,Expense,2004.0,Utilities & Bills,deterministic_rule,high,deterministic_rule
PTCL and Internet ,Expense,2004.0,Utilities & Bills,deterministic_rule,high,deterministic_rule
PTCL bill Payment ,Expense,2004.0,Utilities & Bills,deterministic_rule,high,deterministic_rule
PTCL bill for the month of May,Expense,2004.0,Utilities & Bills,deterministic_rule,high,deterministic_rule
PTCL bill march 2021,Expense,2004.0,Utilities & Bills,deterministic_rule,high,deterministic_rule
PTCL bills,Expense,2004.0,Utilities & Bills,deterministic_rule,high,deterministic_rule
PTCL home bill ,Expense,2004.0,Utilities & Bills,deterministic_rule,high,deterministic_rule
PTCL ka bill pay kia online is k 580 rupee diyeh daddy ne ,Income,2004.0,Utilities & Bills,deterministic_rule,high,deterministic_rule
PTCL ka bill pay kia. dec 2020. ,Expense,2004.0,Utilities & Bills,deterministic_rule,high,deterministic_rule
PTCL n gas,Expense,2004.0,Utilities & Bills,deterministic_rule,high,deterministic_rule
PTCL sallary from Ask development,Income,2004.0,Utilities & Bills,deterministic_rule,high,deterministic_rule
"PTCL, Gas Bills",Expense,2004.0,Utilities & Bills,deterministic_rule,high,deterministic_rule
"PTCL,Electricity",Expense,2004.0,Utilities & Bills,deterministic_rule,high,deterministic_rule
Paid Internet Bill,Expense,2004.0,Utilities & Bills,deterministic_rule,high,deterministic_rule
Paid SSGC Bill by UBL App,Transfer,2004.0,Utilities & Bills,deterministic_rule,high,deterministic_rule
Paid electricity bill on behalf of baba,Transfer,2004.0,Utilities & Bills,deterministic_rule,high,deterministic_rule
Paid internet bill of govind ji,Transfer,2004.0,Utilities & Bills,deterministic_rule,high,deterministic_rule
Pay for Magh electricity advance,Expense,2004.0,Utilities & Bills,deterministic_rule,high,deterministic_rule
Payment of ssgc bill,Income,2004.0,Utilities & Bills,deterministic_rule,high,deterministic_rule
Ptcl 33,Expense,2004.0,Utilities & Bills,deterministic_rule,high,deterministic_rule
Ptcl 55,Expense,2004.0,Utilities & Bills,deterministic_rule,high,deterministic_rule
Ptcl June 2019,Expense,2004.0,Utilities & Bills,deterministic_rule,high,deterministic_rule
Ptcl Pay to discount the connection,Expense,2004.0,Utilities & Bills,deterministic_rule,high,deterministic_rule
Ptcl bill,Transfer,2004.0,Utilities & Bills,approved_mapping,very_high,approved_mapping
Ptcl bill June 19,Expense,2004.0,Utilities & Bills,deterministic_rule,high,deterministic_rule
Ptcl bill for the month of jun,Expense,2004.0,Utilities & Bills,deterministic_rule,high,deterministic_rule
Ptcl home,Expense,2004.0,Utilities & Bills,deterministic_rule,high,deterministic_rule
Ptcl hotel rent,Expense,2004.0,Utilities & Bills,deterministic_rule,high,deterministic_rule
QA Home Gas Bill,Expense,2004.0,Utilities & Bills,deterministic_rule,high,deterministic_rule
Received against Tie and SSGC Bill,Transfer,2004.0,Utilities & Bills,deterministic_rule,high,deterministic_rule
Refund from Nanda jee for electricity,Transfer,2004.0,Utilities & Bills,deterministic_rule,high,deterministic_rule
Rehan bhai ko dye - Electricity ka bill June 19,Expense,2004.0,Utilities & Bills,deterministic_rule,high,deterministic_rule
Return electricity bill ,Transfer,2004.0,Utilities & Bills,deterministic_rule,high,deterministic_rule
Revenue Gas bill,Expense,2004.0,Utilities & Bills,deterministic_rule,high,deterministic_rule
Revenue ptcl bill,Expense,2004.0,Utilities & Bills,deterministic_rule,high,deterministic_rule
SNGPL,Expense,2004.0,Utilities & Bills,deterministic_rule,high,deterministic_rule
SNGPL 1f,Expense,2004.0,Utilities & Bills,deterministic_rule,high,deterministic_rule
SNGPL Bills Paid,Expense,2004.0,Utilities & Bills,deterministic_rule,high,deterministic_rule
SNGPL Gf,Expense,2004.0,Utilities & Bills,deterministic_rule,high,deterministic_rule
SNGPL July 2019,Transfer,2004.0,Utilities & Bills,deterministic_rule,high,deterministic_rule
SNGPL Jun19...,Expense,2004.0,Utilities & Bills,deterministic_rule,high,deterministic_rule
SNGPL Nafirabad,Expense,2004.0,Utilities & Bills,deterministic_rule,high,deterministic_rule
SNGPL PESH,Expense,2004.0,Utilities & Bills,deterministic_rule,high,deterministic_rule
SNGPL Uncle,Expense,2004.0,Utilities & Bills,deterministic_rule,high,deterministic_rule
SNGPL bill,Expense,2004.0,Utilities & Bills,deterministic_rule,high,deterministic_rule
SSGC,Expense,2004.0,Utilities & Bills,deterministic_rule,high,deterministic_rule
SSGC - Jun'19 : 300/3,Expense,2004.0,Utilities & Bills,deterministic_rule,high,deterministic_rule
SSGC Bill Paid,Expense,2004.0,Utilities & Bills,deterministic_rule,high,deterministic_rule
SSGC Bill Paid from credit card,Expense,2004.0,Utilities & Bills,deterministic_rule,high,deterministic_rule
SSGC Jun-19,Expense,2004.0,Utilities & Bills,deterministic_rule,high,deterministic_rule
SSGC Jun14,Expense,2004.0,Utilities & Bills,deterministic_rule,high,deterministic_rule
SSGC bill FMO april 2020,Expense,2004.0,Utilities & Bills,deterministic_rule,high,deterministic_rule
SSGC bill paid 900,Expense,2004.0,Utilities & Bills,deterministic_rule,high,deterministic_rule
SSGC bill payment,Expense,2004.0,Utilities & Bills,deterministic_rule,high,deterministic_rule
SSGC bills of Saadi Town,Expense,2004.0,Utilities & Bills,deterministic_rule,high,deterministic_rule
SSGC for Home June 19,Expense,2004.0,Utilities & Bills,deterministic_rule,high,deterministic_rule
Sarai Electricity,Expense,2004.0,Utilities & Bills,deterministic_rule,high,deterministic_rule
Serwat's phone bill,Expense,2004.0,Utilities & Bills,deterministic_rule,high,deterministic_rule
Shagufta return ptcl bill,Expense,2004.0,Utilities & Bills,deterministic_rule,high,deterministic_rule
Sngpl 109,Transfer,2004.0,Utilities & Bills,deterministic_rule,high,deterministic_rule
South East water bill ,Expense,2004.0,Utilities & Bills,deterministic_rule,high,deterministic_rule
Ssgc 2 months,Expense,2004.0,Utilities & Bills,deterministic_rule,high,deterministic_rule
Ssgc bill,Expense,2004.0,Utilities & Bills,deterministic_rule,high,deterministic_rule
StormFiber: Internet Bill,Expense,2004.0,Utilities & Bills,deterministic_rule,high,deterministic_rule
Sui Gas Bill paid for the month of June-19,Expense,2004.0,Utilities & Bills,deterministic_rule,high,deterministic_rule
Sui Gas bill by Hunny,Expense,2004.0,Utilities & Bills,deterministic_rule,high,deterministic_rule
Sui Gas bill for mom,Expense,2004.0,Utilities & Bills,deterministic_rule,high,deterministic_rule
Suigas bill May 2019,Expense,2004.0,Utilities & Bills,deterministic_rule,high,deterministic_rule
Telenor internet package,Expense,2004.0,Utilities & Bills,deterministic_rule,high,deterministic_rule
Uncle Electricity Bill ,Transfer,2004.0,Utilities & Bills,deterministic_rule,high,deterministic_rule
Utilities for Room,Expense,2004.0,Utilities & Bills,deterministic_rule,high,deterministic_rule
Utility Bill,Transfer,2004.0,Utilities & Bills,deterministic_rule,high,deterministic_rule
Utility Bill Payment PTCL,Expense,2004.0,Utilities & Bills,deterministic_rule,high,deterministic_rule
Utility Bills,Transfer,2004.0,Utilities & Bills,deterministic_rule,high,deterministic_rule
Utility bills for the month of June,Expense,2004.0,Utilities & Bills,deterministic_rule,high,deterministic_rule
"Uttara_Electric Bill, Gas Bill & Water",Expense,2004.0,Utilities & Bills,deterministic_rule,high,deterministic_rule
Venus Electricity Bill,Expense,2004.0,Utilities & Bills,deterministic_rule,high,deterministic_rule
Wapda & ptcl bills,Expense,2004.0,Utilities & Bills,deterministic_rule,high,deterministic_rule
Water and Gas Bill,Transfer,2004.0,Utilities & Bills,deterministic_rule,high,deterministic_rule
Water bill. Estimated reading is more than the actual. I have submitted the actual,Expense,2004.0,Utilities & Bills,deterministic_rule,high,deterministic_rule
Zong Internet Load,Expense,2004.0,Utilities & Bills,deterministic_rule,high,deterministic_rule
Zong internet payment ,Expense,2004.0,Utilities & Bills,deterministic_rule,high,deterministic_rule
Zong internet pkg,Expense,2004.0,Utilities & Bills,deterministic_rule,high,deterministic_rule
amma abba ka phone bill,Expense,2004.0,Utilities & Bills,deterministic_rule,high,deterministic_rule
asar shrawan bhadra rent and utility bills ,Expense,2004.0,Utilities & Bills,deterministic_rule,high,deterministic_rule
bail electricity,Expense,2004.0,Utilities & Bills,deterministic_rule,high,deterministic_rule
bhaia electricity share ,Income,2004.0,Utilities & Bills,deterministic_rule,high,deterministic_rule
bill electricity ,Expense,2004.0,Utilities & Bills,deterministic_rule,high,deterministic_rule
bill electricity June 19 ,Expense,2004.0,Utilities & Bills,deterministic_rule,high,deterministic_rule
bill ptcl,Expense,2004.0,Utilities & Bills,deterministic_rule,high,deterministic_rule
buppi phone bill ,Expense,2004.0,Utilities & Bills,deterministic_rule,high,deterministic_rule
cash ptcl bill,Expense,2004.0,Utilities & Bills,deterministic_rule,high,deterministic_rule
cash took for electricity bill,Transfer,2004.0,Utilities & Bills,deterministic_rule,high,deterministic_rule
chachi ko diye electric bill k,Expense,2004.0,Utilities & Bills,deterministic_rule,high,deterministic_rule
ctg electric bill paid ,Expense,2004.0,Utilities & Bills,deterministic_rule,high,deterministic_rule
ctg internet bill,Expense,2004.0,Utilities & Bills,deterministic_rule,high,deterministic_rule
drinking water bill,Expense,2004.0,Utilities & Bills,deterministic_rule,high,deterministic_rule
electric + gas+ ptcl,Expense,2004.0,Utilities & Bills,deterministic_rule,high,deterministic_rule
electric Bill pay ,Expense,2004.0,Utilities & Bills,deterministic_rule,high,deterministic_rule
electric Wire Pay to Asif Electric bill,Expense,2004.0,Utilities & Bills,deterministic_rule,high,deterministic_rule
electric bill,Expense,2004.0,Utilities & Bills,deterministic_rule,high,deterministic_rule
electric bill k diye ,Expense,2004.0,Utilities & Bills,deterministic_rule,high,deterministic_rule
electric bill k diye mere hissay k ,Expense,2004.0,Utilities & Bills,deterministic_rule,high,deterministic_rule
electricity ,Expense,2004.0,Utilities & Bills,deterministic_rule,high,deterministic_rule
electricity 1 bill,Expense,2004.0,Utilities & Bills,deterministic_rule,high,deterministic_rule
electricity 1st portion,Expense,2004.0,Utilities & Bills,deterministic_rule,high,deterministic_rule
electricity GH house,Expense,2004.0,Utilities & Bills,deterministic_rule,high,deterministic_rule
electricity and gas,Expense,2004.0,Utilities & Bills,deterministic_rule,high,deterministic_rule
electricity and gas bills paid,Expense,2004.0,Utilities & Bills,deterministic_rule,high,deterministic_rule
electricity and mobile+load,Expense,2004.0,Utilities & Bills,deterministic_rule,high,deterministic_rule
electricity bangalore,Expense,2004.0,Utilities & Bills,deterministic_rule,high,deterministic_rule
electricity bill,Transfer,2004.0,Utilities & Bills,approved_mapping,very_high,approved_mapping
electricity bill 1,Expense,2004.0,Utilities & Bills,deterministic_rule,high,deterministic_rule
electricity bill 2,Expense,2004.0,Utilities & Bills,deterministic_rule,high,deterministic_rule
"electricity bill Dec,jan and feb ",Expense,2004.0,Utilities & Bills,deterministic_rule,high,deterministic_rule
electricity bill October ,Expense,2004.0,Utilities & Bills,deterministic_rule,high,deterministic_rule
electricity bill for 3 months. ,Transfer,2004.0,Utilities & Bills,deterministic_rule,high,deterministic_rule
electricity bill for October ,Expense,2004.0,Utilities & Bills,deterministic_rule,high,deterministic_rule
electricity bill for home ,Expense,2004.0,Utilities & Bills,deterministic_rule,high,deterministic_rule
electricity bill for home July 2021,Transfer,2004.0,Utilities & Bills,deterministic_rule,high,deterministic_rule
electricity bill from feb upto june,Expense,2004.0,Utilities & Bills,deterministic_rule,high,deterministic_rule
electricity bill ky paisey diye. home  may 2021,Income,2004.0,Utilities & Bills,deterministic_rule,high,deterministic_rule
electricity bill nov20,Expense,2004.0,Utilities & Bills,deterministic_rule,high,deterministic_rule
electricity bill of April 2021,Transfer,2004.0,Utilities & Bills,deterministic_rule,high,deterministic_rule
"electricity bill paid through scb. jan 2021. maa g paid me cash 2000, return amount is 400",Transfer,2004.0,Utilities & Bills,deterministic_rule,high,deterministic_rule
electricity bill pay,Expense,2004.0,Utilities & Bills,deterministic_rule,high,deterministic_rule
electricity bill total  17626.. my share is 7626,Expense,2004.0,Utilities & Bills,deterministic_rule,high,deterministic_rule
electricity bill. home may 2021,Expense,2004.0,Utilities & Bills,deterministic_rule,high,deterministic_rule
electricity bill/New,Expense,2004.0,Utilities & Bills,deterministic_rule,high,deterministic_rule
electricity delhi,Expense,2004.0,Utilities & Bills,deterministic_rule,high,deterministic_rule
electricity ground ,Expense,2004.0,Utilities & Bills,deterministic_rule,high,deterministic_rule
electricity return from abbu,Income,2004.0,Utilities & Bills,deterministic_rule,high,deterministic_rule
"electricity,  gas bill payment for the month of June 2019",Expense,2004.0,Utilities & Bills,deterministic_rule,high,deterministic_rule
"electricity,ptcl & gas bills",Expense,2004.0,Utilities & Bills,deterministic_rule,high,deterministic_rule
fac Ptcl ,Expense,2004.0,Utilities & Bills,deterministic_rule,high,deterministic_rule
for electricity,Transfer,2004.0,Utilities & Bills,deterministic_rule,high,deterministic_rule
for electricity bill and watch cell,Transfer,2004.0,Utilities & Bills,deterministic_rule,high,deterministic_rule
"for gas bill 
",Expense,2004.0,Utilities & Bills,deterministic_rule,high,deterministic_rule
for utility bills,Transfer,2004.0,Utilities & Bills,deterministic_rule,high,deterministic_rule
funds for electricity bill,Income,2004.0,Utilities & Bills,deterministic_rule,high,deterministic_rule
gas + office electric bill,Expense,2004.0,Utilities & Bills,deterministic_rule,high,deterministic_rule
gas and electricity,Expense,2004.0,Utilities & Bills,deterministic_rule,high,deterministic_rule
gas and electricity bills,Expense,2004.0,Utilities & Bills,deterministic_rule,high,deterministic_rule
gas and ptcl,Expense,2004.0,Utilities & Bills,deterministic_rule,high,deterministic_rule
gas bill,Transfer,2004.0,Utilities & Bills,approved_mapping,very_high,approved_mapping
gas bill 100 and 17500 rent for july,Expense,2004.0,Utilities & Bills,deterministic_rule,high,deterministic_rule
gas bill atm se paid kia ,Expense,2004.0,Utilities & Bills,deterministic_rule,high,deterministic_rule
gas bill. may june,Expense,2004.0,Utilities & Bills,deterministic_rule,high,deterministic_rule
gas bills ,Expense,2004.0,Utilities & Bills,deterministic_rule,high,deterministic_rule
gas ptcl bill,Expense,2004.0,Utilities & Bills,deterministic_rule,high,deterministic_rule
gass water ptcl,Expense,2004.0,Utilities & Bills,deterministic_rule,high,deterministic_rule
geassar gas bill pending,Expense,2004.0,Utilities & Bills,deterministic_rule,high,deterministic_rule
half electricity bill ,Expense,2004.0,Utilities & Bills,deterministic_rule,high,deterministic_rule
hesco 2 month and gas bill,Expense,2004.0,Utilities & Bills,deterministic_rule,high,deterministic_rule
his electricity bill,Transfer,2004.0,Utilities & Bills,deterministic_rule,high,deterministic_rule
home bill electricity ,Expense,2004.0,Utilities & Bills,deterministic_rule,high,deterministic_rule
home electric bill,Expense,2004.0,Utilities & Bills,deterministic_rule,high,deterministic_rule
home electricity bill,Expense,2004.0,Utilities & Bills,deterministic_rule,high,deterministic_rule
home electricity bill paid,Expense,2004.0,Utilities & Bills,deterministic_rule,high,deterministic_rule
house electric & factory phone bill,Transfer,2004.0,Utilities & Bills,deterministic_rule,high,deterministic_rule
house electric bill,Expense,2004.0,Utilities & Bills,deterministic_rule,high,deterministic_rule
internet bill,Expense,2004.0,Utilities & Bills,deterministic_rule,high,deterministic_rule
jazz cash for ptcl payment,Expense,2004.0,Utilities & Bills,deterministic_rule,high,deterministic_rule
jazz internet,Expense,2004.0,Utilities & Bills,deterministic_rule,high,deterministic_rule
july electric bill ,Expense,2004.0,Utilities & Bills,deterministic_rule,high,deterministic_rule
k electric,Expense,2004.0,Utilities & Bills,deterministic_rule,high,deterministic_rule
k electric and sui gas bill,Expense,2004.0,Utilities & Bills,deterministic_rule,high,deterministic_rule
k electric bill for the month of June,Expense,2004.0,Utilities & Bills,deterministic_rule,high,deterministic_rule
k electricity bill,Expense,2004.0,Utilities & Bills,deterministic_rule,high,deterministic_rule
kwsb water bill,Expense,2004.0,Utilities & Bills,deterministic_rule,high,deterministic_rule
light and gas bills ,Expense,2004.0,Utilities & Bills,deterministic_rule,high,deterministic_rule
loan for k.electric bill,Income,2004.0,Utilities & Bills,deterministic_rule,high,deterministic_rule
m.water bill of May & June,Expense,2004.0,Utilities & Bills,deterministic_rule,high,deterministic_rule
maa g gave me for the electricity bill. ,Income,2004.0,Utilities & Bills,deterministic_rule,high,deterministic_rule
may electricity bill,Expense,2004.0,Utilities & Bills,deterministic_rule,high,deterministic_rule
mineral water bill,Expense,2004.0,Utilities & Bills,deterministic_rule,high,deterministic_rule
mobicash to sadeeq electricity bill,Expense,2004.0,Utilities & Bills,deterministic_rule,high,deterministic_rule
monthly expense plus electricity,Income,2004.0,Utilities & Bills,deterministic_rule,high,deterministic_rule
mummi phone bill ,Expense,2004.0,Utilities & Bills,deterministic_rule,high,deterministic_rule
nayatel internet bill paid for dec 2020. ,Expense,2004.0,Utilities & Bills,deterministic_rule,high,deterministic_rule
pTCL bill June  2020,Expense,2004.0,Utilities & Bills,deterministic_rule,high,deterministic_rule
paid bahria electricity bill,Expense,2004.0,Utilities & Bills,deterministic_rule,high,deterministic_rule
paid bill electricity,Transfer,2004.0,Utilities & Bills,deterministic_rule,high,deterministic_rule
paid for electricity bill,Transfer,2004.0,Utilities & Bills,deterministic_rule,high,deterministic_rule
paid from Abdullah electricity,Expense,2004.0,Utilities & Bills,deterministic_rule,high,deterministic_rule
paid phone bill of you ufone for Hafiz Umar,Expense,2004.0,Utilities & Bills,deterministic_rule,high,deterministic_rule
paid utilities bill,Expense,2004.0,Utilities & Bills,deterministic_rule,high,deterministic_rule
phone bill ,Expense,2004.0,Utilities & Bills,deterministic_rule,high,deterministic_rule
phone bills,Expense,2004.0,Utilities & Bills,deterministic_rule,high,deterministic_rule
previous and current month water bill,Expense,2004.0,Utilities & Bills,deterministic_rule,high,deterministic_rule
ptcl ,Expense,2004.0,Utilities & Bills,deterministic_rule,high,deterministic_rule
ptcl 4234475,Transfer,2004.0,Utilities & Bills,deterministic_rule,high,deterministic_rule
ptcl Bilal bhai,Expense,2004.0,Utilities & Bills,deterministic_rule,high,deterministic_rule
ptcl and ssgc bill,Expense,2004.0,Utilities & Bills,deterministic_rule,high,deterministic_rule
ptcl bill + gas bill,Expense,2004.0,Utilities & Bills,deterministic_rule,high,deterministic_rule
ptcl bill fmo MAY,Expense,2004.0,Utilities & Bills,deterministic_rule,high,deterministic_rule
ptcl bill for Jun month,Expense,2004.0,Utilities & Bills,deterministic_rule,high,deterministic_rule
ptcl bill online paid,Expense,2004.0,Utilities & Bills,deterministic_rule,high,deterministic_rule
ptcl broad band,Expense,2004.0,Utilities & Bills,deterministic_rule,high,deterministic_rule
ptcl dha june 19,Expense,2004.0,Utilities & Bills,deterministic_rule,high,deterministic_rule
ptcl fmo may 2020,Expense,2004.0,Utilities & Bills,deterministic_rule,high,deterministic_rule
ptcl gas bill,Expense,2004.0,Utilities & Bills,deterministic_rule,high,deterministic_rule
ptcl landline + broadband payment,Expense,2004.0,Utilities & Bills,deterministic_rule,high,deterministic_rule
ptcl net,Expense,2004.0,Utilities & Bills,deterministic_rule,high,deterministic_rule
ptcl payment at eden city,Expense,2004.0,Utilities & Bills,deterministic_rule,high,deterministic_rule
ptcl wire,Income,2004.0,Utilities & Bills,deterministic_rule,high,deterministic_rule
ptcl wire and clip,Expense,2004.0,Utilities & Bills,deterministic_rule,high,deterministic_rule
reimbursement mobile internet bill,Income,2004.0,Utilities & Bills,deterministic_rule,high,deterministic_rule
room and electricity rent,Expense,2004.0,Utilities & Bills,deterministic_rule,high,deterministic_rule
sehar ptcl,Transfer,2004.0,Utilities & Bills,deterministic_rule,high,deterministic_rule
sngpl 28.6,Expense,2004.0,Utilities & Bills,deterministic_rule,high,deterministic_rule
sngpl may,Expense,2004.0,Utilities & Bills,deterministic_rule,high,deterministic_rule
sngpl may n jun,Expense,2004.0,Utilities & Bills,deterministic_rule,high,deterministic_rule
ssgc May and June Bill,Expense,2004.0,Utilities & Bills,deterministic_rule,high,deterministic_rule
sui gas bill,Expense,2004.0,Utilities & Bills,deterministic_rule,high,deterministic_rule
telephone bill,Expense,2004.0,Utilities & Bills,deterministic_rule,high,deterministic_rule
telephone bill for june,Expense,2004.0,Utilities & Bills,deterministic_rule,high,deterministic_rule
telephone bill paid,Expense,2004.0,Utilities & Bills,deterministic_rule,high,deterministic_rule
utilities,Expense,2004.0,Utilities & Bills,deterministic_rule,high,deterministic_rule
utilities and Netflix ,Transfer,2004.0,Utilities & Bills,deterministic_rule,high,deterministic_rule
utilities bill,Expense,2004.0,Utilities & Bills,deterministic_rule,high,deterministic_rule
utilities r block,Expense,2004.0,Utilities & Bills,deterministic_rule,high,deterministic_rule
utility bill for home. gass and telephone. ,Expense,2004.0,Utilities & Bills,deterministic_rule,high,deterministic_rule
utility bill ki payment ki AMA ne. ,Income,2004.0,Utilities & Bills,deterministic_rule,high,deterministic_rule
"utility bills FMO June 2019 (iesco, sngpl)",Expense,2004.0,Utilities & Bills,deterministic_rule,high,deterministic_rule
utility bills may,Expense,2004.0,Utilities & Bills,deterministic_rule,high,deterministic_rule
warid ptcl bill,Expense,2004.0,Utilities & Bills,deterministic_rule,high,deterministic_rule
water bill,Transfer,2004.0,Utilities & Bills,approved_mapping,very_high,approved_mapping
water bill bal,Transfer,2004.0,Utilities & Bills,deterministic_rule,high,deterministic_rule
zong internet,Expense,2004.0,Utilities & Bills,deterministic_rule,high,deterministic_rule
 pamper & medicine swat tour ,Expense,2005.0,Healthcare,deterministic_rule,high,deterministic_rule
"1000/- Dr Khalid ranjha
3000/- Medicine samina
1000/- books cover
300/- home use 
",Expense,2005.0,Healthcare,deterministic_rule,high,deterministic_rule
"12000 labour
2000 zafar sb
12900 materia
1200 fuel , load etc
from 18 june to 23 june
",Expense,2005.0,Healthcare,deterministic_rule,high,deterministic_rule
19 june labour,Expense,2005.0,Healthcare,deterministic_rule,high,deterministic_rule
200 to aluminium labour charges ,Transfer,2005.0,Healthcare,deterministic_rule,high,deterministic_rule
2300 lab 4700 delivery ,Expense,2005.0,Healthcare,deterministic_rule,high,deterministic_rule
444-Maint Labor for Ansar 4 days upto 7/17/21,Expense,2005.0,Healthcare,deterministic_rule,high,deterministic_rule
444-Maint Labor for Shani n Tanveer @1100 for 2 days ,Expense,2005.0,Healthcare,deterministic_rule,high,deterministic_rule
AC Gas and labour ,Expense,2005.0,Healthcare,deterministic_rule,high,deterministic_rule
AH medicine ,Expense,2005.0,Healthcare,deterministic_rule,high,deterministic_rule
AKuH Lab Tests,Expense,2005.0,Healthcare,deterministic_rule,high,deterministic_rule
AMM medicine,Expense,2005.0,Healthcare,deterministic_rule,high,deterministic_rule
AS Medicines,Expense,2005.0,Healthcare,deterministic_rule,high,deterministic_rule
ATM at Jinnah Hospital,Transfer,2005.0,Healthcare,deterministic_rule,high,deterministic_rule
Aamako medicine,Expense,2005.0,Healthcare,deterministic_rule,high,deterministic_rule
Abbu medicine ,Expense,2005.0,Healthcare,deterministic_rule,high,deterministic_rule
Abdul ghaffar for treatment services hospital ,Expense,2005.0,Healthcare,deterministic_rule,high,deterministic_rule
Abdur Rehman medicines,Expense,2005.0,Healthcare,deterministic_rule,high,deterministic_rule
Abu Ami medicine,Expense,2005.0,Healthcare,deterministic_rule,high,deterministic_rule
Abu Medicine + Ami,Expense,2005.0,Healthcare,deterministic_rule,high,deterministic_rule
Abu labs,Expense,2005.0,Healthcare,deterministic_rule,high,deterministic_rule
Abu medicine ,Transfer,2005.0,Healthcare,deterministic_rule,high,deterministic_rule
Ac Bus from Lahore to Faisalabad,Expense,2005.0,Healthcare,deterministic_rule,high,deterministic_rule
Acne medicine and paste.,Expense,2005.0,Healthcare,deterministic_rule,high,deterministic_rule
Added in mother’s medicines ,Expense,2005.0,Healthcare,deterministic_rule,high,deterministic_rule
Advance for kitchen slab spring's ,Expense,2005.0,Healthcare,deterministic_rule,high,deterministic_rule
Al saif medical,Income,2005.0,Healthcare,deterministic_rule,high,deterministic_rule
Albums. Sky Lab,Expense,2005.0,Healthcare,deterministic_rule,high,deterministic_rule
Ali Medical Typhoid,Expense,2005.0,Healthcare,deterministic_rule,high,deterministic_rule
Ali medicine,Expense,2005.0,Healthcare,deterministic_rule,high,deterministic_rule
Ali medicines,Expense,2005.0,Healthcare,deterministic_rule,high,deterministic_rule
Allopathic Medicine ,Expense,2005.0,Healthcare,deterministic_rule,high,deterministic_rule
Almadina Medical Store,Expense,2005.0,Healthcare,deterministic_rule,high,deterministic_rule
Alsham Clinic,Expense,2005.0,Healthcare,deterministic_rule,high,deterministic_rule
Amber ki medicine ai folic acid aur capsule,Expense,2005.0,Healthcare,deterministic_rule,high,deterministic_rule
Ami Ki medicine,Expense,2005.0,Healthcare,deterministic_rule,high,deterministic_rule
Ami Post operation medicine,Expense,2005.0,Healthcare,deterministic_rule,high,deterministic_rule
Ami and Ahsan and abeera ki medicine ,Expense,2005.0,Healthcare,deterministic_rule,high,deterministic_rule
Ami deta Doctor lay Ami da doctor ,Income,2005.0,Healthcare,deterministic_rule,high,deterministic_rule
Ami jee medical test excel laboratory ,Expense,2005.0,Healthcare,deterministic_rule,high,deterministic_rule
Ami lab tests,Expense,2005.0,Healthcare,deterministic_rule,high,deterministic_rule
Ami medicine,Expense,2005.0,Healthcare,deterministic_rule,high,deterministic_rule
Ami medicine plus taya abu,Expense,2005.0,Healthcare,deterministic_rule,high,deterministic_rule
"Ami misc medicines
",Expense,2005.0,Healthcare,deterministic_rule,high,deterministic_rule
Amma Medicine,Expense,2005.0,Healthcare,deterministic_rule,high,deterministic_rule
Ammi Abbu Medicines ,Expense,2005.0,Healthcare,deterministic_rule,high,deterministic_rule
Ammi Operation Medicines,Expense,2005.0,Healthcare,deterministic_rule,high,deterministic_rule
Ammi doctor visit for plaster removal,Expense,2005.0,Healthcare,deterministic_rule,high,deterministic_rule
Ammi medicine,Expense,2005.0,Healthcare,deterministic_rule,high,deterministic_rule
Ammi medicine (tab),Expense,2005.0,Healthcare,deterministic_rule,high,deterministic_rule
Ammi medicines,Expense,2005.0,Healthcare,deterministic_rule,high,deterministic_rule
Ammi’s medicines ,Expense,2005.0,Healthcare,deterministic_rule,high,deterministic_rule
Amna visit to Al Faisal Clinic,Expense,2005.0,Healthcare,deterministic_rule,high,deterministic_rule
Anand hospital ,Expense,2005.0,Healthcare,deterministic_rule,high,deterministic_rule
Anand hospital Mzn ,Income,2005.0,Healthcare,deterministic_rule,high,deterministic_rule
Aneesa's Medicine,Expense,2005.0,Healthcare,deterministic_rule,high,deterministic_rule
Annyyy medicines...,Expense,2005.0,Healthcare,deterministic_rule,high,deterministic_rule
"Annyyy, National hospital...Emergency, ultrasound, specialist...",Expense,2005.0,Healthcare,deterministic_rule,high,deterministic_rule
Api Maria medicine,Expense,2005.0,Healthcare,deterministic_rule,high,deterministic_rule
Appi Doctor Appointment,Expense,2005.0,Healthcare,deterministic_rule,high,deterministic_rule
Arcadia medical ,Expense,2005.0,Healthcare,deterministic_rule,high,deterministic_rule
Areesha's Medical Treetment,Expense,2005.0,Healthcare,deterministic_rule,high,deterministic_rule
Arham's Doctor Ali & Medicines,Expense,2005.0,Healthcare,deterministic_rule,high,deterministic_rule
Arq e gulab ,Expense,2005.0,Healthcare,deterministic_rule,high,deterministic_rule
Arsala Medical,Expense,2005.0,Healthcare,deterministic_rule,high,deterministic_rule
Arshiya doctor zakir fee,Expense,2005.0,Healthcare,deterministic_rule,high,deterministic_rule
Arshiya medicines insulin fm AL Dawa ,Expense,2005.0,Healthcare,deterministic_rule,high,deterministic_rule
Asma medicines,Expense,2005.0,Healthcare,deterministic_rule,high,deterministic_rule
Aunti Nigar medicines,Expense,2005.0,Healthcare,deterministic_rule,high,deterministic_rule
Ayaan Medicine,Expense,2005.0,Healthcare,deterministic_rule,high,deterministic_rule
Ayesha Lab Test,Expense,2005.0,Healthcare,deterministic_rule,high,deterministic_rule
Ayesha Lab Tests,Expense,2005.0,Healthcare,deterministic_rule,high,deterministic_rule
Ayesha Medicine,Expense,2005.0,Healthcare,deterministic_rule,high,deterministic_rule
Ayesha Medicine - Care Khu,Expense,2005.0,Healthcare,deterministic_rule,high,deterministic_rule
Ba ko medicine,Expense,2005.0,Healthcare,deterministic_rule,high,deterministic_rule
Babar tests at DHA Medical center,Expense,2005.0,Healthcare,deterministic_rule,high,deterministic_rule
Bahria Hospital charges,Expense,2005.0,Healthcare,deterministic_rule,high,deterministic_rule
Bahria hospital widthdrawl ,Transfer,2005.0,Healthcare,deterministic_rule,high,deterministic_rule
Bakree doctor paid ,Expense,2005.0,Healthcare,deterministic_rule,high,deterministic_rule
"Barber, medicine teeth and cords ",Expense,2005.0,Healthcare,deterministic_rule,high,deterministic_rule
Beghum checkup and medicine ,Expense,2005.0,Healthcare,deterministic_rule,high,deterministic_rule
Bhabi medicine,Expense,2005.0,Healthcare,deterministic_rule,high,deterministic_rule
"Bike (Clutch 1000, Labor 500)",Expense,2005.0,Healthcare,deterministic_rule,high,deterministic_rule
Bk dental clinic visit,Expense,2005.0,Healthcare,deterministic_rule,high,deterministic_rule
"Body spray, beard oil, arq.e.ghulab & face wash ",Expense,2005.0,Healthcare,deterministic_rule,high,deterministic_rule
Bought Allergy Medicine.,Expense,2005.0,Healthcare,deterministic_rule,high,deterministic_rule
Bought Hermes parcel Label,Expense,2005.0,Healthcare,deterministic_rule,high,deterministic_rule
Burger lab,Expense,2005.0,Healthcare,deterministic_rule,high,deterministic_rule
BurgerLab with Saffo.,Expense,2005.0,Healthcare,deterministic_rule,high,deterministic_rule
Buy medicine ,Expense,2005.0,Healthcare,approved_mapping,very_high,approved_mapping
CBC Test + Medicines,Expense,2005.0,Healthcare,deterministic_rule,high,deterministic_rule
CDC Letterhead City Hospital 5 Plates Rota,Expense,2005.0,Healthcare,deterministic_rule,high,deterministic_rule
Cantt Lab,Income,2005.0,Healthcare,deterministic_rule,high,deterministic_rule
Car Wash Labor,Expense,2005.0,Healthcare,deterministic_rule,high,deterministic_rule
Car brake shoes and labor,Expense,2005.0,Healthcare,deterministic_rule,high,deterministic_rule
Car carborator cleaning labour,Expense,2005.0,Healthcare,deterministic_rule,high,deterministic_rule
Chachu Muneer medicine ,Expense,2005.0,Healthcare,deterministic_rule,high,deterministic_rule
Chalabon,Expense,2005.0,Healthcare,deterministic_rule,high,deterministic_rule
Chemistry Labs,Income,2005.0,Healthcare,deterministic_rule,high,deterministic_rule
Cheque encashed for bonds and hospital advance,Transfer,2005.0,Healthcare,deterministic_rule,high,deterministic_rule
Chield Doctor Born ,Expense,2005.0,Healthcare,deterministic_rule,high,deterministic_rule
Chughtai Lab,Expense,2005.0,Healthcare,deterministic_rule,high,deterministic_rule
Chugtai Lab,Expense,2005.0,Healthcare,deterministic_rule,high,deterministic_rule
Circuit Lab,Income,2005.0,Healthcare,deterministic_rule,high,deterministic_rule
"City medical store jammu, Pradeep ",Expense,2005.0,Healthcare,deterministic_rule,high,deterministic_rule
Cosmetics & Medicines,Expense,2005.0,Healthcare,deterministic_rule,high,deterministic_rule
Cousin Burger lab,Expense,2005.0,Healthcare,deterministic_rule,high,deterministic_rule
Crick hospital ,Expense,2005.0,Healthcare,deterministic_rule,high,deterministic_rule
D.r Fees and medicine ,Expense,2005.0,Healthcare,deterministic_rule,high,deterministic_rule
DPD label purchase,Expense,2005.0,Healthcare,deterministic_rule,high,deterministic_rule
Dado Medicines,Expense,2005.0,Healthcare,deterministic_rule,high,deterministic_rule
Daewoo Battery + Labor,Expense,2005.0,Healthcare,deterministic_rule,high,deterministic_rule
"Dalda, biscuitss, veet, wipes, dalien, arqa gulab etc",Expense,2005.0,Healthcare,deterministic_rule,high,deterministic_rule
Dawaai.pk lab test refund,Income,2005.0,Healthcare,deterministic_rule,high,deterministic_rule
Dawood's medicine,Expense,2005.0,Healthcare,deterministic_rule,high,deterministic_rule
Dental check up and medicine ,Expense,2005.0,Healthcare,deterministic_rule,high,deterministic_rule
Dentist and medicines ,Expense,2005.0,Healthcare,deterministic_rule,high,deterministic_rule
Dermatology Doctor Appointment at Mamji Hospital - Dr. Fakhaar Naseeb,Expense,2005.0,Healthcare,deterministic_rule,high,deterministic_rule
Doctor Checkup,Expense,2005.0,Healthcare,deterministic_rule,high,deterministic_rule
Doctor Fee,Expense,2005.0,Healthcare,deterministic_rule,high,deterministic_rule
Doctor Fees Mother,Expense,2005.0,Healthcare,deterministic_rule,high,deterministic_rule
Doctor Fees and Medicine ,Expense,2005.0,Healthcare,deterministic_rule,high,deterministic_rule
Doctor Hospital,Expense,2005.0,Healthcare,deterministic_rule,high,deterministic_rule
Doctor Visit,Expense,2005.0,Healthcare,deterministic_rule,high,deterministic_rule
Doctor fee 825 Echo ECG 4356,Expense,2005.0,Healthcare,deterministic_rule,high,deterministic_rule
Doctor fee from Marham,Transfer,2005.0,Healthcare,deterministic_rule,high,deterministic_rule
Doctor fee n medicine,Expense,2005.0,Healthcare,deterministic_rule,high,deterministic_rule
Doctor's fee,Expense,2005.0,Healthcare,deterministic_rule,high,deterministic_rule
"Doctor's fee, medicines and drip",Expense,2005.0,Healthcare,deterministic_rule,high,deterministic_rule
Doctor;s fee and medicines,Expense,2005.0,Healthcare,deterministic_rule,high,deterministic_rule
Doctors Consultation Fee,Expense,2005.0,Healthcare,deterministic_rule,high,deterministic_rule
Doctors visit,Expense,2005.0,Healthcare,deterministic_rule,high,deterministic_rule
Doctory,Income,2005.0,Healthcare,deterministic_rule,high,deterministic_rule
Doreen Medical Seeta,Expense,2005.0,Healthcare,deterministic_rule,high,deterministic_rule
Dr Badr Medicine,Expense,2005.0,Healthcare,deterministic_rule,high,deterministic_rule
"Dr Kamran 100 + Medicine 120
4 Cebosch + 4 Panadol Extra (4 Time)",Expense,2005.0,Healthcare,deterministic_rule,high,deterministic_rule
Dr fees and medicine,Expense,2005.0,Healthcare,deterministic_rule,high,deterministic_rule
Dr. Shabbir (Skin Specialist) at Ahmed Clinic,Expense,2005.0,Healthcare,deterministic_rule,high,deterministic_rule
Driver cost for bringing aama from hospital,Expense,2005.0,Healthcare,deterministic_rule,high,deterministic_rule
Dvago Medicine,Expense,2005.0,Healthcare,deterministic_rule,high,deterministic_rule
Dwatson medicine,Expense,2005.0,Healthcare,deterministic_rule,high,deterministic_rule
E Medicine,Expense,2005.0,Healthcare,deterministic_rule,high,deterministic_rule
Ejaz labour 10000 and material 5850,Expense,2005.0,Healthcare,deterministic_rule,high,deterministic_rule
Electrician Labor,Expense,2005.0,Healthcare,deterministic_rule,high,deterministic_rule
"Engine Oil, Brake Oil, Battery Fluid, Oil Filter, Oil Change Labor",Expense,2005.0,Healthcare,deterministic_rule,high,deterministic_rule
Eye Test at Muhammadi Eye Clinic ,Expense,2005.0,Healthcare,deterministic_rule,high,deterministic_rule
Faeez Baig Pharmacy,Transfer,2005.0,Healthcare,deterministic_rule,high,deterministic_rule
Faheem's Medicine,Expense,2005.0,Healthcare,deterministic_rule,high,deterministic_rule
Faisal personal medicine ,Expense,2005.0,Healthcare,deterministic_rule,high,deterministic_rule
Faisal personal medicine.,Expense,2005.0,Healthcare,deterministic_rule,high,deterministic_rule
Faisalabad Ads,Expense,2005.0,Healthcare,deterministic_rule,high,deterministic_rule
Faraz Labour,Expense,2005.0,Healthcare,deterministic_rule,high,deterministic_rule
Farm labour,Expense,2005.0,Healthcare,deterministic_rule,high,deterministic_rule
Farriya medical ,Expense,2005.0,Healthcare,deterministic_rule,high,deterministic_rule
Farriya medical test and Greeno,Expense,2005.0,Healthcare,deterministic_rule,high,deterministic_rule
Fasih ur Rehman checkup & Medicine from Dr Suleman ,Expense,2005.0,Healthcare,deterministic_rule,high,deterministic_rule
Father medical checkup,Expense,2005.0,Healthcare,deterministic_rule,high,deterministic_rule
Fatima Medicine ,Transfer,2005.0,Healthcare,deterministic_rule,high,deterministic_rule
Fatima X-Ray Ghurki Hospital,Expense,2005.0,Healthcare,deterministic_rule,high,deterministic_rule
Fatima fathers Medicine ,Income,2005.0,Healthcare,deterministic_rule,high,deterministic_rule
Fatima ki Dr. Fee or Medicine ,Expense,2005.0,Healthcare,deterministic_rule,high,deterministic_rule
Fayaz sugur test and medicine,Expense,2005.0,Healthcare,deterministic_rule,high,deterministic_rule
Fbd Doctor,Expense,2005.0,Healthcare,deterministic_rule,high,deterministic_rule
Flexin medicine,Expense,2005.0,Healthcare,deterministic_rule,high,deterministic_rule
For Angle Labour & other Labour ,Transfer,2005.0,Healthcare,deterministic_rule,high,deterministic_rule
For Angle Labour via Finca,Transfer,2005.0,Healthcare,deterministic_rule,high,deterministic_rule
For Committee Kanwal ami and medical expenses,Transfer,2005.0,Healthcare,deterministic_rule,high,deterministic_rule
For Wife Medical.,Expense,2005.0,Healthcare,deterministic_rule,high,deterministic_rule
For stuti medicine of anil mehta ,Expense,2005.0,Healthcare,deterministic_rule,high,deterministic_rule
For urwa medical,Expense,2005.0,Healthcare,deterministic_rule,high,deterministic_rule
Fries From Shalamar Hospital,Expense,2005.0,Healthcare,deterministic_rule,high,deterministic_rule
From Home to Aibak Road Doctor ,Expense,2005.0,Healthcare,deterministic_rule,high,deterministic_rule
From mother for medicines.,Income,2005.0,Healthcare,deterministic_rule,high,deterministic_rule
Furqan Painter - Labour,Expense,2005.0,Healthcare,deterministic_rule,high,deterministic_rule
Furqan Painter ko dye - Labour ,Expense,2005.0,Healthcare,deterministic_rule,high,deterministic_rule
Furqan ko dye Ammi ka color - Labour ,Expense,2005.0,Healthcare,deterministic_rule,high,deterministic_rule
G-9 + sitara market +regency visit for asim jaffri medicine,Expense,2005.0,Healthcare,deterministic_rule,high,deterministic_rule
Gastric Medicine ,Expense,2005.0,Healthcare,deterministic_rule,high,deterministic_rule
General Hospital,Expense,2005.0,Healthcare,deterministic_rule,high,deterministic_rule
General medicine ,Expense,2005.0,Healthcare,deterministic_rule,high,deterministic_rule
"Given to Labour and Mistri For 2nd Floor Railing plaster 
1 Mistri(650)+1 Labour (350)",Expense,2005.0,Healthcare,deterministic_rule,high,deterministic_rule
"Given to Labour for Bhada 
500(Main Labour)+350(Helper)+100(Bhole)",Expense,2005.0,Healthcare,deterministic_rule,high,deterministic_rule
Gutka Labour Isfaque,Expense,2005.0,Healthcare,deterministic_rule,high,deterministic_rule
Haadia+Waania Medicine,Expense,2005.0,Healthcare,deterministic_rule,high,deterministic_rule
Haji mistri Labour ,Expense,2005.0,Healthcare,deterministic_rule,high,deterministic_rule
Haji sb medical checkup,Expense,2005.0,Healthcare,deterministic_rule,high,deterministic_rule
Hakeem medicine ,Expense,2005.0,Healthcare,deterministic_rule,high,deterministic_rule
Halva medicine etc,Expense,2005.0,Healthcare,deterministic_rule,high,deterministic_rule
Hamid Zaki fees and medicine,Expense,2005.0,Healthcare,deterministic_rule,high,deterministic_rule
Hammad Medical checkup at Ashfaq Memorial Hospital,Expense,2005.0,Healthcare,deterministic_rule,high,deterministic_rule
Hareem medicine,Expense,2005.0,Healthcare,deterministic_rule,high,deterministic_rule
Haris medicine,Expense,2005.0,Healthcare,deterministic_rule,high,deterministic_rule
Hassan Ali doctor scb,Expense,2005.0,Healthcare,deterministic_rule,high,deterministic_rule
Hassan Lab Work,Income,2005.0,Healthcare,deterministic_rule,high,deterministic_rule
Hassan doctor and medicines,Expense,2005.0,Healthcare,deterministic_rule,high,deterministic_rule
Heer medicine,Expense,2005.0,Healthcare,deterministic_rule,high,deterministic_rule
Her visit to Eye specialist and medicine. ,Expense,2005.0,Healthcare,deterministic_rule,high,deterministic_rule
Hermes Label purchase,Expense,2005.0,Healthcare,deterministic_rule,high,deterministic_rule
Hiji mistri labour,Expense,2005.0,Healthcare,deterministic_rule,high,deterministic_rule
Hina short stay fee at Farooq Hospital,Expense,2005.0,Healthcare,deterministic_rule,high,deterministic_rule
Hishaams medicine ,Expense,2005.0,Healthcare,deterministic_rule,high,deterministic_rule
Homeo Doctor Uttara,Expense,2005.0,Healthcare,deterministic_rule,high,deterministic_rule
Homeopathic medicine ,Expense,2005.0,Healthcare,deterministic_rule,high,deterministic_rule
Hoor's Medicines ,Expense,2005.0,Healthcare,deterministic_rule,high,deterministic_rule
Horn replace labour AFU-242,Expense,2005.0,Healthcare,deterministic_rule,high,deterministic_rule
Hospital ,Expense,2005.0,Healthcare,deterministic_rule,high,deterministic_rule
Hospital Charges,Expense,2005.0,Healthcare,deterministic_rule,high,deterministic_rule
Hospital and home,Expense,2005.0,Healthcare,deterministic_rule,high,deterministic_rule
Hospital aur ghar ,Expense,2005.0,Healthcare,deterministic_rule,high,deterministic_rule
Hospital charge for Manita,Expense,2005.0,Healthcare,deterministic_rule,high,deterministic_rule
Hospital kasur dialysis.,Expense,2005.0,Healthcare,deterministic_rule,high,deterministic_rule
Hospital miscellaneous,Expense,2005.0,Healthcare,deterministic_rule,high,deterministic_rule
Hospital visit ,Expense,2005.0,Healthcare,deterministic_rule,high,deterministic_rule
Humaira Medicines,Expense,2005.0,Healthcare,deterministic_rule,high,deterministic_rule
Hw maths and lab,Income,2005.0,Healthcare,deterministic_rule,high,deterministic_rule
Ibrahim medicine,Expense,2005.0,Healthcare,deterministic_rule,high,deterministic_rule
"Ice cream haji, labourer, me, biya",Expense,2005.0,Healthcare,deterministic_rule,high,deterministic_rule
Ifra Medical,Expense,2005.0,Healthcare,deterministic_rule,high,deterministic_rule
Ifra Medicines,Expense,2005.0,Healthcare,deterministic_rule,high,deterministic_rule
Iftar at Sergimate Hospital,Expense,2005.0,Healthcare,deterministic_rule,high,deterministic_rule
Imtiaz store medicines,Expense,2005.0,Healthcare,deterministic_rule,high,deterministic_rule
Iron Box Labour,Expense,2005.0,Healthcare,deterministic_rule,high,deterministic_rule
Irtaza Medicine,Expense,2005.0,Healthcare,deterministic_rule,high,deterministic_rule
JI med from Dr Waqas Doctors Enclave,Expense,2005.0,Healthcare,deterministic_rule,high,deterministic_rule
JP Hospital,Expense,2005.0,Healthcare,deterministic_rule,high,deterministic_rule
Jalabi,Expense,2005.0,Healthcare,deterministic_rule,high,deterministic_rule
Jemis medicine,Expense,2005.0,Healthcare,deterministic_rule,high,deterministic_rule
Junaid medical token,Income,2005.0,Healthcare,deterministic_rule,high,deterministic_rule
Kamran S medicine,Expense,2005.0,Healthcare,deterministic_rule,high,deterministic_rule
Kanwal Medicine,Expense,2005.0,Healthcare,deterministic_rule,high,deterministic_rule
Kanwal for medical checkup,Expense,2005.0,Healthcare,deterministic_rule,high,deterministic_rule
Kanwal medical checkup Robina clinic and medicine,Expense,2005.0,Healthcare,deterministic_rule,high,deterministic_rule
Kanza medicine. Synflex plus panadol,Expense,2005.0,Healthcare,deterministic_rule,high,deterministic_rule
Kashaf medical checkup and medicine ,Expense,2005.0,Healthcare,deterministic_rule,high,deterministic_rule
Kids medicine,Expense,2005.0,Healthcare,deterministic_rule,high,deterministic_rule
Kitchen Slab Repair,Expense,2005.0,Healthcare,deterministic_rule,high,deterministic_rule
Komal Lab Copy,Expense,2005.0,Healthcare,deterministic_rule,high,deterministic_rule
Kulsoom Hospital,Expense,2005.0,Healthcare,deterministic_rule,high,deterministic_rule
"LFTS,CBC,ESR.chughtai lab",Expense,2005.0,Healthcare,deterministic_rule,high,deterministic_rule
Lab,Income,2005.0,Healthcare,deterministic_rule,high,deterministic_rule
Lab Test TR,Expense,2005.0,Healthcare,deterministic_rule,high,deterministic_rule
Lab Test and Purchaseing,Expense,2005.0,Healthcare,deterministic_rule,high,deterministic_rule
"Lab report of AKUH
",Expense,2005.0,Healthcare,deterministic_rule,high,deterministic_rule
Lab-e-Mehran fun land ,Expense,2005.0,Healthcare,deterministic_rule,high,deterministic_rule
LabAid - Gulshan,Expense,2005.0,Healthcare,deterministic_rule,high,deterministic_rule
Laban,Expense,2005.0,Healthcare,deterministic_rule,high,deterministic_rule
Laban + may,Expense,2005.0,Healthcare,deterministic_rule,high,deterministic_rule
Labeeqa glasses ,Expense,2005.0,Healthcare,deterministic_rule,high,deterministic_rule
Labneh ,Expense,2005.0,Healthcare,deterministic_rule,high,deterministic_rule
Laboni,Expense,2005.0,Healthcare,deterministic_rule,high,deterministic_rule
"Labor cost tv, ac, washing machine & stive",Expense,2005.0,Healthcare,deterministic_rule,high,deterministic_rule
Labor kharcha,Expense,2005.0,Healthcare,deterministic_rule,high,deterministic_rule
Labour Advance,Expense,2005.0,Healthcare,deterministic_rule,high,deterministic_rule
Labour Charges 2 Days ,Expense,2005.0,Healthcare,deterministic_rule,high,deterministic_rule
Labour Work Allaha Rakha,Expense,2005.0,Healthcare,deterministic_rule,high,deterministic_rule
Labour breakage removal,Expense,2005.0,Healthcare,deterministic_rule,high,deterministic_rule
Labour charges for tiles fitting 492 sqm,Expense,2005.0,Healthcare,deterministic_rule,high,deterministic_rule
Labour colour,Expense,2005.0,Healthcare,deterministic_rule,high,deterministic_rule
Labour for kitchen slab support spring's ,Expense,2005.0,Healthcare,deterministic_rule,high,deterministic_rule
Labour for wash basin fitting Springs ,Expense,2005.0,Healthcare,deterministic_rule,high,deterministic_rule
Labour mastri mazdoori ,Transfer,2005.0,Healthcare,deterministic_rule,high,deterministic_rule
Labtop screen repair plus hard disk,Expense,2005.0,Healthcare,deterministic_rule,high,deterministic_rule
M Ali medicine,Expense,2005.0,Healthcare,deterministic_rule,high,deterministic_rule
M. Qasim hospital fee,Expense,2005.0,Healthcare,deterministic_rule,high,deterministic_rule
MMJ medicine,Expense,2005.0,Healthcare,deterministic_rule,high,deterministic_rule
Mama medicine ,Expense,2005.0,Healthcare,deterministic_rule,high,deterministic_rule
Mama's medicine,Expense,2005.0,Healthcare,deterministic_rule,high,deterministic_rule
Mamas Medicine,Expense,2005.0,Healthcare,deterministic_rule,high,deterministic_rule
Mamo Abbass & Mami Ayeshas ki medicine ,Expense,2005.0,Healthcare,deterministic_rule,high,deterministic_rule
Mamo medicine ,Expense,2005.0,Healthcare,deterministic_rule,high,deterministic_rule
Mamoons PLAB payment,Transfer,2005.0,Healthcare,deterministic_rule,high,deterministic_rule
Manisha hospital,Expense,2005.0,Healthcare,deterministic_rule,high,deterministic_rule
Manisha medicine,Expense,2005.0,Healthcare,deterministic_rule,high,deterministic_rule
Mano Doc Fees and Medicine ,Expense,2005.0,Healthcare,deterministic_rule,high,deterministic_rule
Manzoor Dental Clinic,Income,2005.0,Healthcare,deterministic_rule,high,deterministic_rule
Maywoo check up & Medicine,Expense,2005.0,Healthcare,deterministic_rule,high,deterministic_rule
Medical AH,Expense,2005.0,Healthcare,deterministic_rule,high,deterministic_rule
Medical Checkup - SK,Expense,2005.0,Healthcare,deterministic_rule,high,deterministic_rule
Medical Expense Remaining Amount,Income,2005.0,Healthcare,deterministic_rule,high,deterministic_rule
Medical Reimbursement,Income,2005.0,Healthcare,deterministic_rule,high,deterministic_rule
Medical Reimbursements ,Income,2005.0,Healthcare,deterministic_rule,high,deterministic_rule
Medical Store,Expense,2005.0,Healthcare,deterministic_rule,high,deterministic_rule
Medical Test for Manita,Expense,2005.0,Healthcare,deterministic_rule,high,deterministic_rule
Medical Tests,Expense,2005.0,Healthcare,deterministic_rule,high,deterministic_rule
Medical adjustment ,Income,2005.0,Healthcare,deterministic_rule,high,deterministic_rule
Medical bill stomach test,Expense,2005.0,Healthcare,deterministic_rule,high,deterministic_rule
Medical bills ,Income,2005.0,Healthcare,deterministic_rule,high,deterministic_rule
Medical check up,Expense,2005.0,Healthcare,deterministic_rule,high,deterministic_rule
Medical checkup,Expense,2005.0,Healthcare,deterministic_rule,high,deterministic_rule
Medical claims ,Income,2005.0,Healthcare,deterministic_rule,high,deterministic_rule
Medical clearance from Abudawood,Income,2005.0,Healthcare,deterministic_rule,high,deterministic_rule
Medical emergency Treatment,Expense,2005.0,Healthcare,deterministic_rule,high,deterministic_rule
Medical exp of poor women,Expense,2005.0,Healthcare,deterministic_rule,high,deterministic_rule
Medical neha,Expense,2005.0,Healthcare,deterministic_rule,high,deterministic_rule
Medical repayment to furry baji,Expense,2005.0,Healthcare,deterministic_rule,high,deterministic_rule
"Medical shop Credit


",Expense,2005.0,Healthcare,deterministic_rule,high,deterministic_rule
Medical sumbal paid to Areeba,Expense,2005.0,Healthcare,deterministic_rule,high,deterministic_rule
Medical test ,Expense,2005.0,Healthcare,deterministic_rule,high,deterministic_rule
Medical treatment,Expense,2005.0,Healthcare,deterministic_rule,high,deterministic_rule
Medical treatment day 1,Expense,2005.0,Healthcare,deterministic_rule,high,deterministic_rule
Medical treatment day2,Expense,2005.0,Healthcare,deterministic_rule,high,deterministic_rule
Medicine Arnil 75,Expense,2005.0,Healthcare,deterministic_rule,high,deterministic_rule
Medicine Augmentan,Expense,2005.0,Healthcare,deterministic_rule,high,deterministic_rule
Medicine Belly Pain,Expense,2005.0,Healthcare,deterministic_rule,high,deterministic_rule
Medicine Bill,Expense,2005.0,Healthcare,deterministic_rule,high,deterministic_rule
Medicine DK,Expense,2005.0,Healthcare,deterministic_rule,high,deterministic_rule
Medicine Dr Badr ,Expense,2005.0,Healthcare,deterministic_rule,high,deterministic_rule
Medicine Dvago,Expense,2005.0,Healthcare,deterministic_rule,high,deterministic_rule
Medicine Eye drop,Expense,2005.0,Healthcare,deterministic_rule,high,deterministic_rule
Medicine For Abu ,Expense,2005.0,Healthcare,deterministic_rule,high,deterministic_rule
Medicine From Bridgeview ,Transfer,2005.0,Healthcare,deterministic_rule,high,deterministic_rule
Medicine Myself,Expense,2005.0,Healthcare,deterministic_rule,high,deterministic_rule
Medicine Purchased,Expense,2005.0,Healthcare,deterministic_rule,high,deterministic_rule
Medicine Self,Expense,2005.0,Healthcare,deterministic_rule,high,deterministic_rule
Medicine Skin,Expense,2005.0,Healthcare,deterministic_rule,high,deterministic_rule
Medicine Spouse,Expense,2005.0,Healthcare,deterministic_rule,high,deterministic_rule
Medicine TR,Expense,2005.0,Healthcare,deterministic_rule,high,deterministic_rule
Medicine Zahida ,Expense,2005.0,Healthcare,deterministic_rule,high,deterministic_rule
Medicine Zahida and Imran ,Expense,2005.0,Healthcare,deterministic_rule,high,deterministic_rule
Medicine and Other Expences,Expense,2005.0,Healthcare,deterministic_rule,high,deterministic_rule
Medicine by Rajesh,Expense,2005.0,Healthcare,deterministic_rule,high,deterministic_rule
Medicine for Aama,Expense,2005.0,Healthcare,deterministic_rule,high,deterministic_rule
Medicine for Ami,Expense,2005.0,Healthcare,deterministic_rule,high,deterministic_rule
Medicine for Ammi Jan,Expense,2005.0,Healthcare,deterministic_rule,high,deterministic_rule
Medicine for Jhilimili,Expense,2005.0,Healthcare,deterministic_rule,high,deterministic_rule
Medicine for Mamu,Expense,2005.0,Healthcare,deterministic_rule,high,deterministic_rule
Medicine for Miss Tehreem,Expense,2005.0,Healthcare,deterministic_rule,high,deterministic_rule
Medicine for Preeti n dental flux,Expense,2005.0,Healthcare,deterministic_rule,high,deterministic_rule
"Medicine for Rabia, Mansoor and dadi",Expense,2005.0,Healthcare,deterministic_rule,high,deterministic_rule
Medicine for Scabies ,Expense,2005.0,Healthcare,deterministic_rule,high,deterministic_rule
Medicine for Suresh dai,Expense,2005.0,Healthcare,deterministic_rule,high,deterministic_rule
Medicine for Tooth ache,Expense,2005.0,Healthcare,deterministic_rule,high,deterministic_rule
Medicine for ayrin,Expense,2005.0,Healthcare,deterministic_rule,high,deterministic_rule
Medicine for bhunti,Expense,2005.0,Healthcare,deterministic_rule,high,deterministic_rule
Medicine for cats,Expense,2005.0,Healthcare,deterministic_rule,high,deterministic_rule
Medicine for cats - Upiya ko,Expense,2005.0,Healthcare,deterministic_rule,high,deterministic_rule
Medicine for dental treatment & hair care ,Expense,2005.0,Healthcare,deterministic_rule,high,deterministic_rule
Medicine for ear,Expense,2005.0,Healthcare,deterministic_rule,high,deterministic_rule
Medicine for fish,Expense,2005.0,Healthcare,deterministic_rule,high,deterministic_rule
Medicine for hunnain ,Expense,2005.0,Healthcare,deterministic_rule,high,deterministic_rule
Medicine for my stomach,Expense,2005.0,Healthcare,deterministic_rule,high,deterministic_rule
Medicine for pain,Expense,2005.0,Healthcare,deterministic_rule,high,deterministic_rule
Medicine for stomach ,Expense,2005.0,Healthcare,deterministic_rule,high,deterministic_rule
Medicine from shah ji,Expense,2005.0,Healthcare,deterministic_rule,high,deterministic_rule
Medicine ibrar,Expense,2005.0,Healthcare,deterministic_rule,high,deterministic_rule
Medicine in Asrani,Expense,2005.0,Healthcare,deterministic_rule,high,deterministic_rule
Medicine loan ,Expense,2005.0,Healthcare,deterministic_rule,high,deterministic_rule
Medicine mama brino,Expense,2005.0,Healthcare,deterministic_rule,high,deterministic_rule
Medicine morning dose,Expense,2005.0,Healthcare,deterministic_rule,high,deterministic_rule
Medicine n surgical globes for Manita,Expense,2005.0,Healthcare,deterministic_rule,high,deterministic_rule
Medicine n water for Manita,Expense,2005.0,Healthcare,deterministic_rule,high,deterministic_rule
Medicine of Mamo Abbas,Expense,2005.0,Healthcare,deterministic_rule,high,deterministic_rule
Medicine of Mom,Expense,2005.0,Healthcare,deterministic_rule,high,deterministic_rule
Medicine purchase ,Expense,2005.0,Healthcare,deterministic_rule,high,deterministic_rule
Medicine's ,Expense,2005.0,Healthcare,deterministic_rule,high,deterministic_rule
Medicines Abdul Ahad,Expense,2005.0,Healthcare,deterministic_rule,high,deterministic_rule
Medicines Aroush,Expense,2005.0,Healthcare,deterministic_rule,high,deterministic_rule
Medicines Bill,Expense,2005.0,Healthcare,deterministic_rule,high,deterministic_rule
Medicines KHM,Expense,2005.0,Healthcare,deterministic_rule,high,deterministic_rule
Medicines Rabia,Expense,2005.0,Healthcare,deterministic_rule,high,deterministic_rule
Medicines and Toothbrush,Expense,2005.0,Healthcare,deterministic_rule,high,deterministic_rule
Medicines and toiletries,Expense,2005.0,Healthcare,deterministic_rule,high,deterministic_rule
Medicines by Abbu Gee,Expense,2005.0,Healthcare,deterministic_rule,high,deterministic_rule
Medicines for Sundas and misc,Expense,2005.0,Healthcare,deterministic_rule,high,deterministic_rule
Medicines for begum,Expense,2005.0,Healthcare,deterministic_rule,high,deterministic_rule
Medicines from Bin Hashim,Expense,2005.0,Healthcare,deterministic_rule,high,deterministic_rule
Medicines from Imtiaz,Expense,2005.0,Healthcare,deterministic_rule,high,deterministic_rule
Medicines of Fatima,Transfer,2005.0,Healthcare,deterministic_rule,high,deterministic_rule
Mehreen medicine,Expense,2005.0,Healthcare,deterministic_rule,high,deterministic_rule
Minsa Medicine,Expense,2005.0,Healthcare,deterministic_rule,high,deterministic_rule
"Misc, medicines etc...",Expense,2005.0,Healthcare,deterministic_rule,high,deterministic_rule
Miss Tehreem Medicine,Expense,2005.0,Healthcare,deterministic_rule,high,deterministic_rule
Mom Dad Medicines,Expense,2005.0,Healthcare,deterministic_rule,high,deterministic_rule
Mom LFT dawaai.pk Chugtai Lab,Expense,2005.0,Healthcare,deterministic_rule,high,deterministic_rule
Mom Medicines ,Expense,2005.0,Healthcare,deterministic_rule,high,deterministic_rule
Mom's medicine,Expense,2005.0,Healthcare,deterministic_rule,high,deterministic_rule
Momsi medicine,Expense,2005.0,Healthcare,deterministic_rule,high,deterministic_rule
Momsi medicines,Expense,2005.0,Healthcare,deterministic_rule,high,deterministic_rule
Momsi medicines caldree 2 box,Expense,2005.0,Healthcare,deterministic_rule,high,deterministic_rule
Mona’s Medical Checkup,Expense,2005.0,Healthcare,deterministic_rule,high,deterministic_rule
Monthly medicine ,Expense,2005.0,Healthcare,deterministic_rule,high,deterministic_rule
Moona medicine,Expense,2005.0,Healthcare,approved_mapping,very_high,approved_mapping
Mother Medical Tests,Expense,2005.0,Healthcare,deterministic_rule,high,deterministic_rule
Mother Medicine,Expense,2005.0,Healthcare,approved_mapping,very_high,approved_mapping
Mother Medicine for teeth,Expense,2005.0,Healthcare,deterministic_rule,high,deterministic_rule
Mother Medicines,Expense,2005.0,Healthcare,deterministic_rule,high,deterministic_rule
Muhirab medicine,Expense,2005.0,Healthcare,deterministic_rule,high,deterministic_rule
Mukaddas Clinic Remaining Amount On Chachi,Expense,2005.0,Healthcare,deterministic_rule,high,deterministic_rule
Mumma medicine for the month of June,Expense,2005.0,Healthcare,deterministic_rule,high,deterministic_rule
"Mummy room fan switch change and dining hall LED bulb 18 watts (Rs. 300) , plus labour total amount 600",Expense,2005.0,Healthcare,deterministic_rule,high,deterministic_rule
Muntazir medicine ,Expense,2005.0,Healthcare,deterministic_rule,high,deterministic_rule
Musa Medicine,Expense,2005.0,Healthcare,deterministic_rule,high,deterministic_rule
My Uric Acid Herbal Medicine,Expense,2005.0,Healthcare,deterministic_rule,high,deterministic_rule
My medicine,Expense,2005.0,Healthcare,deterministic_rule,high,deterministic_rule
"NRL  lab - Nani blood test 
",Expense,2005.0,Healthcare,deterministic_rule,high,deterministic_rule
Nadia labs to reimburse ,Expense,2005.0,Healthcare,deterministic_rule,high,deterministic_rule
Naila's Throat Medicine,Expense,2005.0,Healthcare,deterministic_rule,high,deterministic_rule
Nanda medicine,Expense,2005.0,Healthcare,deterministic_rule,high,deterministic_rule
"Nani's health treatment @ Grande hospital 
",Expense,2005.0,Healthcare,deterministic_rule,high,deterministic_rule
Nasir Lab and HW,Income,2005.0,Healthcare,deterministic_rule,high,deterministic_rule
Naveed Mason Labour ,Expense,2005.0,Healthcare,deterministic_rule,high,deterministic_rule
Nehan Itefaq Hospital,Expense,2005.0,Healthcare,deterministic_rule,high,deterministic_rule
New medicines ,Expense,2005.0,Healthcare,deterministic_rule,high,deterministic_rule
Nosal medicine,Expense,2005.0,Healthcare,deterministic_rule,high,deterministic_rule
Nosheen ki medicine. ,Expense,2005.0,Healthcare,deterministic_rule,high,deterministic_rule
Nosheens medicine from d Watson Karachi company. ,Transfer,2005.0,Healthcare,deterministic_rule,high,deterministic_rule
Nosheens medicine from d-Watson for 2 month. zolid 45mg,Expense,2005.0,Healthcare,deterministic_rule,high,deterministic_rule
"OPD and Medicine
",Expense,2005.0,Healthcare,deterministic_rule,high,deterministic_rule
Office - LabAid,Expense,2005.0,Healthcare,deterministic_rule,high,deterministic_rule
PCR test Chugtai Lab,Expense,2005.0,Healthcare,deterministic_rule,high,deterministic_rule
Paid for Kashif's medical & medicine.,Expense,2005.0,Healthcare,deterministic_rule,high,deterministic_rule
Paid for medicines for Nadia's friend,Expense,2005.0,Healthcare,deterministic_rule,high,deterministic_rule
Paid hanif doctor ,Expense,2005.0,Healthcare,deterministic_rule,high,deterministic_rule
Paid to Dr Muntazir Mehdi and Medicine at Sahiwal for Mrs Naseer,Expense,2005.0,Healthcare,deterministic_rule,high,deterministic_rule
Pain killer medicine ,Expense,2005.0,Healthcare,deterministic_rule,high,deterministic_rule
Pain massage oil n miss ko medicine,Expense,2005.0,Healthcare,deterministic_rule,high,deterministic_rule
Paint - Labour,Expense,2005.0,Healthcare,deterministic_rule,high,deterministic_rule
Paint labor,Expense,2005.0,Healthcare,deterministic_rule,high,deterministic_rule
Painter - Labour,Expense,2005.0,Healthcare,deterministic_rule,high,deterministic_rule
Papa Medicine,Expense,2005.0,Healthcare,deterministic_rule,high,deterministic_rule
Param hospital,Expense,2005.0,Healthcare,deterministic_rule,high,deterministic_rule
Pariza doctor & medicine saafi,Expense,2005.0,Healthcare,deterministic_rule,high,deterministic_rule
Parking General hospital ,Expense,2005.0,Healthcare,deterministic_rule,high,deterministic_rule
Parking Ticket Shalimar Hospital,Expense,2005.0,Healthcare,deterministic_rule,high,deterministic_rule
Parking at Sergimate Hospital,Expense,2005.0,Healthcare,deterministic_rule,high,deterministic_rule
Patanjali Medicine from ....,Expense,2005.0,Healthcare,deterministic_rule,high,deterministic_rule
Patanjali Medicine from Anjali,Expense,2005.0,Healthcare,deterministic_rule,high,deterministic_rule
Patanjali Medicine n others,Expense,2005.0,Healthcare,deterministic_rule,high,deterministic_rule
Patanjali medicine,Expense,2005.0,Healthcare,approved_mapping,very_high,approved_mapping
Patanjali medicine @ Rupadia,Expense,2005.0,Healthcare,deterministic_rule,high,deterministic_rule
Patanjali medicine for aama,Expense,2005.0,Healthcare,deterministic_rule,high,deterministic_rule
Payable To Kaka For Against Hospitality Expenses... ,Transfer,2005.0,Healthcare,deterministic_rule,high,deterministic_rule
"Pent Rafu, Trouser, Medicine",Transfer,2005.0,Healthcare,deterministic_rule,high,deterministic_rule
Permess examin hiester labour ac ,Expense,2005.0,Healthcare,deterministic_rule,high,deterministic_rule
Personal Medicine for Kidney Stones,Expense,2005.0,Healthcare,deterministic_rule,high,deterministic_rule
Personal medicine,Expense,2005.0,Healthcare,deterministic_rule,high,deterministic_rule
Pharmacy ,Expense,2005.0,Healthcare,deterministic_rule,high,deterministic_rule
Punti ko kira Ko medicine,Expense,2005.0,Healthcare,deterministic_rule,high,deterministic_rule
Putuls medicine,Expense,2005.0,Healthcare,deterministic_rule,high,deterministic_rule
Qadar Jalalabad ,Transfer,2005.0,Healthcare,deterministic_rule,high,deterministic_rule
Qudsia medicine,Expense,2005.0,Healthcare,deterministic_rule,high,deterministic_rule
Qurat Medicine,Expense,2005.0,Healthcare,deterministic_rule,high,deterministic_rule
Ram Vadodara Hospital,Expense,2005.0,Healthcare,deterministic_rule,high,deterministic_rule
Rashid Labs,Income,2005.0,Healthcare,deterministic_rule,high,deterministic_rule
Received for Material Tiles & Gutka Labour ,Transfer,2005.0,Healthcare,deterministic_rule,high,deterministic_rule
Refund by JP hospital,Transfer,2005.0,Healthcare,deterministic_rule,high,deterministic_rule
Rehan medicine for ear,Expense,2005.0,Healthcare,deterministic_rule,high,deterministic_rule
Rehan opd fee and medicine,Expense,2005.0,Healthcare,deterministic_rule,high,deterministic_rule
Rent Paid Faisalabad,Expense,2005.0,Healthcare,deterministic_rule,high,deterministic_rule
Returned Medicines,Income,2005.0,Healthcare,deterministic_rule,high,deterministic_rule
Riaz For Pressing and Packing Labour ,Transfer,2005.0,Healthcare,deterministic_rule,high,deterministic_rule
"Rice, zainab horlicks, arqa gulab, feder etc",Expense,2005.0,Healthcare,deterministic_rule,high,deterministic_rule
Riddhi Medicine,Expense,2005.0,Healthcare,deterministic_rule,high,deterministic_rule
S25 paint Labor account paid cash to Zafar,Expense,2005.0,Healthcare,deterministic_rule,high,deterministic_rule
"SA medicine,test",Expense,2005.0,Healthcare,deterministic_rule,high,deterministic_rule
SBL Lab machine,Income,2005.0,Healthcare,deterministic_rule,high,deterministic_rule
SPAR - medicine,Expense,2005.0,Healthcare,deterministic_rule,high,deterministic_rule
Saad Medicines,Expense,2005.0,Healthcare,deterministic_rule,high,deterministic_rule
Sabri medical token,Income,2005.0,Healthcare,deterministic_rule,high,deterministic_rule
"Sadaf Medicine , GTN for piles , from Bin Hashim",Expense,2005.0,Healthcare,deterministic_rule,high,deterministic_rule
Sagar Medicine ,Expense,2005.0,Healthcare,deterministic_rule,high,deterministic_rule
Sajid for medicine and service,Expense,2005.0,Healthcare,deterministic_rule,high,deterministic_rule
Samar medical checkup and medicine ,Expense,2005.0,Healthcare,deterministic_rule,high,deterministic_rule
Samosa n Namak Pari n Jalabi,Expense,2005.0,Healthcare,deterministic_rule,high,deterministic_rule
Sanitary fittings labour extra work,Expense,2005.0,Healthcare,deterministic_rule,high,deterministic_rule
Serwat @ Poly Clinic,Expense,2005.0,Healthcare,deterministic_rule,high,deterministic_rule
Serwat X-RAY and medicine ,Expense,2005.0,Healthcare,deterministic_rule,high,deterministic_rule
Shalamar Hospital,Expense,2005.0,Healthcare,deterministic_rule,high,deterministic_rule
Shama medicine,Expense,2005.0,Healthcare,deterministic_rule,high,deterministic_rule
Shano for Medicine ,Expense,2005.0,Healthcare,deterministic_rule,high,deterministic_rule
Shanzay doctor fee and medicine ,Expense,2005.0,Healthcare,deterministic_rule,high,deterministic_rule
Sharmeen Medicines ,Expense,2005.0,Healthcare,deterministic_rule,high,deterministic_rule
Shaukat medical,Expense,2005.0,Healthcare,deterministic_rule,high,deterministic_rule
Shaukat medicines,Expense,2005.0,Healthcare,deterministic_rule,high,deterministic_rule
Shifa hospital doctor fee,Expense,2005.0,Healthcare,deterministic_rule,high,deterministic_rule
Shiraz medicine ,Expense,2005.0,Healthcare,deterministic_rule,high,deterministic_rule
Shirjeel medicine ,Expense,2005.0,Healthcare,deterministic_rule,high,deterministic_rule
Sofa labour,Expense,2005.0,Healthcare,deterministic_rule,high,deterministic_rule
Soud Lab,Income,2005.0,Healthcare,deterministic_rule,high,deterministic_rule
Sting & cash to Butt in hospital,Expense,2005.0,Healthcare,deterministic_rule,high,deterministic_rule
Sugercane labour Advance ,Transfer,2005.0,Healthcare,deterministic_rule,high,deterministic_rule
Sumia medicine ,Expense,2005.0,Healthcare,deterministic_rule,high,deterministic_rule
Syllabus and annual fees,Expense,2005.0,Healthcare,deterministic_rule,high,deterministic_rule
Synus Medicine,Expense,2005.0,Healthcare,deterministic_rule,high,deterministic_rule
Test + medical ,Expense,2005.0,Healthcare,deterministic_rule,high,deterministic_rule
Test AF and Labkur room,Expense,2005.0,Healthcare,deterministic_rule,high,deterministic_rule
To Faisalabad,Expense,2005.0,Healthcare,deterministic_rule,high,deterministic_rule
To Medical Center,Expense,2005.0,Healthcare,deterministic_rule,high,deterministic_rule
Toll Plaza Ticket and Parking Ticket at Shalamar Hospital,Expense,2005.0,Healthcare,deterministic_rule,high,deterministic_rule
Toothpaste from Ad Dawa pharmacy ,Expense,2005.0,Healthcare,deterministic_rule,high,deterministic_rule
Toothpaste yogurt and medicine ,Expense,2005.0,Healthcare,deterministic_rule,high,deterministic_rule
Toseef ko diye hala site or shahdad pur labor k,Expense,2005.0,Healthcare,deterministic_rule,high,deterministic_rule
Two Lab Reports ,Income,2005.0,Healthcare,deterministic_rule,high,deterministic_rule
Two Labs,Income,2005.0,Healthcare,deterministic_rule,high,deterministic_rule
UPS labor,Expense,2005.0,Healthcare,deterministic_rule,high,deterministic_rule
UTI medicine,Expense,2005.0,Healthcare,deterministic_rule,high,deterministic_rule
Umair Medicine,Expense,2005.0,Healthcare,deterministic_rule,high,deterministic_rule
Urooj Medicine CAC 1000,Expense,2005.0,Healthcare,deterministic_rule,high,deterministic_rule
Vaccine+Injection+Medicines,Expense,2005.0,Healthcare,deterministic_rule,high,deterministic_rule
Vaccines Rs900 n medicine Rs 1200,Expense,2005.0,Healthcare,deterministic_rule,high,deterministic_rule
WATCH + UNIFORM + MEDICINE,Expense,2005.0,Healthcare,deterministic_rule,high,deterministic_rule
Wali Doctor,Expense,2005.0,Healthcare,deterministic_rule,high,deterministic_rule
Wali Doctor Fee,Expense,2005.0,Healthcare,deterministic_rule,high,deterministic_rule
Wali Medicine,Expense,2005.0,Healthcare,deterministic_rule,high,deterministic_rule
Wali Medicine etc. ,Expense,2005.0,Healthcare,deterministic_rule,high,deterministic_rule
Wasif cigg drink and medicine,Expense,2005.0,Healthcare,deterministic_rule,high,deterministic_rule
"Water Bottle, Medicine",Expense,2005.0,Healthcare,deterministic_rule,high,deterministic_rule
"Welding Saman 2000
Welding labour 1000",Expense,2005.0,Healthcare,deterministic_rule,high,deterministic_rule
"Wife medicine
",Expense,2005.0,Healthcare,deterministic_rule,high,deterministic_rule
Yousef lab report,Income,2005.0,Healthcare,deterministic_rule,high,deterministic_rule
Zakat to indushospital,Expense,2005.0,Healthcare,deterministic_rule,high,deterministic_rule
Zara hospital stay,Expense,2005.0,Healthcare,deterministic_rule,high,deterministic_rule
Zeeshan bhai ko 5000 diye thy. for online medical payment ,Income,2005.0,Healthcare,deterministic_rule,high,deterministic_rule
"Zufah medicine elytroxin
",Expense,2005.0,Healthcare,deterministic_rule,high,deterministic_rule
aafreen doctor,Expense,2005.0,Healthcare,deterministic_rule,high,deterministic_rule
aai medicines ,Expense,2005.0,Healthcare,deterministic_rule,high,deterministic_rule
aashree allergy medicine,Expense,2005.0,Healthcare,deterministic_rule,high,deterministic_rule
abba medicine ,Expense,2005.0,Healthcare,deterministic_rule,high,deterministic_rule
abba medicines ,Expense,2005.0,Healthcare,deterministic_rule,high,deterministic_rule
abbas medicines ,Expense,2005.0,Healthcare,deterministic_rule,high,deterministic_rule
abbu doctor,Expense,2005.0,Healthcare,deterministic_rule,high,deterministic_rule
abu ki medicine ,Expense,2005.0,Healthcare,deterministic_rule,high,deterministic_rule
abu medicine + test,Expense,2005.0,Healthcare,deterministic_rule,high,deterministic_rule
abu medicine easyday ,Expense,2005.0,Healthcare,deterministic_rule,high,deterministic_rule
abu medicines,Expense,2005.0,Healthcare,deterministic_rule,high,deterministic_rule
ac and truck labor,Expense,2005.0,Healthcare,deterministic_rule,high,deterministic_rule
adnan hospital ,Expense,2005.0,Healthcare,deterministic_rule,high,deterministic_rule
adv sheraz lab ,Transfer,2005.0,Healthcare,deterministic_rule,high,deterministic_rule
agha kha lab test,Expense,2005.0,Healthcare,deterministic_rule,high,deterministic_rule
agrawal medical medical complex,Expense,2005.0,Healthcare,deterministic_rule,high,deterministic_rule
ahmed ali labour eidi,Transfer,2005.0,Healthcare,deterministic_rule,high,deterministic_rule
aijaz duckting (cable tray) labour,Transfer,2005.0,Healthcare,deterministic_rule,high,deterministic_rule
ali saad chkup and medicine,Expense,2005.0,Healthcare,deterministic_rule,high,deterministic_rule
ali saad medicine,Expense,2005.0,Healthcare,deterministic_rule,high,deterministic_rule
alishba medicine,Expense,2005.0,Healthcare,deterministic_rule,high,deterministic_rule
aliza medicine ,Expense,2005.0,Healthcare,deterministic_rule,high,deterministic_rule
ami abu medicine ,Expense,2005.0,Healthcare,deterministic_rule,high,deterministic_rule
ami gee ki medicine ,Expense,2005.0,Healthcare,deterministic_rule,high,deterministic_rule
ami medicine + Sheraz pocket money ,Expense,2005.0,Healthcare,deterministic_rule,high,deterministic_rule
ami medicine bp+ eye drops + sugar ,Expense,2005.0,Healthcare,deterministic_rule,high,deterministic_rule
ami medicine dapa met,Expense,2005.0,Healthcare,deterministic_rule,high,deterministic_rule
ami medicine insulin ,Expense,2005.0,Healthcare,deterministic_rule,high,deterministic_rule
ami medicines,Expense,2005.0,Healthcare,deterministic_rule,high,deterministic_rule
ami visit to doctor ,Expense,2005.0,Healthcare,deterministic_rule,high,deterministic_rule
amis medicine ,Expense,2005.0,Healthcare,deterministic_rule,high,deterministic_rule
ammar medicine ,Expense,2005.0,Healthcare,deterministic_rule,high,deterministic_rule
ammi abbu medicine,Expense,2005.0,Healthcare,deterministic_rule,high,deterministic_rule
ammi doctor,Expense,2005.0,Healthcare,deterministic_rule,high,deterministic_rule
ammi hospital,Expense,2005.0,Healthcare,deterministic_rule,high,deterministic_rule
anabia dr. fee + medicine,Expense,2005.0,Healthcare,deterministic_rule,high,deterministic_rule
anam & my medicine,Expense,2005.0,Healthcare,deterministic_rule,high,deterministic_rule
"annie. ultra sound, doctor fee",Expense,2005.0,Healthcare,deterministic_rule,high,deterministic_rule
anti rehana medicine ,Expense,2005.0,Healthcare,deterministic_rule,high,deterministic_rule
anum hospital,Expense,2005.0,Healthcare,deterministic_rule,high,deterministic_rule
anwaar Bhai medicine,Expense,2005.0,Healthcare,deterministic_rule,high,deterministic_rule
archadia medical,Expense,2005.0,Healthcare,deterministic_rule,high,deterministic_rule
arham clinic usman,Expense,2005.0,Healthcare,deterministic_rule,high,deterministic_rule
aro doctor fees,Expense,2005.0,Healthcare,deterministic_rule,high,deterministic_rule
aro hospital expenses,Expense,2005.0,Healthcare,deterministic_rule,high,deterministic_rule
aro medicine,Expense,2005.0,Healthcare,deterministic_rule,high,deterministic_rule
arooj medicine,Expense,2005.0,Healthcare,deterministic_rule,high,deterministic_rule
arsala medicine,Expense,2005.0,Healthcare,deterministic_rule,high,deterministic_rule
ashok for labour 4 days,Expense,2005.0,Healthcare,deterministic_rule,high,deterministic_rule
at dow lab ama report ,Expense,2005.0,Healthcare,deterministic_rule,high,deterministic_rule
at hospital ,Expense,2005.0,Healthcare,deterministic_rule,high,deterministic_rule
aunty darman medicine,Expense,2005.0,Healthcare,deterministic_rule,high,deterministic_rule
baby medicine,Expense,2005.0,Healthcare,approved_mapping,very_high,approved_mapping
"baby medicines. for cough, allergy etc.",Expense,2005.0,Healthcare,deterministic_rule,high,deterministic_rule
baji medical tests ,Expense,2005.0,Healthcare,deterministic_rule,high,deterministic_rule
bank online imran but faislabaf for P. supply ,Expense,2005.0,Healthcare,deterministic_rule,high,deterministic_rule
bari ammi medical,Expense,2005.0,Healthcare,deterministic_rule,high,deterministic_rule
"begum Doctor, zeenat k ghar gaye",Expense,2005.0,Healthcare,deterministic_rule,high,deterministic_rule
begum ki medicines ,Expense,2005.0,Healthcare,deterministic_rule,high,deterministic_rule
bhai bhai medical ,Expense,2005.0,Healthcare,deterministic_rule,high,deterministic_rule
bhai medicals,Expense,2005.0,Healthcare,deterministic_rule,high,deterministic_rule
bike maintenance labour,Expense,2005.0,Healthcare,deterministic_rule,high,deterministic_rule
bolt medicine,Expense,2005.0,Healthcare,deterministic_rule,high,deterministic_rule
bottle labour,Expense,2005.0,Healthcare,deterministic_rule,high,deterministic_rule
boy birth hospital expenses with medicines ,Expense,2005.0,Healthcare,deterministic_rule,high,deterministic_rule
bp medicine ,Expense,2005.0,Healthcare,deterministic_rule,high,deterministic_rule
bricks 1500 labour ,Transfer,2005.0,Healthcare,deterministic_rule,high,deterministic_rule
bua on saifi hospital,Expense,2005.0,Healthcare,deterministic_rule,high,deterministic_rule
burgerlab,Expense,2005.0,Healthcare,deterministic_rule,high,deterministic_rule
cantt lab tests,Expense,2005.0,Healthcare,deterministic_rule,high,deterministic_rule
car labor,Expense,2005.0,Healthcare,deterministic_rule,high,deterministic_rule
"cash taken at hospital
",Expense,2005.0,Healthcare,deterministic_rule,high,deterministic_rule
cash taken for aayma hospital and iza b. day,Income,2005.0,Healthcare,deterministic_rule,high,deterministic_rule
cavalry hospital,Expense,2005.0,Healthcare,deterministic_rule,high,deterministic_rule
ceiling labour ,Expense,2005.0,Healthcare,deterministic_rule,high,deterministic_rule
ceilings labour ,Expense,2005.0,Healthcare,deterministic_rule,high,deterministic_rule
chal 5 tel2 laban dal 1/2,Expense,2005.0,Healthcare,deterministic_rule,high,deterministic_rule
cleared loan money to danish paid to doctor ,Transfer,2005.0,Healthcare,deterministic_rule,high,deterministic_rule
clinic,Income,2005.0,Healthcare,deterministic_rule,high,deterministic_rule
coffee for my selt at CDA Hospital and pakoras for mother. ,Expense,2005.0,Healthcare,deterministic_rule,high,deterministic_rule
curtain Labor,Expense,2005.0,Healthcare,deterministic_rule,high,deterministic_rule
dad medicine,Expense,2005.0,Healthcare,deterministic_rule,high,deterministic_rule
dad medicines ,Expense,2005.0,Healthcare,deterministic_rule,high,deterministic_rule
dalle labim,Expense,2005.0,Healthcare,deterministic_rule,high,deterministic_rule
daud k hath hospital bhejay,Expense,2005.0,Healthcare,deterministic_rule,high,deterministic_rule
dental treatment medicines ,Expense,2005.0,Healthcare,deterministic_rule,high,deterministic_rule
didi medicine,Expense,2005.0,Healthcare,deterministic_rule,high,deterministic_rule
doc plus medicine kanwal,Expense,2005.0,Healthcare,deterministic_rule,high,deterministic_rule
doctor,Expense,2005.0,Healthcare,deterministic_rule,high,deterministic_rule
doctor ammi,Expense,2005.0,Healthcare,deterministic_rule,high,deterministic_rule
doctor appointment fees,Expense,2005.0,Healthcare,deterministic_rule,high,deterministic_rule
doctor expenses  muzaml,Expense,2005.0,Healthcare,deterministic_rule,high,deterministic_rule
"doctor fee DR Qadar
",Expense,2005.0,Healthcare,deterministic_rule,high,deterministic_rule
doctor fee and medicine,Expense,2005.0,Healthcare,deterministic_rule,high,deterministic_rule
doctor fee eshal,Expense,2005.0,Healthcare,deterministic_rule,high,deterministic_rule
doctor hassan,Expense,2005.0,Healthcare,deterministic_rule,high,deterministic_rule
doctor jamal noor for accidant 2 injections,Expense,2005.0,Healthcare,deterministic_rule,high,deterministic_rule
doctor medicine,Expense,2005.0,Healthcare,deterministic_rule,high,deterministic_rule
doctor naz,Expense,2005.0,Healthcare,deterministic_rule,high,deterministic_rule
doctor sindhu fees usman,Expense,2005.0,Healthcare,deterministic_rule,high,deterministic_rule
doctor skin,Expense,2005.0,Healthcare,deterministic_rule,high,deterministic_rule
doctor waseem,Expense,2005.0,Healthcare,deterministic_rule,high,deterministic_rule
doctors fee,Expense,2005.0,Healthcare,deterministic_rule,high,deterministic_rule
dow lab,Expense,2005.0,Healthcare,deterministic_rule,high,deterministic_rule
dr farooque fee and medicine,Expense,2005.0,Healthcare,deterministic_rule,high,deterministic_rule
dr saba medicines and fees,Expense,2005.0,Healthcare,deterministic_rule,high,deterministic_rule
dr shoaib n medicine ,Expense,2005.0,Healthcare,deterministic_rule,high,deterministic_rule
dr.bahaa clinic,Expense,2005.0,Healthcare,deterministic_rule,high,deterministic_rule
"dry clean, hair cut, medicine ",Expense,2005.0,Healthcare,deterministic_rule,high,deterministic_rule
eating in hospital,Expense,2005.0,Healthcare,deterministic_rule,high,deterministic_rule
eesha hair medicine,Expense,2005.0,Healthcare,deterministic_rule,high,deterministic_rule
egg and medicine,Expense,2005.0,Healthcare,deterministic_rule,high,deterministic_rule
electrician home labour,Expense,2005.0,Healthcare,deterministic_rule,high,deterministic_rule
ent check and medicine,Expense,2005.0,Healthcare,deterministic_rule,high,deterministic_rule
esspresso lab,Expense,2005.0,Healthcare,deterministic_rule,high,deterministic_rule
eye medicine ,Expense,2005.0,Healthcare,deterministic_rule,high,deterministic_rule
face treatment at sadaf yahya hospital ,Expense,2005.0,Healthcare,deterministic_rule,high,deterministic_rule
father's medical,Transfer,2005.0,Healthcare,deterministic_rule,high,deterministic_rule
for labib,Expense,2005.0,Healthcare,deterministic_rule,high,deterministic_rule
for medicine,Expense,2005.0,Healthcare,deterministic_rule,high,deterministic_rule
for medicines,Transfer,2005.0,Healthcare,deterministic_rule,high,deterministic_rule
for munji labour and diesel,Expense,2005.0,Healthcare,deterministic_rule,high,deterministic_rule
for tarazi to labour,Expense,2005.0,Healthcare,deterministic_rule,high,deterministic_rule
gec hospital,Expense,2005.0,Healthcare,deterministic_rule,high,deterministic_rule
ghauri lab,Expense,2005.0,Healthcare,deterministic_rule,high,deterministic_rule
ghauri lab tests,Expense,2005.0,Healthcare,deterministic_rule,high,deterministic_rule
"glint, gulab arq, keune",Expense,2005.0,Healthcare,deterministic_rule,high,deterministic_rule
glycern laban,Expense,2005.0,Healthcare,deterministic_rule,high,deterministic_rule
goat doctor ,Expense,2005.0,Healthcare,deterministic_rule,high,deterministic_rule
google play console developers account fire octopus labs,Expense,2005.0,Healthcare,deterministic_rule,high,deterministic_rule
grewal hospital ,Expense,2005.0,Healthcare,deterministic_rule,high,deterministic_rule
gulab jaman,Expense,2005.0,Healthcare,deterministic_rule,high,deterministic_rule
gulab jaman at bundu khan,Expense,2005.0,Healthcare,deterministic_rule,high,deterministic_rule
gulab jamun,Expense,2005.0,Healthcare,deterministic_rule,high,deterministic_rule
gulab jamun sugar,Expense,2005.0,Healthcare,deterministic_rule,high,deterministic_rule
gully medicines,Expense,2005.0,Healthcare,deterministic_rule,high,deterministic_rule
hair doctor and medicine ,Expense,2005.0,Healthcare,deterministic_rule,high,deterministic_rule
haji labour eidi,Transfer,2005.0,Healthcare,deterministic_rule,high,deterministic_rule
hamdan medicine ,Income,2005.0,Healthcare,deterministic_rule,high,deterministic_rule
hammad house and goat doctor ,Expense,2005.0,Healthcare,deterministic_rule,high,deterministic_rule
hamza medicine,Expense,2005.0,Healthcare,deterministic_rule,high,deterministic_rule
hanno medicines,Expense,2005.0,Healthcare,deterministic_rule,high,deterministic_rule
helping for someone medicine,Expense,2005.0,Healthcare,deterministic_rule,high,deterministic_rule
himal pharmacy,Transfer,2005.0,Healthcare,deterministic_rule,high,deterministic_rule
home medicine,Expense,2005.0,Healthcare,deterministic_rule,high,deterministic_rule
homeo medicines,Expense,2005.0,Healthcare,deterministic_rule,high,deterministic_rule
honda spark plugs 4600 and 500 labor,Expense,2005.0,Healthcare,deterministic_rule,high,deterministic_rule
hoorain and zoha medical,Expense,2005.0,Healthcare,deterministic_rule,high,deterministic_rule
hospital eating. Noni me and daddy,Expense,2005.0,Healthcare,deterministic_rule,high,deterministic_rule
hospital germal,Expense,2005.0,Healthcare,deterministic_rule,high,deterministic_rule
hospital meals,Expense,2005.0,Healthcare,deterministic_rule,high,deterministic_rule
hospital staff,Expense,2005.0,Healthcare,deterministic_rule,high,deterministic_rule
hospital.. took out 200 but spent about 60rmb total,Expense,2005.0,Healthcare,deterministic_rule,high,deterministic_rule
hospitality to Sir irfan shah arid and waqas ch 85,Expense,2005.0,Healthcare,deterministic_rule,high,deterministic_rule
house medicine ,Expense,2005.0,Healthcare,deterministic_rule,high,deterministic_rule
house medicine.,Expense,2005.0,Healthcare,deterministic_rule,high,deterministic_rule
houses medicine.,Expense,2005.0,Healthcare,deterministic_rule,high,deterministic_rule
hurain doc fees and medicine,Expense,2005.0,Healthcare,deterministic_rule,high,deterministic_rule
imamul haq lab machine heater,Transfer,2005.0,Healthcare,deterministic_rule,high,deterministic_rule
imamulhaq lab H.T machine heater,Transfer,2005.0,Healthcare,deterministic_rule,high,deterministic_rule
insiya hospital bill,Expense,2005.0,Healthcare,deterministic_rule,high,deterministic_rule
insulin sugar medicine ,Expense,2005.0,Healthcare,deterministic_rule,high,deterministic_rule
iqbal labor 30 +5K,Expense,2005.0,Healthcare,deterministic_rule,high,deterministic_rule
"iron plates for jourian khurd tower
channel & angle for Ali Antitiwsit
800/- labor & hole charges",Expense,2005.0,Healthcare,deterministic_rule,high,deterministic_rule
jav hospital,Expense,2005.0,Healthcare,deterministic_rule,high,deterministic_rule
jav medicine,Expense,2005.0,Healthcare,deterministic_rule,high,deterministic_rule
javeria medicine ,Expense,2005.0,Healthcare,deterministic_rule,high,deterministic_rule
jja medicine,Expense,2005.0,Healthcare,deterministic_rule,high,deterministic_rule
kanwal dr. fee + medicine,Expense,2005.0,Healthcare,deterministic_rule,high,deterministic_rule
karachi lab payment,Income,2005.0,Healthcare,deterministic_rule,high,deterministic_rule
kelshikar  hospital ,Expense,2005.0,Healthcare,deterministic_rule,high,deterministic_rule
kelsikar hospital ,Expense,2005.0,Healthcare,deterministic_rule,high,deterministic_rule
"key, medicine, cockroach kill ",Expense,2005.0,Healthcare,deterministic_rule,high,deterministic_rule
kids pickup from clinic and ice cream. ,Expense,2005.0,Healthcare,deterministic_rule,high,deterministic_rule
kitchen slab ,Transfer,2005.0,Healthcare,deterministic_rule,high,deterministic_rule
kitu medicine,Expense,2005.0,Healthcare,deterministic_rule,high,deterministic_rule
klsm medical tests,Transfer,2005.0,Healthcare,deterministic_rule,high,deterministic_rule
komal doctor appointment and medicines ,Expense,2005.0,Healthcare,deterministic_rule,high,deterministic_rule
krn medicine ,Expense,2005.0,Healthcare,deterministic_rule,high,deterministic_rule
lab a/c repairing,Transfer,2005.0,Healthcare,deterministic_rule,high,deterministic_rule
lab eidi,Transfer,2005.0,Healthcare,deterministic_rule,high,deterministic_rule
lab sheets ,Expense,2005.0,Healthcare,deterministic_rule,high,deterministic_rule
labaneese,Expense,2005.0,Healthcare,deterministic_rule,high,deterministic_rule
laben and tamees,Expense,2005.0,Healthcare,deterministic_rule,high,deterministic_rule
labim parking after Kabir,Expense,2005.0,Healthcare,deterministic_rule,high,deterministic_rule
"labnegh
",Expense,2005.0,Healthcare,deterministic_rule,high,deterministic_rule
labor,Expense,2005.0,Healthcare,deterministic_rule,high,deterministic_rule
labor cleaning first floor and ground room,Expense,2005.0,Healthcare,deterministic_rule,high,deterministic_rule
labor: 600 element: 800 return valve:350 safety valve:250 other repair:150,Expense,2005.0,Healthcare,deterministic_rule,high,deterministic_rule
labour,Expense,2005.0,Healthcare,deterministic_rule,high,deterministic_rule
"labour , change oil",Expense,2005.0,Healthcare,deterministic_rule,high,deterministic_rule
labour 9 july to 14 july,Expense,2005.0,Healthcare,deterministic_rule,high,deterministic_rule
labour at dha,Expense,2005.0,Healthcare,deterministic_rule,high,deterministic_rule
labour for pop,Expense,2005.0,Healthcare,deterministic_rule,high,deterministic_rule
labour for steel cutting,Expense,2005.0,Healthcare,deterministic_rule,high,deterministic_rule
"labour for steel cutting, shifting and fixing",Expense,2005.0,Healthcare,deterministic_rule,high,deterministic_rule
labour of electrician,Expense,2005.0,Healthcare,deterministic_rule,high,deterministic_rule
labour shifting,Expense,2005.0,Healthcare,deterministic_rule,high,deterministic_rule
labour wage for machin thara break,Transfer,2005.0,Healthcare,deterministic_rule,high,deterministic_rule
labour wtp accomodation,Expense,2005.0,Healthcare,deterministic_rule,high,deterministic_rule
labours ,Expense,2005.0,Healthcare,deterministic_rule,high,deterministic_rule
lisha medical ,Expense,2005.0,Healthcare,deterministic_rule,high,deterministic_rule
loading labor,Expense,2005.0,Healthcare,deterministic_rule,high,deterministic_rule
madi medicine,Expense,2005.0,Healthcare,deterministic_rule,high,deterministic_rule
makkai cutting Labour ,Expense,2005.0,Healthcare,deterministic_rule,high,deterministic_rule
mama ka medical claim aya ,Transfer,2005.0,Healthcare,deterministic_rule,high,deterministic_rule
mama ka medical claim aya hai,Transfer,2005.0,Healthcare,deterministic_rule,high,deterministic_rule
mama medical,Expense,2005.0,Healthcare,deterministic_rule,high,deterministic_rule
mama medical checkup,Expense,2005.0,Healthcare,deterministic_rule,high,deterministic_rule
mama medicines ,Transfer,2005.0,Healthcare,deterministic_rule,high,deterministic_rule
mami medicine ,Expense,2005.0,Healthcare,deterministic_rule,high,deterministic_rule
"mamma dawai subhan medical
",Expense,2005.0,Healthcare,deterministic_rule,high,deterministic_rule
mamo abbas medicine ,Expense,2005.0,Healthcare,deterministic_rule,high,deterministic_rule
manahil medicines and chekup,Expense,2005.0,Healthcare,deterministic_rule,high,deterministic_rule
maria medical,Income,2005.0,Healthcare,deterministic_rule,high,deterministic_rule
maryam medicine,Expense,2005.0,Healthcare,deterministic_rule,high,deterministic_rule
mcflerry Oreo in hospital,Expense,2005.0,Healthcare,deterministic_rule,high,deterministic_rule
me & mamo abbas medicine,Expense,2005.0,Healthcare,deterministic_rule,high,deterministic_rule
mechanic labour ,Expense,2005.0,Healthcare,deterministic_rule,high,deterministic_rule
medical,Income,2005.0,Healthcare,deterministic_rule,high,deterministic_rule
medical  Tahir Medical,Expense,2005.0,Healthcare,deterministic_rule,high,deterministic_rule
medical bl recvd tdy,Transfer,2005.0,Healthcare,deterministic_rule,high,deterministic_rule
medical check crdt,Transfer,2005.0,Healthcare,deterministic_rule,high,deterministic_rule
medical checkups,Expense,2005.0,Healthcare,deterministic_rule,high,deterministic_rule
medical chkup,Transfer,2005.0,Healthcare,deterministic_rule,high,deterministic_rule
medical claim,Income,2005.0,Healthcare,deterministic_rule,high,deterministic_rule
medical claim aya hai ,Transfer,2005.0,Healthcare,deterministic_rule,high,deterministic_rule
medical claim aya hai. ,Income,2005.0,Healthcare,deterministic_rule,high,deterministic_rule
medical claim waly,Transfer,2005.0,Healthcare,deterministic_rule,high,deterministic_rule
medical embarrassment,Income,2005.0,Healthcare,deterministic_rule,high,deterministic_rule
medical insurance,Expense,2005.0,Healthcare,deterministic_rule,high,deterministic_rule
medical insurance a and r,Expense,2005.0,Healthcare,deterministic_rule,high,deterministic_rule
medical insurance reimbursement,Income,2005.0,Healthcare,deterministic_rule,high,deterministic_rule
medical maryam ,Expense,2005.0,Healthcare,deterministic_rule,high,deterministic_rule
medical offc,Income,2005.0,Healthcare,deterministic_rule,high,deterministic_rule
medical pharmacy purchase,Expense,2005.0,Healthcare,deterministic_rule,high,deterministic_rule
medical tests of mine like TSH and CBC,Expense,2005.0,Healthcare,deterministic_rule,high,deterministic_rule
medical tests tdy,Transfer,2005.0,Healthcare,deterministic_rule,high,deterministic_rule
medicare hospital,Expense,2005.0,Healthcare,deterministic_rule,high,deterministic_rule
medicine,Transfer,2005.0,Healthcare,approved_mapping,very_high,approved_mapping
"medicine + checkup nadia
",Expense,2005.0,Healthcare,deterministic_rule,high,deterministic_rule
medicine +oth,Expense,2005.0,Healthcare,deterministic_rule,high,deterministic_rule
medicine Ami and furits,Expense,2005.0,Healthcare,deterministic_rule,high,deterministic_rule
medicine CaC,Expense,2005.0,Healthcare,deterministic_rule,high,deterministic_rule
medicine Hareem ,Expense,2005.0,Healthcare,deterministic_rule,high,deterministic_rule
medicine MMJ and Mrs,Expense,2005.0,Healthcare,deterministic_rule,high,deterministic_rule
medicine Mona ,Expense,2005.0,Healthcare,deterministic_rule,high,deterministic_rule
medicine NIH,Expense,2005.0,Healthcare,deterministic_rule,high,deterministic_rule
medicine Ryan ,Expense,2005.0,Healthcare,deterministic_rule,high,deterministic_rule
medicine Sidra,Expense,2005.0,Healthcare,deterministic_rule,high,deterministic_rule
medicine Tehmena,Expense,2005.0,Healthcare,deterministic_rule,high,deterministic_rule
medicine allergy,Expense,2005.0,Healthcare,deterministic_rule,high,deterministic_rule
medicine ami,Expense,2005.0,Healthcare,deterministic_rule,high,deterministic_rule
medicine ami abu,Expense,2005.0,Healthcare,deterministic_rule,high,deterministic_rule
medicine ami abu nd maria,Expense,2005.0,Healthcare,deterministic_rule,high,deterministic_rule
medicine ammi,Expense,2005.0,Healthcare,deterministic_rule,high,deterministic_rule
medicine back pain ,Expense,2005.0,Healthcare,deterministic_rule,high,deterministic_rule
"medicine flagyl, dr koff, ethiglo",Expense,2005.0,Healthcare,deterministic_rule,high,deterministic_rule
medicine for ammi,Expense,2005.0,Healthcare,deterministic_rule,high,deterministic_rule
medicine for daddy and me ,Expense,2005.0,Healthcare,deterministic_rule,high,deterministic_rule
medicine for mmj and mrs,Expense,2005.0,Healthcare,deterministic_rule,high,deterministic_rule
medicine for next 50days,Expense,2005.0,Healthcare,deterministic_rule,high,deterministic_rule
medicine for rida ,Expense,2005.0,Healthcare,deterministic_rule,high,deterministic_rule
medicine for serwat,Expense,2005.0,Healthcare,deterministic_rule,high,deterministic_rule
medicine for sidra,Expense,2005.0,Healthcare,deterministic_rule,high,deterministic_rule
medicine for skin ,Expense,2005.0,Healthcare,deterministic_rule,high,deterministic_rule
medicine for sumaira ,Expense,2005.0,Healthcare,deterministic_rule,high,deterministic_rule
medicine from Yaqoob ,Expense,2005.0,Healthcare,deterministic_rule,high,deterministic_rule
medicine from gnc tumeric and B100,Expense,2005.0,Healthcare,deterministic_rule,high,deterministic_rule
medicine gelvasmet,Expense,2005.0,Healthcare,deterministic_rule,high,deterministic_rule
medicine home ,Expense,2005.0,Healthcare,deterministic_rule,high,deterministic_rule
medicine k ,Expense,2005.0,Healthcare,deterministic_rule,high,deterministic_rule
medicine knees,Expense,2005.0,Healthcare,deterministic_rule,high,deterministic_rule
medicine maa jee,Expense,2005.0,Healthcare,deterministic_rule,high,deterministic_rule
medicine maham ,Expense,2005.0,Healthcare,deterministic_rule,high,deterministic_rule
medicine mom,Expense,2005.0,Healthcare,deterministic_rule,high,deterministic_rule
medicine osteocare,Expense,2005.0,Healthcare,deterministic_rule,high,deterministic_rule
medicine pain killer mother,Expense,2005.0,Healthcare,deterministic_rule,high,deterministic_rule
medicine papa ,Expense,2005.0,Healthcare,deterministic_rule,high,deterministic_rule
medicine s,Expense,2005.0,Healthcare,deterministic_rule,high,deterministic_rule
medicine school dress iron,Expense,2005.0,Healthcare,deterministic_rule,high,deterministic_rule
medicine wahaj,Expense,2005.0,Healthcare,deterministic_rule,high,deterministic_rule
medicine.,Expense,2005.0,Healthcare,deterministic_rule,high,deterministic_rule
"medicinee
",Transfer,2005.0,Healthcare,deterministic_rule,high,deterministic_rule
medicines,Transfer,2005.0,Healthcare,approved_mapping,very_high,approved_mapping
medicines Annie,Expense,2005.0,Healthcare,deterministic_rule,high,deterministic_rule
medicines ami,Expense,2005.0,Healthcare,deterministic_rule,high,deterministic_rule
medicines back pain ,Expense,2005.0,Healthcare,deterministic_rule,high,deterministic_rule
medicines followup,Transfer,2005.0,Healthcare,deterministic_rule,high,deterministic_rule
medicines for bp ,Expense,2005.0,Healthcare,deterministic_rule,high,deterministic_rule
medicines gull bhai,Expense,2005.0,Healthcare,deterministic_rule,high,deterministic_rule
medicines home,Expense,2005.0,Healthcare,deterministic_rule,high,deterministic_rule
medicines papa asad,Expense,2005.0,Healthcare,deterministic_rule,high,deterministic_rule
megha medicines ,Expense,2005.0,Healthcare,deterministic_rule,high,deterministic_rule
migrane medicine ,Expense,2005.0,Healthcare,deterministic_rule,high,deterministic_rule
misc and medical,Expense,2005.0,Healthcare,deterministic_rule,high,deterministic_rule
mishal medicine ,Expense,2005.0,Healthcare,deterministic_rule,high,deterministic_rule
mistri labor,Expense,2005.0,Healthcare,deterministic_rule,high,deterministic_rule
mom medicine,Expense,2005.0,Healthcare,deterministic_rule,high,deterministic_rule
"mom medicines,pyar ali",Expense,2005.0,Healthcare,deterministic_rule,high,deterministic_rule
moms medicine,Expense,2005.0,Healthcare,deterministic_rule,high,deterministic_rule
money for medicines,Expense,2005.0,Healthcare,deterministic_rule,high,deterministic_rule
monthly medicines,Expense,2005.0,Healthcare,deterministic_rule,high,deterministic_rule
moon pharmacy,Expense,2005.0,Healthcare,deterministic_rule,high,deterministic_rule
mother medicine remaining amount,Expense,2005.0,Healthcare,deterministic_rule,high,deterministic_rule
motorcycle parking 2 time in lahore darbar and jinnah hospital ,Expense,2005.0,Healthcare,deterministic_rule,high,deterministic_rule
mum doctor,Expense,2005.0,Healthcare,deterministic_rule,high,deterministic_rule
mum medicine,Expense,2005.0,Healthcare,deterministic_rule,high,deterministic_rule
munji labour ,Expense,2005.0,Healthcare,deterministic_rule,high,deterministic_rule
my chekup at burhani hospital,Expense,2005.0,Healthcare,deterministic_rule,high,deterministic_rule
nayab lab and js bank visit,Expense,2005.0,Healthcare,deterministic_rule,high,deterministic_rule
nayab lab cheques collection f8 deposit ,Expense,2005.0,Healthcare,deterministic_rule,high,deterministic_rule
net cash for hospital ,Expense,2005.0,Healthcare,deterministic_rule,high,deterministic_rule
noor bhahtti labor mazdori,Expense,2005.0,Healthcare,deterministic_rule,high,deterministic_rule
office to Al helal hospital by shohoz,Expense,2005.0,Healthcare,deterministic_rule,high,deterministic_rule
om doctor ,Expense,2005.0,Healthcare,deterministic_rule,high,deterministic_rule
paid for ammi hospital,Transfer,2005.0,Healthcare,deterministic_rule,high,deterministic_rule
paid to ashok for labour ,Expense,2005.0,Healthcare,deterministic_rule,high,deterministic_rule
paid to biller and medicines account ,Expense,2005.0,Healthcare,deterministic_rule,high,deterministic_rule
"paid to hospital ammi
",Transfer,2005.0,Healthcare,deterministic_rule,high,deterministic_rule
paint labour,Expense,2005.0,Healthcare,deterministic_rule,high,deterministic_rule
palak medicine,Expense,2005.0,Healthcare,deterministic_rule,high,deterministic_rule
parking at Lahore Medicare eye hospital,Expense,2005.0,Healthcare,deterministic_rule,high,deterministic_rule
pathar labor,Expense,2005.0,Healthcare,deterministic_rule,high,deterministic_rule
pay to irfan bricks for Gutka Labour ,Expense,2005.0,Healthcare,deterministic_rule,high,deterministic_rule
payment labor carpenter doors,Expense,2005.0,Healthcare,deterministic_rule,high,deterministic_rule
pcr test medical,Transfer,2005.0,Healthcare,deterministic_rule,high,deterministic_rule
photocopies wajiha Hospital notes ,Expense,2005.0,Healthcare,deterministic_rule,high,deterministic_rule
photocopy medical bills,Expense,2005.0,Healthcare,deterministic_rule,high,deterministic_rule
plumbing labor basharat,Expense,2005.0,Healthcare,deterministic_rule,high,deterministic_rule
prachi medicine,Expense,2005.0,Healthcare,deterministic_rule,high,deterministic_rule
prish medicine,Expense,2005.0,Healthcare,deterministic_rule,high,deterministic_rule
qasim medicine,Expense,2005.0,Healthcare,deterministic_rule,high,deterministic_rule
rabia doctor checkup at hameedah hospital,Expense,2005.0,Healthcare,deterministic_rule,high,deterministic_rule
"rainbow, veggies, medicine ",Expense,2005.0,Healthcare,deterministic_rule,high,deterministic_rule
rajah medicines ,Expense,2005.0,Healthcare,deterministic_rule,high,deterministic_rule
ram hospital,Expense,2005.0,Healthcare,deterministic_rule,high,deterministic_rule
ram hospital vadodara,Expense,2005.0,Healthcare,deterministic_rule,high,deterministic_rule
ramzan labor,Expense,2005.0,Healthcare,deterministic_rule,high,deterministic_rule
rayan medicine ,Expense,2005.0,Healthcare,deterministic_rule,high,deterministic_rule
received against medical abba g,Income,2005.0,Healthcare,deterministic_rule,high,deterministic_rule
received from Nadia for the payment for medicines Usman bought for her friend,Income,2005.0,Healthcare,deterministic_rule,high,deterministic_rule
reimbursement medical ,Income,2005.0,Healthcare,deterministic_rule,high,deterministic_rule
"riksha fair to home, hospital and home and then to office",Expense,2005.0,Healthcare,deterministic_rule,high,deterministic_rule
"riz doctor fees 
",Expense,2005.0,Healthcare,deterministic_rule,high,deterministic_rule
rmz pd nsr askd medical tsts,Transfer,2005.0,Healthcare,deterministic_rule,high,deterministic_rule
room service Sarena hotel Faisalabad,Expense,2005.0,Healthcare,deterministic_rule,high,deterministic_rule
router labour and diesel for 10000,Expense,2005.0,Healthcare,deterministic_rule,high,deterministic_rule
rubeka ko diye hospital jaty,Expense,2005.0,Healthcare,deterministic_rule,high,deterministic_rule
rusk medicine polish ,Expense,2005.0,Healthcare,deterministic_rule,high,deterministic_rule
saad circumcise at landhi 4 mukhtar medical,Expense,2005.0,Healthcare,deterministic_rule,high,deterministic_rule
saba clinics dehli colony,Expense,2005.0,Healthcare,deterministic_rule,high,deterministic_rule
sadia medicine,Expense,2005.0,Healthcare,deterministic_rule,high,deterministic_rule
sahara medicine,Expense,2005.0,Healthcare,deterministic_rule,high,deterministic_rule
samer doctor,Expense,2005.0,Healthcare,deterministic_rule,high,deterministic_rule
samina younger  phupho hospital visit,Expense,2005.0,Healthcare,deterministic_rule,high,deterministic_rule
"samosy, jalabi and biscuit for office. ",Expense,2005.0,Healthcare,deterministic_rule,high,deterministic_rule
sana medicine,Expense,2005.0,Healthcare,deterministic_rule,high,deterministic_rule
self Doctor,Expense,2005.0,Healthcare,deterministic_rule,high,deterministic_rule
sent to Amaa for medicine and doctor,Expense,2005.0,Healthcare,deterministic_rule,high,deterministic_rule
shabir medicine ,Transfer,2005.0,Healthcare,deterministic_rule,high,deterministic_rule
shani medicine,Expense,2005.0,Healthcare,deterministic_rule,high,deterministic_rule
sharaz pocket money + abu medicine ,Expense,2005.0,Healthcare,deterministic_rule,high,deterministic_rule
sharik deva ko diye . labour k ,Expense,2005.0,Healthcare,deterministic_rule,high,deterministic_rule
shazi hospital stitches ,Expense,2005.0,Healthcare,deterministic_rule,high,deterministic_rule
sheroz ko diye medicine k jobloye the.,Expense,2005.0,Healthcare,deterministic_rule,high,deterministic_rule
"shop#27 sabz Mandi skt
16ch DVR
40m IR *4 hilook can
20m dome*3 cam
20m buallet *1 cam
power supply
cabinet
BNC wire 
labor",Income,2005.0,Healthcare,deterministic_rule,high,deterministic_rule
shuttering wale 42000 ke sath 3000 labour khata,Expense,2005.0,Healthcare,deterministic_rule,high,deterministic_rule
sidra medical expenses,Transfer,2005.0,Healthcare,deterministic_rule,high,deterministic_rule
skin clinic,Expense,2005.0,Healthcare,deterministic_rule,high,deterministic_rule
skin doctor,Expense,2005.0,Healthcare,deterministic_rule,high,deterministic_rule
sufian medicine ,Expense,2005.0,Healthcare,deterministic_rule,high,deterministic_rule
"sufyan Wateen 
44000/- 40f tower
900/- 60f stay wire
450/- tunbuckle
6000/- labor of 60f
51350/- total",Income,2005.0,Healthcare,deterministic_rule,high,deterministic_rule
suits bichoni and medicine,Expense,2005.0,Healthcare,deterministic_rule,high,deterministic_rule
sumbal medicine,Expense,2005.0,Healthcare,deterministic_rule,high,deterministic_rule
sunday charges to labour ,Expense,2005.0,Healthcare,deterministic_rule,high,deterministic_rule
tahira doctor check up hameedah hospital,Expense,2005.0,Healthcare,deterministic_rule,high,deterministic_rule
tanduz medicine,Expense,2005.0,Healthcare,deterministic_rule,high,deterministic_rule
test AF and labour ,Expense,2005.0,Healthcare,deterministic_rule,high,deterministic_rule
the laboratory ,Income,2005.0,Healthcare,deterministic_rule,high,deterministic_rule
to driver for medicines,Expense,2005.0,Healthcare,deterministic_rule,high,deterministic_rule
to hospital,Expense,2005.0,Healthcare,deterministic_rule,high,deterministic_rule
tube medical,Expense,2005.0,Healthcare,deterministic_rule,high,deterministic_rule
tuning labour and other misc exp,Expense,2005.0,Healthcare,deterministic_rule,high,deterministic_rule
urooje medicine,Expense,2005.0,Healthcare,deterministic_rule,high,deterministic_rule
usman medicine,Expense,2005.0,Healthcare,deterministic_rule,high,deterministic_rule
usman medicines,Expense,2005.0,Healthcare,deterministic_rule,high,deterministic_rule
usman tests and medicines star general hospital ,Expense,2005.0,Healthcare,deterministic_rule,high,deterministic_rule
vasu medicine,Expense,2005.0,Healthcare,deterministic_rule,high,deterministic_rule
visit to faisalabad FIC hospital with abba g,Expense,2005.0,Healthcare,deterministic_rule,high,deterministic_rule
"visit to hospital, plus medicine etc",Expense,2005.0,Healthcare,deterministic_rule,high,deterministic_rule
"water Refill, medicine for baby and her",Expense,2005.0,Healthcare,deterministic_rule,high,deterministic_rule
water bottle nestle for daddy g. hospital. toffee for home ,Expense,2005.0,Healthcare,deterministic_rule,high,deterministic_rule
wedding cards visit to meyo hospital side,Expense,2005.0,Healthcare,deterministic_rule,high,deterministic_rule
went hospital,Expense,2005.0,Healthcare,deterministic_rule,high,deterministic_rule
wife admit in Atia hospital due to cough and urine infection,Expense,2005.0,Healthcare,deterministic_rule,high,deterministic_rule
wife admit in atiya hospital for motion and fever,Expense,2005.0,Healthcare,deterministic_rule,high,deterministic_rule
wife hospital ,Expense,2005.0,Healthcare,deterministic_rule,high,deterministic_rule
wife hospital etc,Expense,2005.0,Healthcare,deterministic_rule,high,deterministic_rule
wife medical,Expense,2005.0,Healthcare,deterministic_rule,high,deterministic_rule
wife medicines,Expense,2005.0,Healthcare,deterministic_rule,high,deterministic_rule
wife medicines and Abbus insulin ,Expense,2005.0,Healthcare,deterministic_rule,high,deterministic_rule
wife to hospital injections,Expense,2005.0,Healthcare,deterministic_rule,high,deterministic_rule
wifey doctor,Expense,2005.0,Healthcare,deterministic_rule,high,deterministic_rule
wifey medicine,Expense,2005.0,Healthcare,deterministic_rule,high,deterministic_rule
wood for kitchen slab support spring's ,Expense,2005.0,Healthcare,deterministic_rule,high,deterministic_rule
wooden slab delivery rent,Expense,2005.0,Healthcare,deterministic_rule,high,deterministic_rule
zainab Medicine,Expense,2005.0,Healthcare,deterministic_rule,high,deterministic_rule
zikriya hospital papa checkup,Expense,2005.0,Healthcare,deterministic_rule,high,deterministic_rule
zurva medicine,Expense,2005.0,Healthcare,deterministic_rule,high,deterministic_rule
طلبات للبيت + glade وlabello,Expense,2005.0,Healthcare,deterministic_rule,high,deterministic_rule
.my family get money busy to clothes,Transfer,2006.0,Shopping & Retail,deterministic_rule,high,deterministic_rule
2 Samsung phones from Daraz,Transfer,2006.0,Shopping & Retail,deterministic_rule,high,deterministic_rule
2 drinks in mall of Lahore ,Expense,2006.0,Shopping & Retail,deterministic_rule,high,deterministic_rule
2 movie tickets( kabir singh) elements mall mom dad,Expense,2006.0,Shopping & Retail,deterministic_rule,high,deterministic_rule
"2 shoes: white DC, and black Nike ",expense,2006.0,Shopping & Retail,human_validated_shopping,very_high,STRONG_SHOPPING
2 small flyers purchased ,Transfer,2006.0,Shopping & Retail,deterministic_rule,high,deterministic_rule
3 shoes,expense,2006.0,Shopping & Retail,human_validated_shopping,very_high,STRONG_SHOPPING
361 degrees shoes,expense,2006.0,Shopping & Retail,human_validated_shopping,very_high,STRONG_SHOPPING
5 tl shopping,Expense,2006.0,Shopping & Retail,deterministic_rule,high,deterministic_rule
AC from Daraz,Expense,2006.0,Shopping & Retail,deterministic_rule,high,deterministic_rule
"AC purchase 73000, IPHONE ZIP 5000, FURNITURE ZIP 8000 & others & MAMUN 102300",expense,2006.0,Shopping & Retail,human_validated_shopping,very_high,STRONG_SHOPPING
Aaima shoes,expense,2006.0,Shopping & Retail,human_validated_shopping,very_high,STRONG_SHOPPING
Abbas clothes,Expense,2006.0,Shopping & Retail,deterministic_rule,high,deterministic_rule
Abdur Rehman shoes,expense,2006.0,Shopping & Retail,human_validated_shopping,very_high,STRONG_SHOPPING
Addidas shoes,expense,2006.0,Shopping & Retail,human_validated_shopping,very_high,STRONG_SHOPPING
Adidas Shopping,Expense,2006.0,Shopping & Retail,deterministic_rule,high,deterministic_rule
Ahmed shoes ,expense,2006.0,Shopping & Retail,human_validated_shopping,very_high,STRONG_SHOPPING
Airplanes Amazon ,Expense,2006.0,Shopping & Retail,deterministic_rule,high,deterministic_rule
Al Nasser shoes and shorts,expense,2006.0,Shopping & Retail,human_validated_shopping,very_high,STRONG_SHOPPING
Al Nasser shoes back from Noran,expense,2006.0,Shopping & Retail,human_validated_shopping,very_high,STRONG_SHOPPING
Alisha wedding clothes accessories stitching ,Expense,2006.0,Shopping & Retail,deterministic_rule,high,deterministic_rule
Alteration of Clothes,Expense,2006.0,Shopping & Retail,deterministic_rule,high,deterministic_rule
Amal's shoes ,expense,2006.0,Shopping & Retail,human_validated_shopping,very_high,STRONG_SHOPPING
Amazon ,Expense,2006.0,Shopping & Retail,deterministic_rule,high,deterministic_rule
Amazon (wrapping paper + mouse pad),Expense,2006.0,Shopping & Retail,deterministic_rule,high,deterministic_rule
Amazon 6037 SSD,Expense,2006.0,Shopping & Retail,deterministic_rule,high,deterministic_rule
Amazon Clippers,Expense,2006.0,Shopping & Retail,deterministic_rule,high,deterministic_rule
Amazon Firestick for Mubeen,Transfer,2006.0,Shopping & Retail,deterministic_rule,high,deterministic_rule
Amazon Rivu toyes,Expense,2006.0,Shopping & Retail,deterministic_rule,high,deterministic_rule
Amazon Subscription,Expense,2006.0,Shopping & Retail,deterministic_rule,high,deterministic_rule
Amazon paid for trimmer for siddharthan,Expense,2006.0,Shopping & Retail,deterministic_rule,high,deterministic_rule
Amazon prime,Expense,2006.0,Shopping & Retail,deterministic_rule,high,deterministic_rule
Amazon prime membership ,Expense,2006.0,Shopping & Retail,deterministic_rule,high,deterministic_rule
Amazon return,Income,2006.0,Shopping & Retail,deterministic_rule,high,deterministic_rule
Amazon shopping ,Expense,2006.0,Shopping & Retail,deterministic_rule,high,deterministic_rule
Amazone,Income,2006.0,Shopping & Retail,deterministic_rule,high,deterministic_rule
"Amir's clothes and razwana's clothes
",Expense,2006.0,Shopping & Retail,deterministic_rule,high,deterministic_rule
Ammara Alisha parlour Farheen wedding 3 days and kids shoes,expense,2006.0,Shopping & Retail,human_validated_shopping,very_high,STRONG_SHOPPING
Ammara Eid shopping,Expense,2006.0,Shopping & Retail,deterministic_rule,high,deterministic_rule
Ammara Shopping etc Farheen wedding,Expense,2006.0,Shopping & Retail,deterministic_rule,high,deterministic_rule
Ammara and Alisha Farheen wedding clothes Lahore balance payment,Expense,2006.0,Shopping & Retail,deterministic_rule,high,deterministic_rule
Ammara shopping,Expense,2006.0,Shopping & Retail,deterministic_rule,high,deterministic_rule
Ammi ne diye bari ki shopping k,Income,2006.0,Shopping & Retail,deterministic_rule,high,deterministic_rule
Amna Mall ,Expense,2006.0,Shopping & Retail,deterministic_rule,high,deterministic_rule
Amna Shoes,expense,2006.0,Shopping & Retail,human_validated_shopping,very_high,STRONG_SHOPPING
Ana mom MFR clothes ,Expense,2006.0,Shopping & Retail,deterministic_rule,high,deterministic_rule
Anmol joty shoes,expense,2006.0,Shopping & Retail,human_validated_shopping,very_high,STRONG_SHOPPING
Annie casual clothes,Expense,2006.0,Shopping & Retail,deterministic_rule,high,deterministic_rule
Anniversary Shopping,Expense,2006.0,Shopping & Retail,deterministic_rule,high,deterministic_rule
Anum shopping chase up,Expense,2006.0,Shopping & Retail,deterministic_rule,high,deterministic_rule
Api Shopping,Expense,2006.0,Shopping & Retail,deterministic_rule,high,deterministic_rule
Api clothes,Expense,2006.0,Shopping & Retail,deterministic_rule,high,deterministic_rule
Armani shoes bought from new wholesale dealer paid via google pay ,expense,2006.0,Shopping & Retail,human_validated_shopping,very_high,STRONG_SHOPPING
Arooj clothes,Expense,2006.0,Shopping & Retail,deterministic_rule,high,deterministic_rule
Arooma Shopping,Expense,2006.0,Shopping & Retail,deterministic_rule,high,deterministic_rule
Asad's clothes,Expense,2006.0,Shopping & Retail,deterministic_rule,high,deterministic_rule
Asifa ny emporium mall mein liye,Expense,2006.0,Shopping & Retail,deterministic_rule,high,deterministic_rule
Asma clothes remaining ,Expense,2006.0,Shopping & Retail,deterministic_rule,high,deterministic_rule
Asus Charger Amazon,Expense,2006.0,Shopping & Retail,deterministic_rule,high,deterministic_rule
Ate wraps from Packages Mall,Expense,2006.0,Shopping & Retail,deterministic_rule,high,deterministic_rule
Atrium Mall,Transfer,2006.0,Shopping & Retail,deterministic_rule,high,deterministic_rule
Ayaz for Eid clothes per Uzma,Expense,2006.0,Shopping & Retail,deterministic_rule,high,deterministic_rule
Ayesha Daniyal matching center shopping ,Expense,2006.0,Shopping & Retail,deterministic_rule,high,deterministic_rule
Azaan's clothes,Expense,2006.0,Shopping & Retail,deterministic_rule,high,deterministic_rule
BNS Shopping from Outfitters,Expense,2006.0,Shopping & Retail,deterministic_rule,high,deterministic_rule
Baby Clothes,Expense,2006.0,Shopping & Retail,deterministic_rule,high,deterministic_rule
Baby clothes + hair band,Expense,2006.0,Shopping & Retail,deterministic_rule,high,deterministic_rule
Bag from Daraz,Expense,2006.0,Shopping & Retail,deterministic_rule,high,deterministic_rule
Baloons from daraz,Expense,2006.0,Shopping & Retail,deterministic_rule,high,deterministic_rule
Bandbox clothes washing,Expense,2006.0,Shopping & Retail,deterministic_rule,high,deterministic_rule
Barbecue near mall of Lahore ,Expense,2006.0,Shopping & Retail,deterministic_rule,high,deterministic_rule
Bareeze clothes,Expense,2006.0,Shopping & Retail,deterministic_rule,high,deterministic_rule
Baskin Robbins Mall of Lahore,Expense,2006.0,Shopping & Retail,deterministic_rule,high,deterministic_rule
Bhabhi for Hina's clothes ,Expense,2006.0,Shopping & Retail,deterministic_rule,high,deterministic_rule
Bhatbhateni Shopping,Expense,2006.0,Shopping & Retail,deterministic_rule,high,deterministic_rule
Book uniform shoes etc,expense,2006.0,Shopping & Retail,human_validated_shopping,very_high,STRONG_SHOPPING
Bought a PS5 From Amazon,Expense,2006.0,Shopping & Retail,deterministic_rule,high,deterministic_rule
Bought door guards for Cultus from daraz. Rs215. Rs10 paid by Marium. Rs.5 I had in coin. ,Expense,2006.0,Shopping & Retail,deterministic_rule,high,deterministic_rule
Bounce Ocean Mall - Bazooka Ball - Sidra Farewell,Expense,2006.0,Shopping & Retail,deterministic_rule,high,deterministic_rule
"Cajun 18 tl
Ayran small 1.75 tl",Expense,2006.0,Shopping & Retail,deterministic_rule,high,deterministic_rule
Car accessories Daraz ,Expense,2006.0,Shopping & Retail,deterministic_rule,high,deterministic_rule
CareFour Shopping,Expense,2006.0,Shopping & Retail,deterministic_rule,high,deterministic_rule
Carrefour @ Packages Mall,Expense,2006.0,Shopping & Retail,deterministic_rule,high,deterministic_rule
Cash Shopping,Expense,2006.0,Shopping & Retail,deterministic_rule,high,deterministic_rule
Cash from ammi for clothes and chappal,Transfer,2006.0,Shopping & Retail,deterministic_rule,high,deterministic_rule
Cassey central shopping ,Expense,2006.0,Shopping & Retail,deterministic_rule,high,deterministic_rule
Centauras Diesel Shopping,Transfer,2006.0,Shopping & Retail,deterministic_rule,high,deterministic_rule
Centaurs ISB Shopping,Expense,2006.0,Shopping & Retail,deterministic_rule,high,deterministic_rule
Chacha Jee- Emporium Mall,Expense,2006.0,Shopping & Retail,deterministic_rule,high,deterministic_rule
Chase-up (Shoes boot),expense,2006.0,Shopping & Retail,human_validated_shopping,very_high,STRONG_SHOPPING
Cleaning clothes,Expense,2006.0,Shopping & Retail,deterministic_rule,high,deterministic_rule
Clothes,Expense,2006.0,Shopping & Retail,deterministic_rule,high,deterministic_rule
Clothes Amount,Expense,2006.0,Shopping & Retail,deterministic_rule,high,deterministic_rule
Clothes Fatima ,Expense,2006.0,Shopping & Retail,deterministic_rule,high,deterministic_rule
Clothes Ironing,Expense,2006.0,Shopping & Retail,deterministic_rule,high,deterministic_rule
Clothes Karim block...,Expense,2006.0,Shopping & Retail,deterministic_rule,high,deterministic_rule
Clothes Outfitters ,Expense,2006.0,Shopping & Retail,deterministic_rule,high,deterministic_rule
Clothes Overlock,Expense,2006.0,Shopping & Retail,deterministic_rule,high,deterministic_rule
Clothes Pressing ,Expense,2006.0,Shopping & Retail,deterministic_rule,high,deterministic_rule
Clothes TR,Expense,2006.0,Shopping & Retail,deterministic_rule,high,deterministic_rule
Clothes Washing ,Expense,2006.0,Shopping & Retail,deterministic_rule,high,deterministic_rule
Clothes and harness,Expense,2006.0,Shopping & Retail,deterministic_rule,high,deterministic_rule
Clothes etc,Expense,2006.0,Shopping & Retail,deterministic_rule,high,deterministic_rule
Clothes for Amit (V-mart),Expense,2006.0,Shopping & Retail,deterministic_rule,high,deterministic_rule
Clothes for Andy,Expense,2006.0,Shopping & Retail,deterministic_rule,high,deterministic_rule
Clothes for Kamala ko bahini,Expense,2006.0,Shopping & Retail,deterministic_rule,high,deterministic_rule
Clothes for Nanu n me,Expense,2006.0,Shopping & Retail,deterministic_rule,high,deterministic_rule
Clothes for Preeti and Manita,Expense,2006.0,Shopping & Retail,deterministic_rule,high,deterministic_rule
Clothes for TR,Expense,2006.0,Shopping & Retail,deterministic_rule,high,deterministic_rule
Clothes for myself ,Expense,2006.0,Shopping & Retail,deterministic_rule,high,deterministic_rule
Clothes from Pantaloons,Expense,2006.0,Shopping & Retail,deterministic_rule,high,deterministic_rule
Clothes from primark and mixer,Transfer,2006.0,Shopping & Retail,deterministic_rule,high,deterministic_rule
Clothes hook for roommates,Expense,2006.0,Shopping & Retail,deterministic_rule,high,deterministic_rule
Clothes ironed ,Expense,2006.0,Shopping & Retail,deterministic_rule,high,deterministic_rule
Clothes jens + noura,Expense,2006.0,Shopping & Retail,deterministic_rule,high,deterministic_rule
Clothes repair - Mit nice,Expense,2006.0,Shopping & Retail,deterministic_rule,high,deterministic_rule
Clothes repair to Mit,Expense,2006.0,Shopping & Retail,deterministic_rule,high,deterministic_rule
"Clothes, Nishat...",Expense,2006.0,Shopping & Retail,deterministic_rule,high,deterministic_rule
Clothing,Expense,2006.0,Shopping & Retail,deterministic_rule,high,deterministic_rule
Clothing & Shoes,Expense,2006.0,Shopping & Retail,deterministic_rule,high,deterministic_rule
Daraz 11.11 sale ,Expense,2006.0,Shopping & Retail,deterministic_rule,high,deterministic_rule
Daraz Afza,Expense,2006.0,Shopping & Retail,deterministic_rule,high,deterministic_rule
Daraz Missrose,Expense,2006.0,Shopping & Retail,deterministic_rule,high,deterministic_rule
Daraz Payment pillow+handfree Bluetooth,Expense,2006.0,Shopping & Retail,deterministic_rule,high,deterministic_rule
Daraz Perfume,Expense,2006.0,Shopping & Retail,deterministic_rule,high,deterministic_rule
Daraz Shopping ,Expense,2006.0,Shopping & Retail,deterministic_rule,high,deterministic_rule
Daraz Stuff,Expense,2006.0,Shopping & Retail,deterministic_rule,high,deterministic_rule
Daraz different items,Expense,2006.0,Shopping & Retail,deterministic_rule,high,deterministic_rule
Daraz multi items purchased,Expense,2006.0,Shopping & Retail,deterministic_rule,high,deterministic_rule
Daraz order,Expense,2006.0,Shopping & Retail,deterministic_rule,high,deterministic_rule
Daraz phone for Naeem,Transfer,2006.0,Shopping & Retail,deterministic_rule,high,deterministic_rule
Daraz purchase of Bashir sb phone,Transfer,2006.0,Shopping & Retail,deterministic_rule,high,deterministic_rule
Daraz purchase of phone for Sajid,Transfer,2006.0,Shopping & Retail,deterministic_rule,high,deterministic_rule
Daraz refund ,Income,2006.0,Shopping & Retail,deterministic_rule,high,deterministic_rule
Daraz sale 1 Ajwa Unstiched Kurti karhai,Income,2006.0,Shopping & Retail,deterministic_rule,high,deterministic_rule
Daraz sale 1 Alkaram 2pc Dupatta shirt 2019 ,Income,2006.0,Shopping & Retail,deterministic_rule,high,deterministic_rule
Daraz sale 1 FizaNoor 3pc karhai ,Income,2006.0,Shopping & Retail,deterministic_rule,high,deterministic_rule
Daraz sale 1 GulAhmed 3pc printed lawn ,Income,2006.0,Shopping & Retail,deterministic_rule,high,deterministic_rule
Daraz sale 1 GulAhmed bannu wool mardana ,Income,2006.0,Shopping & Retail,deterministic_rule,high,deterministic_rule
Daraz sale 1 Replica suit 3pc ,Income,2006.0,Shopping & Retail,deterministic_rule,high,deterministic_rule
Daraz sale 1 stall doria lawn ,Income,2006.0,Shopping & Retail,deterministic_rule,high,deterministic_rule
Daraz sale 3 Palki lawn shirts,Income,2006.0,Shopping & Retail,deterministic_rule,high,deterministic_rule
Daraz tv stick,Expense,2006.0,Shopping & Retail,deterministic_rule,high,deterministic_rule
Daraz wallet top up,Expense,2006.0,Shopping & Retail,deterministic_rule,high,deterministic_rule
Daraz weekly product payment for nomi,Expense,2006.0,Shopping & Retail,deterministic_rule,high,deterministic_rule
Daraz- Gas,Expense,2006.0,Shopping & Retail,deterministic_rule,high,deterministic_rule
Daraz- Shredder ,Transfer,2006.0,Shopping & Retail,deterministic_rule,high,deterministic_rule
Daraz.pk sale,Income,2006.0,Shopping & Retail,deterministic_rule,high,deterministic_rule
Debit card use for laila shopping at bahadurabad,Income,2006.0,Shopping & Retail,deterministic_rule,high,deterministic_rule
Diapers & Packing Clothes ,Expense,2006.0,Shopping & Retail,deterministic_rule,high,deterministic_rule
Diners Shopping,Expense,2006.0,Shopping & Retail,deterministic_rule,high,deterministic_rule
Dolmen Mall,Expense,2006.0,Shopping & Retail,deterministic_rule,high,deterministic_rule
Dolmen mall.,Expense,2006.0,Shopping & Retail,deterministic_rule,high,deterministic_rule
Dusting clothes (6),Expense,2006.0,Shopping & Retail,deterministic_rule,high,deterministic_rule
EasyPaisa to Telenor for Mamu's Mobile from Daraz Honor 7C,Income,2006.0,Shopping & Retail,deterministic_rule,high,deterministic_rule
Eid Clothes,Expense,2006.0,Shopping & Retail,deterministic_rule,high,deterministic_rule
Eid Shoes,expense,2006.0,Shopping & Retail,human_validated_shopping,very_high,STRONG_SHOPPING
Elo shopping ,Expense,2006.0,Shopping & Retail,deterministic_rule,high,deterministic_rule
Emaan Musa khewra shoes,expense,2006.0,Shopping & Retail,human_validated_shopping,very_high,STRONG_SHOPPING
Emporium shopping ,Expense,2006.0,Shopping & Retail,deterministic_rule,high,deterministic_rule
FILA shoe Flipkart ,expense,2006.0,Shopping & Retail,human_validated_shopping,very_high,STRONG_SHOPPING
FOR ONLINE SHOPPING ,Transfer,2006.0,Shopping & Retail,deterministic_rule,high,deterministic_rule
Faisal shoes,expense,2006.0,Shopping & Retail,human_validated_shopping,very_high,STRONG_SHOPPING
Faisal's clothes,Expense,2006.0,Shopping & Retail,deterministic_rule,high,deterministic_rule
Family shopping imtiaz store,Expense,2006.0,Shopping & Retail,deterministic_rule,high,deterministic_rule
Faraz Shopping,Transfer,2006.0,Shopping & Retail,deterministic_rule,high,deterministic_rule
Farriya baby shower night suit clothes ,Expense,2006.0,Shopping & Retail,deterministic_rule,high,deterministic_rule
Farriya birthday clothes ,Expense,2006.0,Shopping & Retail,deterministic_rule,high,deterministic_rule
Fateh car and anabia shopping ,Expense,2006.0,Shopping & Retail,deterministic_rule,high,deterministic_rule
Fateh shoes,expense,2006.0,Shopping & Retail,human_validated_shopping,very_high,STRONG_SHOPPING
Flat Shopping (Shampoo etc.),Expense,2006.0,Shopping & Retail,deterministic_rule,high,deterministic_rule
Flipkart,expense,2006.0,Shopping & Retail,human_validated_shopping,very_high,STRONG_SHOPPING
For Ammara misc shopping,Expense,2006.0,Shopping & Retail,deterministic_rule,high,deterministic_rule
For Faizans Shopping,Transfer,2006.0,Shopping & Retail,deterministic_rule,high,deterministic_rule
For Mobile Purchase ,expense,2006.0,Shopping & Retail,human_validated_shopping,very_high,STRONG_SHOPPING
For Shopping,Transfer,2006.0,Shopping & Retail,deterministic_rule,high,deterministic_rule
For Shopping Murree,Transfer,2006.0,Shopping & Retail,deterministic_rule,high,deterministic_rule
"For kids Ammara shopping
",Expense,2006.0,Shopping & Retail,deterministic_rule,high,deterministic_rule
For shoes etc to mom,expense,2006.0,Shopping & Retail,human_validated_shopping,very_high,STRONG_SHOPPING
For shopping at NLI market,Expense,2006.0,Shopping & Retail,deterministic_rule,high,deterministic_rule
For shopping for Pak,Transfer,2006.0,Shopping & Retail,deterministic_rule,high,deterministic_rule
For tour Shopping ,Transfer,2006.0,Shopping & Retail,deterministic_rule,high,deterministic_rule
Fun mall,Expense,2006.0,Shopping & Retail,deterministic_rule,high,deterministic_rule
Generation shopping,Expense,2006.0,Shopping & Retail,deterministic_rule,high,deterministic_rule
Gillani mart shopping 8460/= shawarma 220/= Sugar free cold drink 200/= on 28th June,Expense,2006.0,Shopping & Retail,deterministic_rule,high,deterministic_rule
"Gillani shopping, shawarma & sugar free cold drink on 28th June ",Expense,2006.0,Shopping & Retail,deterministic_rule,high,deterministic_rule
Given to Hira for shopping,Expense,2006.0,Shopping & Retail,deterministic_rule,high,deterministic_rule
Given to Mamu adjusted after shopping by her,Expense,2006.0,Shopping & Retail,deterministic_rule,high,deterministic_rule
Given to Wife for Clothes ,Expense,2006.0,Shopping & Retail,deterministic_rule,high,deterministic_rule
Gul Ahmed shopping,Expense,2006.0,Shopping & Retail,deterministic_rule,high,deterministic_rule
Gym clothes,Expense,2006.0,Shopping & Retail,deterministic_rule,high,deterministic_rule
Hafsa Shoes,expense,2006.0,Shopping & Retail,human_validated_shopping,very_high,STRONG_SHOPPING
Hamza shoes ,expense,2006.0,Shopping & Retail,human_validated_shopping,very_high,STRONG_SHOPPING
Hand over to Miss for Shopping 22.6.19,Expense,2006.0,Shopping & Retail,deterministic_rule,high,deterministic_rule
Hareem clothes,Expense,2006.0,Shopping & Retail,deterministic_rule,high,deterministic_rule
Hareem shoes,expense,2006.0,Shopping & Retail,human_validated_shopping,very_high,STRONG_SHOPPING
Hassan Shoes,expense,2006.0,Shopping & Retail,human_validated_shopping,very_high,STRONG_SHOPPING
Healthy eating shopping ,Expense,2006.0,Shopping & Retail,deterministic_rule,high,deterministic_rule
Hiba's clothes,Expense,2006.0,Shopping & Retail,deterministic_rule,high,deterministic_rule
Home Shopping From Al Jadeed,Expense,2006.0,Shopping & Retail,deterministic_rule,high,deterministic_rule
Home Shopping from Bin Hashim,Expense,2006.0,Shopping & Retail,deterministic_rule,high,deterministic_rule
Home Shopping from Bin Muslim,Expense,2006.0,Shopping & Retail,deterministic_rule,high,deterministic_rule
Honor 7C from Daraz 17999 Price 1k Voucher 98 Delivery Charges Payed from EasyPaisa Wallet 17k Mamu Deposited in Account 1098 I gave,Expense,2006.0,Shopping & Retail,deterministic_rule,high,deterministic_rule
Hoteling from Amnaha Mall Link Road,Expense,2006.0,Shopping & Retail,deterministic_rule,high,deterministic_rule
"House Cleaning 2700/3, washroom cleaning 300, washing clothes 1200, kitchen cleaning 500, - Maid Atiya : Jun'19 (Total 2900) ",Expense,2006.0,Shopping & Retail,deterministic_rule,high,deterministic_rule
Hush Puppies & Borjan Shoes,expense,2006.0,Shopping & Retail,human_validated_shopping,very_high,STRONG_SHOPPING
Hush Puppies Shoes Black,expense,2006.0,Shopping & Retail,human_validated_shopping,very_high,STRONG_SHOPPING
Hypermall apple n lock,Expense,2006.0,Shopping & Retail,deterministic_rule,high,deterministic_rule
Hyperstar plus Hypermall,Expense,2006.0,Shopping & Retail,deterministic_rule,high,deterministic_rule
I didn't gave to Zabi as Zabi Purchased Mi Band 4 from Daraz via My UBL Card,Income,2006.0,Shopping & Retail,deterministic_rule,high,deterministic_rule
Imtiaz Shopping For baby and wife,Expense,2006.0,Shopping & Retail,deterministic_rule,high,deterministic_rule
Imtiaz shopping,Expense,2006.0,Shopping & Retail,deterministic_rule,high,deterministic_rule
Irfan + Adnan clothes ,Expense,2006.0,Shopping & Retail,deterministic_rule,high,deterministic_rule
Ironing Clothes,Expense,2006.0,Shopping & Retail,deterministic_rule,high,deterministic_rule
Italian mall,Expense,2006.0,Shopping & Retail,deterministic_rule,high,deterministic_rule
Jemis clothes,Expense,2006.0,Shopping & Retail,deterministic_rule,high,deterministic_rule
Jogging Shoes for Dad,expense,2006.0,Shopping & Retail,human_validated_shopping,very_high,STRONG_SHOPPING
"Jootay settings total 380, 170 zain shoes",expense,2006.0,Shopping & Retail,human_validated_shopping,very_high,STRONG_SHOPPING
Kababjees Express Lucky1 Mall,Expense,2006.0,Shopping & Retail,deterministic_rule,high,deterministic_rule
Kafan liya Naeem Mallah,Expense,2006.0,Shopping & Retail,deterministic_rule,high,deterministic_rule
Kareem Block Shopping,Expense,2006.0,Shopping & Retail,deterministic_rule,high,deterministic_rule
Khaadi shopping,Expense,2006.0,Shopping & Retail,deterministic_rule,high,deterministic_rule
Khadi Atrium Mall ,Expense,2006.0,Shopping & Retail,deterministic_rule,high,deterministic_rule
Khushali Clothes,Expense,2006.0,Shopping & Retail,deterministic_rule,high,deterministic_rule
Kids clothing ,Expense,2006.0,Shopping & Retail,deterministic_rule,high,deterministic_rule
Kids dresses from RJ mall,Expense,2006.0,Shopping & Retail,deterministic_rule,high,deterministic_rule
Kids shoes and Eid clothes,Expense,2006.0,Shopping & Retail,deterministic_rule,high,deterministic_rule
Kids shopping.,Expense,2006.0,Shopping & Retail,deterministic_rule,high,deterministic_rule
Kurti Small size,Transfer,2006.0,Shopping & Retail,deterministic_rule,high,deterministic_rule
LATT LIV- Emporium Mall,Expense,2006.0,Shopping & Retail,deterministic_rule,high,deterministic_rule
LC Wakiki shopping clothes ,Expense,2006.0,Shopping & Retail,deterministic_rule,high,deterministic_rule
Lala Shoes,expense,2006.0,Shopping & Retail,human_validated_shopping,very_high,STRONG_SHOPPING
Lhr. Shopping (Waqas bhai),Transfer,2006.0,Shopping & Retail,deterministic_rule,high,deterministic_rule
Logo shoes,expense,2006.0,Shopping & Retail,human_validated_shopping,very_high,STRONG_SHOPPING
Logo shoes balance amount ,expense,2006.0,Shopping & Retail,human_validated_shopping,very_high,STRONG_SHOPPING
"Lotion, cream, small kanchie",Expense,2006.0,Shopping & Retail,deterministic_rule,high,deterministic_rule
Mahad shoes ,expense,2006.0,Shopping & Retail,human_validated_shopping,very_high,STRONG_SHOPPING
Mall 1,Expense,2006.0,Shopping & Retail,deterministic_rule,high,deterministic_rule
Mall of lahore,Expense,2006.0,Shopping & Retail,deterministic_rule,high,deterministic_rule
Mall road parking fee,Expense,2006.0,Shopping & Retail,deterministic_rule,high,deterministic_rule
Malli,Income,2006.0,Shopping & Retail,deterministic_rule,high,deterministic_rule
Mallu kada,Expense,2006.0,Shopping & Retail,deterministic_rule,high,deterministic_rule
Mama shoes,expense,2006.0,Shopping & Retail,human_validated_shopping,very_high,STRONG_SHOPPING
Marriage Shopping Expense,Expense,2006.0,Shopping & Retail,deterministic_rule,high,deterministic_rule
Mashal shoes and socks,expense,2006.0,Shopping & Retail,human_validated_shopping,very_high,STRONG_SHOPPING
Mashall shoes,expense,2006.0,Shopping & Retail,human_validated_shopping,very_high,STRONG_SHOPPING
Masi for clothes washing,Expense,2006.0,Shopping & Retail,deterministic_rule,high,deterministic_rule
Max shopping for USA,Expense,2006.0,Shopping & Retail,deterministic_rule,high,deterministic_rule
Metro Shopping ,Expense,2006.0,Shopping & Retail,deterministic_rule,high,deterministic_rule
Mi_Mt_Allcap small case,Transfer,2006.0,Shopping & Retail,deterministic_rule,high,deterministic_rule
Misc. Shopping expenses,Expense,2006.0,Shopping & Retail,deterministic_rule,high,deterministic_rule
Mobile purchase,expense,2006.0,Shopping & Retail,human_validated_shopping,very_high,STRONG_SHOPPING
Mobile screen protector and cover from safa mall,Expense,2006.0,Shopping & Retail,deterministic_rule,high,deterministic_rule
Mohsin shoes ,expense,2006.0,Shopping & Retail,human_validated_shopping,very_high,STRONG_SHOPPING
Mom shoes- Epex,expense,2006.0,Shopping & Retail,human_validated_shopping,very_high,STRONG_SHOPPING
Moona clothes,Expense,2006.0,Shopping & Retail,deterministic_rule,high,deterministic_rule
Mouse Wireless order with Daraz,Expense,2006.0,Shopping & Retail,deterministic_rule,high,deterministic_rule
Movie and clothes ,Expense,2006.0,Shopping & Retail,deterministic_rule,high,deterministic_rule
Mr.shoes crocs,expense,2006.0,Shopping & Retail,human_validated_shopping,very_high,STRONG_SHOPPING
Muhammad Bhai Daraz Items 3 Pajamas,Expense,2006.0,Shopping & Retail,deterministic_rule,high,deterministic_rule
Muhammad Gave 4K. 3K remaining. He purchased items from Daraz. ,Income,2006.0,Shopping & Retail,deterministic_rule,high,deterministic_rule
Mum clothes from Aleez,Expense,2006.0,Shopping & Retail,deterministic_rule,high,deterministic_rule
"Murree mall road gifts etc
",Expense,2006.0,Shopping & Retail,deterministic_rule,high,deterministic_rule
My burger at Dolman mall Tariq road with kids mahad and Aaiza only. ,Expense,2006.0,Shopping & Retail,deterministic_rule,high,deterministic_rule
My shoes Service,expense,2006.0,Shopping & Retail,human_validated_shopping,very_high,STRONG_SHOPPING
Naba shoes,expense,2006.0,Shopping & Retail,human_validated_shopping,very_high,STRONG_SHOPPING
Nadia gave me 3750 was from Mami and 1250 was from her money for the clothes,Income,2006.0,Shopping & Retail,deterministic_rule,high,deterministic_rule
Nadia gave me for the clothes from dhaani,Income,2006.0,Shopping & Retail,deterministic_rule,high,deterministic_rule
Najeeb car by daraz,Expense,2006.0,Shopping & Retail,deterministic_rule,high,deterministic_rule
Nanu clothes,Expense,2006.0,Shopping & Retail,deterministic_rule,high,deterministic_rule
New Mobile purchase,expense,2006.0,Shopping & Retail,human_validated_shopping,very_high,STRONG_SHOPPING
Nouman service shoes ,expense,2006.0,Shopping & Retail,human_validated_shopping,very_high,STRONG_SHOPPING
Online Clothes,Expense,2006.0,Shopping & Retail,deterministic_rule,high,deterministic_rule
Online Shopping,Expense,2006.0,Shopping & Retail,deterministic_rule,high,deterministic_rule
Online shopping sidra,Expense,2006.0,Shopping & Retail,deterministic_rule,high,deterministic_rule
Outfitters- Emporium Mall,Expense,2006.0,Shopping & Retail,deterministic_rule,high,deterministic_rule
PT school shoes kids,expense,2006.0,Shopping & Retail,human_validated_shopping,very_high,STRONG_SHOPPING
Packages mall shopping ,Expense,2006.0,Shopping & Retail,deterministic_rule,high,deterministic_rule
"Packages mall, Ishfaq...",Expense,2006.0,Shopping & Retail,deterministic_rule,high,deterministic_rule
Paid for repairing of clothes,Expense,2006.0,Shopping & Retail,deterministic_rule,high,deterministic_rule
Paid to bhaijan for daraz payment for car shades. ,Expense,2006.0,Shopping & Retail,deterministic_rule,high,deterministic_rule
Pakages Mall ,Expense,2006.0,Shopping & Retail,deterministic_rule,high,deterministic_rule
Palaits.chemta.scotch Brite. Brush for clothes,Expense,2006.0,Shopping & Retail,deterministic_rule,high,deterministic_rule
"Palaou
Cold Drink
Water Bottle small
",Expense,2006.0,Shopping & Retail,deterministic_rule,high,deterministic_rule
PallMallGreen,Expense,2006.0,Shopping & Retail,deterministic_rule,high,deterministic_rule
"Pampers, clothing for mehak baby, socks etc",Expense,2006.0,Shopping & Retail,deterministic_rule,high,deterministic_rule
"Paneera, Mall of Lahore",Expense,2006.0,Shopping & Retail,deterministic_rule,high,deterministic_rule
Pants from Sapphire which I got changed and maloo hope clothes,Expense,2006.0,Shopping & Retail,deterministic_rule,high,deterministic_rule
Papa for Daraz,Expense,2006.0,Shopping & Retail,deterministic_rule,high,deterministic_rule
Parking ATC mall,Expense,2006.0,Shopping & Retail,deterministic_rule,high,deterministic_rule
Parking Ticket Packages Mall,Expense,2006.0,Shopping & Retail,deterministic_rule,high,deterministic_rule
Parking Ticket at Xinhua Mall,Expense,2006.0,Shopping & Retail,deterministic_rule,high,deterministic_rule
Parking outside xinhua mall,Expense,2006.0,Shopping & Retail,deterministic_rule,high,deterministic_rule
Phopho Transferred 9k rest my clothes,expense,2006.0,Shopping & Retail,human_validated_shopping,very_high,STRONG_SHOPPING
Preeti ko clothes,Expense,2006.0,Shopping & Retail,deterministic_rule,high,deterministic_rule
Press clothes,Expense,2006.0,Shopping & Retail,deterministic_rule,high,deterministic_rule
Purchase of shoeshiner from safamall,Expense,2006.0,Shopping & Retail,deterministic_rule,high,deterministic_rule
Purchase shirts mashriq centre,expense,2006.0,Shopping & Retail,human_validated_shopping,very_high,STRONG_SHOPPING
Purchased Shoes ,expense,2006.0,Shopping & Retail,human_validated_shopping,very_high,STRONG_SHOPPING
Quit n cover 2600 n other clothes 22,Expense,2006.0,Shopping & Retail,deterministic_rule,high,deterministic_rule
Rabia for Washing Clothes ,Expense,2006.0,Shopping & Retail,deterministic_rule,high,deterministic_rule
Ramadan Shopping ,Expense,2006.0,Shopping & Retail,deterministic_rule,high,deterministic_rule
Ramdan Shopping ,Expense,2006.0,Shopping & Retail,deterministic_rule,high,deterministic_rule
Rashed shopping,Expense,2006.0,Shopping & Retail,deterministic_rule,high,deterministic_rule
Realme 3 mobile purchase ,expense,2006.0,Shopping & Retail,human_validated_shopping,very_high,STRONG_SHOPPING
Refund of Philips Bluetooth speaker bought from amazon and returned ,Income,2006.0,Shopping & Retail,deterministic_rule,high,deterministic_rule
Repair of clothes,Expense,2006.0,Shopping & Retail,deterministic_rule,high,deterministic_rule
Rivu shoes ,expense,2006.0,Shopping & Retail,human_validated_shopping,very_high,STRONG_SHOPPING
Rushi Clothes,Expense,2006.0,Shopping & Retail,deterministic_rule,high,deterministic_rule
S mdk shopping ,Expense,2006.0,Shopping & Retail,deterministic_rule,high,deterministic_rule
Sabeen shoes,expense,2006.0,Shopping & Retail,human_validated_shopping,very_high,STRONG_SHOPPING
Saima clothes from Kyseria Giga mall,Expense,2006.0,Shopping & Retail,deterministic_rule,high,deterministic_rule
Sakina School uniform and AQ school shoes,expense,2006.0,Shopping & Retail,human_validated_shopping,very_high,STRONG_SHOPPING
Samar payable of shopping ,Expense,2006.0,Shopping & Retail,deterministic_rule,high,deterministic_rule
Sana and Zara burger at Lucky One while I mahad and Aaiza was at Dolman mall Tariq road. Sana went there to see TV stars with Sajal rimal anushay isha ,Expense,2006.0,Shopping & Retail,deterministic_rule,high,deterministic_rule
Sandals + Shoes,expense,2006.0,Shopping & Retail,human_validated_shopping,very_high,STRONG_SHOPPING
Sandhya for Small table,Expense,2006.0,Shopping & Retail,deterministic_rule,high,deterministic_rule
Sapphire Online shopping,Expense,2006.0,Shopping & Retail,deterministic_rule,high,deterministic_rule
Sapphire Shopping  ,Expense,2006.0,Shopping & Retail,deterministic_rule,high,deterministic_rule
Sarah shoes,expense,2006.0,Shopping & Retail,human_validated_shopping,very_high,STRONG_SHOPPING
Savers Super Store Shopping,Expense,2006.0,Shopping & Retail,deterministic_rule,high,deterministic_rule
"School Shoes - London Shoes, Bahadurabad.",expense,2006.0,Shopping & Retail,human_validated_shopping,very_high,STRONG_SHOPPING
School Shoes Q & M,expense,2006.0,Shopping & Retail,human_validated_shopping,very_high,STRONG_SHOPPING
School shoes repair ,expense,2006.0,Shopping & Retail,human_validated_shopping,very_high,STRONG_SHOPPING
"Service Shoes 7.25
Service Shoes 25.25
Raja Sahib 18.75",expense,2006.0,Shopping & Retail,human_validated_shopping,very_high,STRONG_SHOPPING
Service shoes,expense,2006.0,Shopping & Retail,human_validated_shopping,very_high,STRONG_SHOPPING
Servis shoes,expense,2006.0,Shopping & Retail,human_validated_shopping,very_high,STRONG_SHOPPING
Shayan Mamo Daraz.pk Ticket,Expense,2006.0,Shopping & Retail,deterministic_rule,high,deterministic_rule
Shoes & Suits,expense,2006.0,Shopping & Retail,human_validated_shopping,very_high,STRONG_SHOPPING
"Shoes , under garmnents from chase ",expense,2006.0,Shopping & Retail,human_validated_shopping,very_high,STRONG_SHOPPING
Shoes Naved Muneer,expense,2006.0,Shopping & Retail,human_validated_shopping,very_high,STRONG_SHOPPING
Shoes Parcel,expense,2006.0,Shopping & Retail,human_validated_shopping,very_high,STRONG_SHOPPING
Shoes and t-shirt,expense,2006.0,Shopping & Retail,human_validated_shopping,very_high,STRONG_SHOPPING
Shoes for Sasuraba,expense,2006.0,Shopping & Retail,human_validated_shopping,very_high,STRONG_SHOPPING
Shoes from Aliexpress 3200 + 20 ibft charge ,expense,2006.0,Shopping & Retail,human_validated_shopping,very_high,STRONG_SHOPPING
Shoes from BATA,expense,2006.0,Shopping & Retail,human_validated_shopping,very_high,STRONG_SHOPPING
Shoes from service,expense,2006.0,Shopping & Retail,human_validated_shopping,very_high,STRONG_SHOPPING
Shoes girls,expense,2006.0,Shopping & Retail,human_validated_shopping,very_high,STRONG_SHOPPING
Shoes polish,expense,2006.0,Shopping & Retail,human_validated_shopping,very_high,STRONG_SHOPPING
Shoes polish 200 n books 450,expense,2006.0,Shopping & Retail,human_validated_shopping,very_high,STRONG_SHOPPING
Shoes purchase personal,expense,2006.0,Shopping & Retail,human_validated_shopping,very_high,STRONG_SHOPPING
Shoes purchased,expense,2006.0,Shopping & Retail,human_validated_shopping,very_high,STRONG_SHOPPING
"Shoes zara
",expense,2006.0,Shopping & Retail,human_validated_shopping,very_high,STRONG_SHOPPING
"Shoes, Drink's ",expense,2006.0,Shopping & Retail,human_validated_shopping,very_high,STRONG_SHOPPING
Shopping,Expense,2006.0,Shopping & Retail,deterministic_rule,high,deterministic_rule
Shopping @ Bhatbhateni,Expense,2006.0,Shopping & Retail,deterministic_rule,high,deterministic_rule
Shopping @Akshardham,Expense,2006.0,Shopping & Retail,deterministic_rule,high,deterministic_rule
Shopping @BBSM for kitchen items,Expense,2006.0,Shopping & Retail,deterministic_rule,high,deterministic_rule
Shopping Abdullah and Hamza,Expense,2006.0,Shopping & Retail,deterministic_rule,high,deterministic_rule
Shopping Amount Received,Transfer,2006.0,Shopping & Retail,deterministic_rule,high,deterministic_rule
Shopping Centauras,Transfer,2006.0,Shopping & Retail,deterministic_rule,high,deterministic_rule
Shopping and Gifts,Expense,2006.0,Shopping & Retail,deterministic_rule,high,deterministic_rule
Shopping at Daraz,Expense,2006.0,Shopping & Retail,deterministic_rule,high,deterministic_rule
Shopping at Fateh,Expense,2006.0,Shopping & Retail,deterministic_rule,high,deterministic_rule
Shopping fm Othaim Mall ,Expense,2006.0,Shopping & Retail,deterministic_rule,high,deterministic_rule
Shopping for Pak,Expense,2006.0,Shopping & Retail,deterministic_rule,high,deterministic_rule
Shopping for travel,Expense,2006.0,Shopping & Retail,deterministic_rule,high,deterministic_rule
Shopping from Ali Baba,Expense,2006.0,Shopping & Retail,deterministic_rule,high,deterministic_rule
Shopping from Ali Express,Expense,2006.0,Shopping & Retail,deterministic_rule,high,deterministic_rule
Shopping from Lulu The Roof total was 1570 ARIF Hassan SAR 1028,Expense,2006.0,Shopping & Retail,deterministic_rule,high,deterministic_rule
Shopping from Splash,Expense,2006.0,Shopping & Retail,deterministic_rule,high,deterministic_rule
Shopping in Chennai ,Expense,2006.0,Shopping & Retail,deterministic_rule,high,deterministic_rule
Shopping in Imtiaz,Expense,2006.0,Shopping & Retail,deterministic_rule,high,deterministic_rule
Shopping with Aralan,Expense,2006.0,Shopping & Retail,deterministic_rule,high,deterministic_rule
"Shopping, Shorts and Shirts",Expense,2006.0,Shopping & Retail,deterministic_rule,high,deterministic_rule
"Shopping, travelling fuel and eating at Karachi ",Expense,2006.0,Shopping & Retail,deterministic_rule,high,deterministic_rule
Shopping. tops n trouser. ,Expense,2006.0,Shopping & Retail,deterministic_rule,high,deterministic_rule
Sindbad Dolman Mall,Expense,2006.0,Shopping & Retail,deterministic_rule,high,deterministic_rule
Sisters shopping ,Expense,2006.0,Shopping & Retail,deterministic_rule,high,deterministic_rule
Small home expenses ,Expense,2006.0,Shopping & Retail,deterministic_rule,high,deterministic_rule
Sofys clothes gift from nilestock,Expense,2006.0,Shopping & Retail,deterministic_rule,high,deterministic_rule
Somi clothes,Transfer,2006.0,Shopping & Retail,deterministic_rule,high,deterministic_rule
Somis shopping,Transfer,2006.0,Shopping & Retail,deterministic_rule,high,deterministic_rule
Souled store shopping,Expense,2006.0,Shopping & Retail,deterministic_rule,high,deterministic_rule
Stichting of clothes Mad,Expense,2006.0,Shopping & Retail,deterministic_rule,high,deterministic_rule
Stylo shoes,expense,2006.0,Shopping & Retail,human_validated_shopping,very_high,STRONG_SHOPPING
Surf for Clothes washing,Expense,2006.0,Shopping & Retail,deterministic_rule,high,deterministic_rule
T Shirt Purchase,expense,2006.0,Shopping & Retail,human_validated_shopping,very_high,STRONG_SHOPPING
Taba Center Clothing,Expense,2006.0,Shopping & Retail,deterministic_rule,high,deterministic_rule
Take clothes for muzamil ,Expense,2006.0,Shopping & Retail,deterministic_rule,high,deterministic_rule
Taylor Sewing Clothes ,Expense,2006.0,Shopping & Retail,deterministic_rule,high,deterministic_rule
To Farah for shopping,Expense,2006.0,Shopping & Retail,deterministic_rule,high,deterministic_rule
To dolmen mall.,Expense,2006.0,Shopping & Retail,deterministic_rule,high,deterministic_rule
Trip to Venice mall,Expense,2006.0,Shopping & Retail,deterministic_rule,high,deterministic_rule
"Tution Fee
1000 cash -1000 daraz
",Expense,2006.0,Shopping & Retail,deterministic_rule,high,deterministic_rule
Umama Rania clothes,Expense,2006.0,Shopping & Retail,deterministic_rule,high,deterministic_rule
Uzma Shoes,expense,2006.0,Shopping & Retail,human_validated_shopping,very_high,STRONG_SHOPPING
Valentine Shopping,Expense,2006.0,Shopping & Retail,deterministic_rule,high,deterministic_rule
Valima - Shoes,expense,2006.0,Shopping & Retail,human_validated_shopping,very_high,STRONG_SHOPPING
Valima Shoes - Brown,expense,2006.0,Shopping & Retail,human_validated_shopping,very_high,STRONG_SHOPPING
Versha Clothes,Expense,2006.0,Shopping & Retail,deterministic_rule,high,deterministic_rule
Via Daraz,Expense,2006.0,Shopping & Retail,deterministic_rule,high,deterministic_rule
Vienna Mall Account. Last three Months,Expense,2006.0,Shopping & Retail,deterministic_rule,high,deterministic_rule
Vrinda clothes,Expense,2006.0,Shopping & Retail,deterministic_rule,high,deterministic_rule
Wali Clothes and stuff,Expense,2006.0,Shopping & Retail,deterministic_rule,high,deterministic_rule
Wali clothes,Expense,2006.0,Shopping & Retail,deterministic_rule,high,deterministic_rule
Wali clothes from Baby planet,Expense,2006.0,Shopping & Retail,deterministic_rule,high,deterministic_rule
Wali clothes from Babyplanet,Expense,2006.0,Shopping & Retail,deterministic_rule,high,deterministic_rule
Water Bottle small ,Expense,2006.0,Shopping & Retail,deterministic_rule,high,deterministic_rule
Wedding Clothes - Q & M (13000),Expense,2006.0,Shopping & Retail,deterministic_rule,high,deterministic_rule
Weekend Shopping ,Expense,2006.0,Shopping & Retail,deterministic_rule,high,deterministic_rule
Weekly Shopping ,Expense,2006.0,Shopping & Retail,deterministic_rule,high,deterministic_rule
Wife ko diye for Clothes,Expense,2006.0,Shopping & Retail,deterministic_rule,high,deterministic_rule
Yusra baji clothes from Maria B,Expense,2006.0,Shopping & Retail,deterministic_rule,high,deterministic_rule
Zain shoes repairing paid,expense,2006.0,Shopping & Retail,human_validated_shopping,very_high,STRONG_SHOPPING
Zainab clothing stiched,Transfer,2006.0,Shopping & Retail,deterministic_rule,high,deterministic_rule
Zara shoes for shabbo,expense,2006.0,Shopping & Retail,human_validated_shopping,very_high,STRONG_SHOPPING
Zeeri Meri shopping ,Expense,2006.0,Shopping & Retail,deterministic_rule,high,deterministic_rule
aapi for kids shoes,expense,2006.0,Shopping & Retail,human_validated_shopping,very_high,STRONG_SHOPPING
abba and amma for eid clothes etc,Expense,2006.0,Shopping & Retail,deterministic_rule,high,deterministic_rule
abbu and atta shopping at Milinium Mall,Expense,2006.0,Shopping & Retail,deterministic_rule,high,deterministic_rule
"abiha shoes
",expense,2006.0,Shopping & Retail,human_validated_shopping,very_high,STRONG_SHOPPING
added to daraz wallet,Expense,2006.0,Shopping & Retail,deterministic_rule,high,deterministic_rule
agora shopping,Expense,2006.0,Shopping & Retail,deterministic_rule,high,deterministic_rule
alfatah shopping cosmetics,Expense,2006.0,Shopping & Retail,deterministic_rule,high,deterministic_rule
alishba shoes dress,expense,2006.0,Shopping & Retail,human_validated_shopping,very_high,STRONG_SHOPPING
all 5 kids clothes- Minnie Minors,Expense,2006.0,Shopping & Retail,deterministic_rule,high,deterministic_rule
altaf sab shopping ,Expense,2006.0,Shopping & Retail,deterministic_rule,high,deterministic_rule
amana mall parking ,Expense,2006.0,Shopping & Retail,deterministic_rule,high,deterministic_rule
amazon pantry ,Expense,2006.0,Shopping & Retail,deterministic_rule,high,deterministic_rule
amazon refund ,Income,2006.0,Shopping & Retail,deterministic_rule,high,deterministic_rule
ami shoes,expense,2006.0,Shopping & Retail,human_validated_shopping,very_high,STRONG_SHOPPING
ammi clothes,Expense,2006.0,Shopping & Retail,deterministic_rule,high,deterministic_rule
ammi k shoes liye ,expense,2006.0,Shopping & Retail,human_validated_shopping,very_high,STRONG_SHOPPING
ammi shoes,expense,2006.0,Shopping & Retail,human_validated_shopping,very_high,STRONG_SHOPPING
ammi shopping,Expense,2006.0,Shopping & Retail,deterministic_rule,high,deterministic_rule
api Sana shaadi shopping,Expense,2006.0,Shopping & Retail,deterministic_rule,high,deterministic_rule
aqsa shoes,expense,2006.0,Shopping & Retail,human_validated_shopping,very_high,STRONG_SHOPPING
asma clothes,Expense,2006.0,Shopping & Retail,deterministic_rule,high,deterministic_rule
atm shopping car oil cash in hand,Transfer,2006.0,Shopping & Retail,deterministic_rule,high,deterministic_rule
"atruba's ring, dress,shoes,purse, stiching,jewellery",expense,2006.0,Shopping & Retail,human_validated_shopping,very_high,STRONG_SHOPPING
atta shopping ,Income,2006.0,Shopping & Retail,deterministic_rule,high,deterministic_rule
atta wedding shopping ,Expense,2006.0,Shopping & Retail,deterministic_rule,high,deterministic_rule
aunti tfr R clothing,Expense,2006.0,Shopping & Retail,deterministic_rule,high,deterministic_rule
ayl clothes ,Expense,2006.0,Shopping & Retail,deterministic_rule,high,deterministic_rule
baby baba clothes,Expense,2006.0,Shopping & Retail,deterministic_rule,high,deterministic_rule
baby bag flipkart,expense,2006.0,Shopping & Retail,human_validated_shopping,very_high,STRONG_SHOPPING
baby shopping and other,Expense,2006.0,Shopping & Retail,deterministic_rule,high,deterministic_rule
baby shower shopping from gulplaza ,Expense,2006.0,Shopping & Retail,deterministic_rule,high,deterministic_rule
baji bachay stationary shopping ,Expense,2006.0,Shopping & Retail,deterministic_rule,high,deterministic_rule
bakra eid Clothes,Expense,2006.0,Shopping & Retail,deterministic_rule,high,deterministic_rule
baqar eid shopping ,Expense,2006.0,Shopping & Retail,deterministic_rule,high,deterministic_rule
"bari shopping sandals,pars,shameez",Expense,2006.0,Shopping & Retail,deterministic_rule,high,deterministic_rule
bata shoes,expense,2006.0,Shopping & Retail,human_validated_shopping,very_high,STRONG_SHOPPING
batteries Amazon ,Expense,2006.0,Shopping & Retail,deterministic_rule,high,deterministic_rule
battery from Amazon,Expense,2006.0,Shopping & Retail,deterministic_rule,high,deterministic_rule
battlefieldoceammall,Expense,2006.0,Shopping & Retail,deterministic_rule,high,deterministic_rule
bbq showrma while wedding shopping,Expense,2006.0,Shopping & Retail,deterministic_rule,high,deterministic_rule
bella shoes,expense,2006.0,Shopping & Retail,human_validated_shopping,very_high,STRONG_SHOPPING
bike maintenance shopping,Expense,2006.0,Shopping & Retail,deterministic_rule,high,deterministic_rule
black shoes from pedro,expense,2006.0,Shopping & Retail,human_validated_shopping,very_high,STRONG_SHOPPING
bought clothes from khaadi,Expense,2006.0,Shopping & Retail,deterministic_rule,high,deterministic_rule
bought her shoes,expense,2006.0,Shopping & Retail,human_validated_shopping,very_high,STRONG_SHOPPING
bought shoes for myself from Aldo in Dubai ,expense,2006.0,Shopping & Retail,human_validated_shopping,very_high,STRONG_SHOPPING
boulevard mall ,Transfer,2006.0,Shopping & Retail,deterministic_rule,high,deterministic_rule
"buppi India trip shopping, t-shirt etc",Expense,2006.0,Shopping & Retail,deterministic_rule,high,deterministic_rule
buy tape for daraz packing material ,Expense,2006.0,Shopping & Retail,deterministic_rule,high,deterministic_rule
"candle, shopping bags, samosa, nimco",Expense,2006.0,Shopping & Retail,deterministic_rule,high,deterministic_rule
car parking fee during the shopping time of hygrometer. ,Expense,2006.0,Shopping & Retail,deterministic_rule,high,deterministic_rule
carrefour shopping ,Expense,2006.0,Shopping & Retail,deterministic_rule,high,deterministic_rule
cenipex king mall grw,Expense,2006.0,Shopping & Retail,deterministic_rule,high,deterministic_rule
charged on credit card for shoes,expense,2006.0,Shopping & Retail,human_validated_shopping,very_high,STRONG_SHOPPING
cloth shoes chase up,expense,2006.0,Shopping & Retail,human_validated_shopping,very_high,STRONG_SHOPPING
clothes Jemis,Expense,2006.0,Shopping & Retail,deterministic_rule,high,deterministic_rule
clothes altering ,Expense,2006.0,Shopping & Retail,deterministic_rule,high,deterministic_rule
clothes and shoes purchase,Expense,2006.0,Shopping & Retail,deterministic_rule,high,deterministic_rule
clothes for baby Zaisha,Expense,2006.0,Shopping & Retail,deterministic_rule,high,deterministic_rule
clothes for eeshas cousins ,Expense,2006.0,Shopping & Retail,deterministic_rule,high,deterministic_rule
clothes from pepperland,Expense,2006.0,Shopping & Retail,deterministic_rule,high,deterministic_rule
clothes home delivery,Expense,2006.0,Shopping & Retail,deterministic_rule,high,deterministic_rule
clothes masjid,Expense,2006.0,Shopping & Retail,deterministic_rule,high,deterministic_rule
clothes parcel,Expense,2006.0,Shopping & Retail,deterministic_rule,high,deterministic_rule
clothes pipeen,Expense,2006.0,Shopping & Retail,deterministic_rule,high,deterministic_rule
clothes stiching,Expense,2006.0,Shopping & Retail,deterministic_rule,high,deterministic_rule
clothes stitching,Expense,2006.0,Shopping & Retail,deterministic_rule,high,deterministic_rule
clothes usman,Expense,2006.0,Shopping & Retail,deterministic_rule,high,deterministic_rule
clothes wash,Expense,2006.0,Shopping & Retail,deterministic_rule,high,deterministic_rule
"clothes, slipper, uwear chase value",Expense,2006.0,Shopping & Retail,deterministic_rule,high,deterministic_rule
commision on 12th July smallcase ,Expense,2006.0,Shopping & Retail,deterministic_rule,high,deterministic_rule
converse shoes,expense,2006.0,Shopping & Retail,human_validated_shopping,very_high,STRONG_SHOPPING
cutting mar from daraz ,Expense,2006.0,Shopping & Retail,deterministic_rule,high,deterministic_rule
daraz,Expense,2006.0,Shopping & Retail,deterministic_rule,high,deterministic_rule
daraz 1jan to 15 jan,Transfer,2006.0,Shopping & Retail,deterministic_rule,high,deterministic_rule
daraz Wajahat bhai,Expense,2006.0,Shopping & Retail,deterministic_rule,high,deterministic_rule
daraz antishock child,Expense,2006.0,Shopping & Retail,deterministic_rule,high,deterministic_rule
daraz app wallet,Expense,2006.0,Shopping & Retail,deterministic_rule,high,deterministic_rule
daraz ballons,Expense,2006.0,Shopping & Retail,deterministic_rule,high,deterministic_rule
daraz flyers small 2 pack,Transfer,2006.0,Shopping & Retail,deterministic_rule,high,deterministic_rule
daraz main rakhy thy. RAHIM k liye nikaly Han. baqi wallet main rakhy thy. ,Income,2006.0,Shopping & Retail,deterministic_rule,high,deterministic_rule
daraz orders,Expense,2006.0,Shopping & Retail,deterministic_rule,high,deterministic_rule
daraz payment,Transfer,2006.0,Shopping & Retail,deterministic_rule,high,deterministic_rule
daraz pk,Expense,2006.0,Shopping & Retail,deterministic_rule,high,deterministic_rule
daraz refund my money for Cam accessories ,Income,2006.0,Shopping & Retail,deterministic_rule,high,deterministic_rule
daraz- mobile protector+tie pin,Expense,2006.0,Shopping & Retail,deterministic_rule,high,deterministic_rule
decent shopping,Expense,2006.0,Shopping & Retail,deterministic_rule,high,deterministic_rule
deposited in Daraz wallet,Expense,2006.0,Shopping & Retail,deterministic_rule,high,deterministic_rule
devika clothes due paid,Expense,2006.0,Shopping & Retail,deterministic_rule,high,deterministic_rule
dubai mall macdonalds,Expense,2006.0,Shopping & Retail,deterministic_rule,high,deterministic_rule
dusting clothing,Expense,2006.0,Shopping & Retail,deterministic_rule,high,deterministic_rule
ecs shoes,expense,2006.0,Shopping & Retail,human_validated_shopping,very_high,STRONG_SHOPPING
ecs shoes mama n me,expense,2006.0,Shopping & Retail,human_validated_shopping,very_high,STRONG_SHOPPING
eid clothing,Expense,2006.0,Shopping & Retail,deterministic_rule,high,deterministic_rule
eid shopping ,Expense,2006.0,Shopping & Retail,deterministic_rule,high,deterministic_rule
emaan shoes,expense,2006.0,Shopping & Retail,human_validated_shopping,very_high,STRONG_SHOPPING
"emporium mall
",Expense,2006.0,Shopping & Retail,deterministic_rule,high,deterministic_rule
faani jassi clothing ,Expense,2006.0,Shopping & Retail,deterministic_rule,high,deterministic_rule
"faisal shopping sandal,perfume ",Expense,2006.0,Shopping & Retail,deterministic_rule,high,deterministic_rule
faiza clothes,Expense,2006.0,Shopping & Retail,deterministic_rule,high,deterministic_rule
family shopping at Gold Mark,Expense,2006.0,Shopping & Retail,deterministic_rule,high,deterministic_rule
farriya birthday clothes and bags ,Expense,2006.0,Shopping & Retail,deterministic_rule,high,deterministic_rule
flipkart return,expense,2006.0,Shopping & Retail,human_validated_shopping,very_high,STRONG_SHOPPING
for clothes,Transfer,2006.0,Shopping & Retail,deterministic_rule,high,deterministic_rule
for imtiaz shopping ,Income,2006.0,Shopping & Retail,deterministic_rule,high,deterministic_rule
for vaccination & shopping at multan ,Transfer,2006.0,Shopping & Retail,deterministic_rule,high,deterministic_rule
from Shahaan Shopping cameras accessories ,Transfer,2006.0,Shopping & Retail,deterministic_rule,high,deterministic_rule
from daraz,Expense,2006.0,Shopping & Retail,deterministic_rule,high,deterministic_rule
gave dhobi for clothes,Expense,2006.0,Shopping & Retail,deterministic_rule,high,deterministic_rule
giga Mall ,Expense,2006.0,Shopping & Retail,deterministic_rule,high,deterministic_rule
gudia for eid shopping ,Expense,2006.0,Shopping & Retail,deterministic_rule,high,deterministic_rule
hands-free from daraz,Expense,2006.0,Shopping & Retail,deterministic_rule,high,deterministic_rule
hmr shoes ,expense,2006.0,Shopping & Retail,human_validated_shopping,very_high,STRONG_SHOPPING
hunain shopping,Transfer,2006.0,Shopping & Retail,deterministic_rule,high,deterministic_rule
hush pupils shoes,expense,2006.0,Shopping & Retail,human_validated_shopping,very_high,STRONG_SHOPPING
hyperstar mami shopping ,Expense,2006.0,Shopping & Retail,deterministic_rule,high,deterministic_rule
iPad cover for ama. online daraz purchasing ,Expense,2006.0,Shopping & Retail,deterministic_rule,high,deterministic_rule
"ikea shopping ( box, hajib hanger, toilet brush, glasses, napkin, m2sha)",Expense,2006.0,Shopping & Retail,deterministic_rule,high,deterministic_rule
"irfan for washing, pressing clothes",Expense,2006.0,Shopping & Retail,deterministic_rule,high,deterministic_rule
junaid for shopping,Transfer,2006.0,Shopping & Retail,deterministic_rule,high,deterministic_rule
k baby shopping ,Expense,2006.0,Shopping & Retail,deterministic_rule,high,deterministic_rule
kaki ki shopping,Expense,2006.0,Shopping & Retail,deterministic_rule,high,deterministic_rule
kanwal shoes,expense,2006.0,Shopping & Retail,human_validated_shopping,very_high,STRONG_SHOPPING
karam shoes,expense,2006.0,Shopping & Retail,human_validated_shopping,very_high,STRONG_SHOPPING
kaysaria Online Shopping,Expense,2006.0,Shopping & Retail,deterministic_rule,high,deterministic_rule
khaadi shoes,expense,2006.0,Shopping & Retail,human_validated_shopping,very_high,STRONG_SHOPPING
khaas clothes,Expense,2006.0,Shopping & Retail,deterministic_rule,high,deterministic_rule
kids clothes ,Expense,2006.0,Shopping & Retail,deterministic_rule,high,deterministic_rule
kids clothes Center Point,Expense,2006.0,Shopping & Retail,deterministic_rule,high,deterministic_rule
kids clothes Model town,Expense,2006.0,Shopping & Retail,deterministic_rule,high,deterministic_rule
kids clothes from mandi,Expense,2006.0,Shopping & Retail,deterministic_rule,high,deterministic_rule
kids clothes salee,Expense,2006.0,Shopping & Retail,deterministic_rule,high,deterministic_rule
kids shoes,expense,2006.0,Shopping & Retail,human_validated_shopping,very_high,STRONG_SHOPPING
kids shoes HTS,expense,2006.0,Shopping & Retail,human_validated_shopping,very_high,STRONG_SHOPPING
kids shoes etc ,expense,2006.0,Shopping & Retail,human_validated_shopping,very_high,STRONG_SHOPPING
kids uniform and clothes,Expense,2006.0,Shopping & Retail,deterministic_rule,high,deterministic_rule
kiran ko diye clothes stitch via Afshan ,Expense,2006.0,Shopping & Retail,deterministic_rule,high,deterministic_rule
lace and clothes,Expense,2006.0,Shopping & Retail,deterministic_rule,high,deterministic_rule
laes for everyone clothes ,Expense,2006.0,Shopping & Retail,deterministic_rule,high,deterministic_rule
laila shopping from lucky mall,Expense,2006.0,Shopping & Retail,deterministic_rule,high,deterministic_rule
laila with friends to lucky mall,Expense,2006.0,Shopping & Retail,deterministic_rule,high,deterministic_rule
lazada shopping,Expense,2006.0,Shopping & Retail,deterministic_rule,high,deterministic_rule
limelight shopping ,Expense,2006.0,Shopping & Retail,deterministic_rule,high,deterministic_rule
luckymall,Expense,2006.0,Shopping & Retail,deterministic_rule,high,deterministic_rule
lulu shopping,Income,2006.0,Shopping & Retail,deterministic_rule,high,deterministic_rule
maa shopping goods,Expense,2006.0,Shopping & Retail,deterministic_rule,high,deterministic_rule
magnet mall 4 t-shirt 2 paint,Expense,2006.0,Shopping & Retail,deterministic_rule,high,deterministic_rule
magnum from emporium mall,Expense,2006.0,Shopping & Retail,deterministic_rule,high,deterministic_rule
maleha gave me for her clothes pants that she exchanged,Income,2006.0,Shopping & Retail,deterministic_rule,high,deterministic_rule
mall of qatar and office,Expense,2006.0,Shopping & Retail,deterministic_rule,high,deterministic_rule
mamu suyu shoes+ bottle,expense,2006.0,Shopping & Retail,human_validated_shopping,very_high,STRONG_SHOPPING
marshmallow and ketchup,Expense,2006.0,Shopping & Retail,deterministic_rule,high,deterministic_rule
mayur jio recharge amazon,Expense,2006.0,Shopping & Retail,deterministic_rule,high,deterministic_rule
mini so shopping for traveling,Expense,2006.0,Shopping & Retail,deterministic_rule,high,deterministic_rule
miniso shopping,Expense,2006.0,Shopping & Retail,deterministic_rule,high,deterministic_rule
miscellaneous shopping ,Expense,2006.0,Shopping & Retail,deterministic_rule,high,deterministic_rule
mk shoes,expense,2006.0,Shopping & Retail,human_validated_shopping,very_high,STRONG_SHOPPING
mobile cover daraz,Expense,2006.0,Shopping & Retail,deterministic_rule,high,deterministic_rule
mobile mall parking,Expense,2006.0,Shopping & Retail,deterministic_rule,high,deterministic_rule
mom shoes,expense,2006.0,Shopping & Retail,human_validated_shopping,very_high,STRONG_SHOPPING
mom shoes house of Fraser,expense,2006.0,Shopping & Retail,human_validated_shopping,very_high,STRONG_SHOPPING
mom-dad shopping,Expense,2006.0,Shopping & Retail,deterministic_rule,high,deterministic_rule
mujeeb clothes,Expense,2006.0,Shopping & Retail,deterministic_rule,high,deterministic_rule
mujeeb clothes stitcg,Expense,2006.0,Shopping & Retail,deterministic_rule,high,deterministic_rule
mummy flipkart ,expense,2006.0,Shopping & Retail,human_validated_shopping,very_high,STRONG_SHOPPING
mummy shopping,Expense,2006.0,Shopping & Retail,deterministic_rule,high,deterministic_rule
my clothes,Expense,2006.0,Shopping & Retail,deterministic_rule,high,deterministic_rule
my shoes ,expense,2006.0,Shopping & Retail,human_validated_shopping,very_high,STRONG_SHOPPING
myntra shopping,Expense,2006.0,Shopping & Retail,deterministic_rule,high,deterministic_rule
new baby Manisha shopping ,Expense,2006.0,Shopping & Retail,deterministic_rule,high,deterministic_rule
new born baby clothes,Expense,2006.0,Shopping & Retail,deterministic_rule,high,deterministic_rule
no7 men eye roll on from amazon,Expense,2006.0,Shopping & Retail,deterministic_rule,high,deterministic_rule
nusaiba clothes,Expense,2006.0,Shopping & Retail,deterministic_rule,high,deterministic_rule
office ki shopping,Expense,2006.0,Shopping & Retail,deterministic_rule,high,deterministic_rule
office saman from daraz,Transfer,2006.0,Shopping & Retail,deterministic_rule,high,deterministic_rule
online shopping for wife.,Expense,2006.0,Shopping & Retail,deterministic_rule,high,deterministic_rule
ordered shoes,expense,2006.0,Shopping & Retail,human_validated_shopping,very_high,STRONG_SHOPPING
own clothes ,Expense,2006.0,Shopping & Retail,deterministic_rule,high,deterministic_rule
paid cash to mama for ayaz shopping,Transfer,2006.0,Shopping & Retail,deterministic_rule,high,deterministic_rule
paid for potronics bt speaker for mama via amazon paid by NetBanking got refund of Philips Bluetooth speaker 1524 balance to be receive is 356 also received,Expense,2006.0,Shopping & Retail,deterministic_rule,high,deterministic_rule
paid for shoes and mobile cover ,expense,2006.0,Shopping & Retail,human_validated_shopping,very_high,STRONG_SHOPPING
paid to arslan for small tasks and future support,Expense,2006.0,Shopping & Retail,deterministic_rule,high,deterministic_rule
palak clothes,Expense,2006.0,Shopping & Retail,deterministic_rule,high,deterministic_rule
pants from salams store,expense,2006.0,Shopping & Retail,human_validated_shopping,very_high,STRONG_SHOPPING
payment for Cam accessories daraz,Expense,2006.0,Shopping & Retail,deterministic_rule,high,deterministic_rule
pink stitched shirt amanah mall,Expense,2006.0,Shopping & Retail,deterministic_rule,high,deterministic_rule
prediction machine book amazon ,Expense,2006.0,Shopping & Retail,deterministic_rule,high,deterministic_rule
printer cartridge Amazon ,Expense,2006.0,Shopping & Retail,deterministic_rule,high,deterministic_rule
purchase new iPhone x from i solutions star city mall,Expense,2006.0,Shopping & Retail,deterministic_rule,high,deterministic_rule
redwave shopping,Expense,2006.0,Shopping & Retail,deterministic_rule,high,deterministic_rule
refund from Amazon trss cable ,Income,2006.0,Shopping & Retail,deterministic_rule,high,deterministic_rule
repair of old clothes ,Expense,2006.0,Shopping & Retail,deterministic_rule,high,deterministic_rule
repairing bag and shoes,expense,2006.0,Shopping & Retail,human_validated_shopping,very_high,STRONG_SHOPPING
s shopping stylo,Expense,2006.0,Shopping & Retail,deterministic_rule,high,deterministic_rule
saba shoes,expense,2006.0,Shopping & Retail,human_validated_shopping,very_high,STRONG_SHOPPING
sabeen eid shopping,Expense,2006.0,Shopping & Retail,deterministic_rule,high,deterministic_rule
safwa mall,Expense,2006.0,Shopping & Retail,deterministic_rule,high,deterministic_rule
sahla shoes,expense,2006.0,Shopping & Retail,human_validated_shopping,very_high,STRONG_SHOPPING
"saima shoes
",expense,2006.0,Shopping & Retail,human_validated_shopping,very_high,STRONG_SHOPPING
saima shoes kids dress and my belt ,expense,2006.0,Shopping & Retail,human_validated_shopping,very_high,STRONG_SHOPPING
salaar shoes,expense,2006.0,Shopping & Retail,human_validated_shopping,very_high,STRONG_SHOPPING
samina DRAZ shopping,Expense,2006.0,Shopping & Retail,deterministic_rule,high,deterministic_rule
"samina shopping for 
Emaan herself &home decoration",Expense,2006.0,Shopping & Retail,deterministic_rule,high,deterministic_rule
sapphire online shopping COD,Expense,2006.0,Shopping & Retail,deterministic_rule,high,deterministic_rule
scheches shoes,expense,2006.0,Shopping & Retail,human_validated_shopping,very_high,STRONG_SHOPPING
school shoes ,expense,2006.0,Shopping & Retail,human_validated_shopping,very_high,STRONG_SHOPPING
school shoes for both kids,expense,2006.0,Shopping & Retail,human_validated_shopping,very_high,STRONG_SHOPPING
school shoes from Bay,expense,2006.0,Shopping & Retail,human_validated_shopping,very_high,STRONG_SHOPPING
self use home shopping.. from abu,Expense,2006.0,Shopping & Retail,deterministic_rule,high,deterministic_rule
sent to Nadia for clothes for the girls gharara,Expense,2006.0,Shopping & Retail,deterministic_rule,high,deterministic_rule
shamim clothes,Expense,2006.0,Shopping & Retail,deterministic_rule,high,deterministic_rule
shawal Mashal shoes,expense,2006.0,Shopping & Retail,human_validated_shopping,very_high,STRONG_SHOPPING
shirts and jeans shopping ,Expense,2006.0,Shopping & Retail,deterministic_rule,high,deterministic_rule
shoes,Transfer,2006.0,Shopping & Retail,approved_mapping,very_high,approved_mapping
shoes 2 pairs and trouser,expense,2006.0,Shopping & Retail,human_validated_shopping,very_high,STRONG_SHOPPING
shoes Unze London ,expense,2006.0,Shopping & Retail,human_validated_shopping,very_high,STRONG_SHOPPING
shoes and eating out ,expense,2006.0,Shopping & Retail,human_validated_shopping,very_high,STRONG_SHOPPING
shoes and shiner,expense,2006.0,Shopping & Retail,human_validated_shopping,very_high,STRONG_SHOPPING
shoes and slippers vidhi and harsh,expense,2006.0,Shopping & Retail,human_validated_shopping,very_high,STRONG_SHOPPING
shoes baba,expense,2006.0,Shopping & Retail,human_validated_shopping,very_high,STRONG_SHOPPING
shoes baby,expense,2006.0,Shopping & Retail,human_validated_shopping,very_high,STRONG_SHOPPING
shoes bata,expense,2006.0,Shopping & Retail,human_validated_shopping,very_high,STRONG_SHOPPING
shoes black jogger ,expense,2006.0,Shopping & Retail,human_validated_shopping,very_high,STRONG_SHOPPING
shoes chappal,expense,2006.0,Shopping & Retail,human_validated_shopping,very_high,STRONG_SHOPPING
"shoes family
school shoes
",expense,2006.0,Shopping & Retail,human_validated_shopping,very_high,STRONG_SHOPPING
shoes from ecs,expense,2006.0,Shopping & Retail,human_validated_shopping,very_high,STRONG_SHOPPING
shoes lahore  card issue via allied bank,expense,2006.0,Shopping & Retail,human_validated_shopping,very_high,STRONG_SHOPPING
shoes leather,expense,2006.0,Shopping & Retail,human_validated_shopping,very_high,STRONG_SHOPPING
shoes makeup and dress,expense,2006.0,Shopping & Retail,human_validated_shopping,very_high,STRONG_SHOPPING
shoes ordered from amazon,Expense,2006.0,Shopping & Retail,deterministic_rule,high,deterministic_rule
shoes purchase ,expense,2006.0,Shopping & Retail,human_validated_shopping,very_high,STRONG_SHOPPING
shoes purchased from Khalid market ,expense,2006.0,Shopping & Retail,human_validated_shopping,very_high,STRONG_SHOPPING
shoes ramz umar,expense,2006.0,Shopping & Retail,human_validated_shopping,very_high,STRONG_SHOPPING
shopping  bags and imli for home ,Expense,2006.0,Shopping & Retail,deterministic_rule,high,deterministic_rule
shopping 48+30 TL,Expense,2006.0,Shopping & Retail,deterministic_rule,high,deterministic_rule
shopping COD,Transfer,2006.0,Shopping & Retail,deterministic_rule,high,deterministic_rule
shopping Emporium Mall,Expense,2006.0,Shopping & Retail,deterministic_rule,high,deterministic_rule
shopping ami nay diye,Income,2006.0,Shopping & Retail,deterministic_rule,high,deterministic_rule
shopping at Aleez by Mom,Transfer,2006.0,Shopping & Retail,deterministic_rule,high,deterministic_rule
shopping at AliExpress,Expense,2006.0,Shopping & Retail,deterministic_rule,high,deterministic_rule
shopping at clothing store,Expense,2006.0,Shopping & Retail,deterministic_rule,high,deterministic_rule
shopping at naturals,Expense,2006.0,Shopping & Retail,deterministic_rule,high,deterministic_rule
shopping bags,Expense,2006.0,Shopping & Retail,deterministic_rule,high,deterministic_rule
shopping by mom,Transfer,2006.0,Shopping & Retail,deterministic_rule,high,deterministic_rule
shopping clothes for USA,Expense,2006.0,Shopping & Retail,deterministic_rule,high,deterministic_rule
shopping eid,Expense,2006.0,Shopping & Retail,deterministic_rule,high,deterministic_rule
shopping from furor ,Expense,2006.0,Shopping & Retail,deterministic_rule,high,deterministic_rule
shopping from imtiaz,Expense,2006.0,Shopping & Retail,deterministic_rule,high,deterministic_rule
shopping from zainab market,Expense,2006.0,Shopping & Retail,deterministic_rule,high,deterministic_rule
shopping mn Miniso ( Neck support - Eye mask - Alchol ),Expense,2006.0,Shopping & Retail,deterministic_rule,high,deterministic_rule
shopping money,Income,2006.0,Shopping & Retail,deterministic_rule,high,deterministic_rule
shopping voucher,Transfer,2006.0,Shopping & Retail,deterministic_rule,high,deterministic_rule
shopping with mama & owais,Expense,2006.0,Shopping & Retail,deterministic_rule,high,deterministic_rule
shopping. shirts,Expense,2006.0,Shopping & Retail,deterministic_rule,high,deterministic_rule
shopping. shirts etc. ,Expense,2006.0,Shopping & Retail,deterministic_rule,high,deterministic_rule
shopping. tops n trouser,Expense,2006.0,Shopping & Retail,deterministic_rule,high,deterministic_rule
silk for clothes of hira,Expense,2006.0,Shopping & Retail,deterministic_rule,high,deterministic_rule
"small note book, Pen, money bag ",Expense,2006.0,Shopping & Retail,deterministic_rule,high,deterministic_rule
small tour of mardan with Jamil and Zeeshan Adil. ,Expense,2006.0,Shopping & Retail,deterministic_rule,high,deterministic_rule
smallcase weekend investment fee for 3 months ,Expense,2006.0,Shopping & Retail,deterministic_rule,high,deterministic_rule
stitching for kids clothes. Aunti Abida,Expense,2006.0,Shopping & Retail,deterministic_rule,high,deterministic_rule
sulaiman shoes,expense,2006.0,Shopping & Retail,human_validated_shopping,very_high,STRONG_SHOPPING
t paste small,Expense,2006.0,Shopping & Retail,deterministic_rule,high,deterministic_rule
tablet screen protector for daraz selling. sent one to RAHIM Anwar ,Expense,2006.0,Shopping & Retail,deterministic_rule,high,deterministic_rule
talha small panel 4pcs for school ,Expense,2006.0,Shopping & Retail,deterministic_rule,high,deterministic_rule
talia shoes,expense,2006.0,Shopping & Retail,human_validated_shopping,very_high,STRONG_SHOPPING
tanin Vai return korse Daraz payment,Income,2006.0,Shopping & Retail,deterministic_rule,high,deterministic_rule
tap facilty daraz,Expense,2006.0,Shopping & Retail,deterministic_rule,high,deterministic_rule
ticket form emporium mall ,Expense,2006.0,Shopping & Retail,deterministic_rule,high,deterministic_rule
to Faraz for Maria B shopping,Transfer,2006.0,Shopping & Retail,deterministic_rule,high,deterministic_rule
to mrs for clothing ,Expense,2006.0,Shopping & Retail,deterministic_rule,high,deterministic_rule
to tailoring clothes for wedding,Expense,2006.0,Shopping & Retail,deterministic_rule,high,deterministic_rule
toys daraz,Expense,2006.0,Shopping & Retail,deterministic_rule,high,deterministic_rule
"ume Hadi shoes
",expense,2006.0,Shopping & Retail,human_validated_shopping,very_high,STRONG_SHOPPING
un named shoes ,expense,2006.0,Shopping & Retail,human_validated_shopping,very_high,STRONG_SHOPPING
underwear shopping form daraz ,Expense,2006.0,Shopping & Retail,deterministic_rule,high,deterministic_rule
uniforms course shoes ,expense,2006.0,Shopping & Retail,human_validated_shopping,very_high,STRONG_SHOPPING
usman clothes ,Expense,2006.0,Shopping & Retail,deterministic_rule,high,deterministic_rule
visit to emporium mall,Expense,2006.0,Shopping & Retail,deterministic_rule,high,deterministic_rule
visit to liberty for wedding shopping,Expense,2006.0,Shopping & Retail,deterministic_rule,high,deterministic_rule
"visit to mall road , icchra , shadman for barat, mehandi dress",Expense,2006.0,Shopping & Retail,deterministic_rule,high,deterministic_rule
visit to rehmat market and icchra for wedding shopping,Expense,2006.0,Shopping & Retail,deterministic_rule,high,deterministic_rule
vlcc shape up cream from flipkart,expense,2006.0,Shopping & Retail,human_validated_shopping,very_high,STRONG_SHOPPING
water Mallon and ice cream for home. coming from walk. ,Expense,2006.0,Shopping & Retail,deterministic_rule,high,deterministic_rule
water Mallon for home ,Expense,2006.0,Shopping & Retail,deterministic_rule,high,deterministic_rule
yameen clothes,Expense,2006.0,Shopping & Retail,deterministic_rule,high,deterministic_rule
zubaidas shopping ,Expense,2006.0,Shopping & Retail,deterministic_rule,high,deterministic_rule
zuni shoes,expense,2006.0,Shopping & Retail,human_validated_shopping,very_high,STRONG_SHOPPING
 aqeel transfer ,Income,2007.0,Transfers & Withdrawals,deterministic_rule,high,deterministic_rule
 transfer charges and fed,Expense,2007.0,Transfers & Withdrawals,deterministic_rule,high,deterministic_rule
$150.41 at 133 pkr from Souban Tahir. 120 pkr transfer fees.,Income,2007.0,Transfers & Withdrawals,deterministic_rule,high,deterministic_rule
02 IBFT Charges - Alfalah Credit Card Payment,Expense,2007.0,Transfers & Withdrawals,deterministic_rule,high,deterministic_rule
10000 online transfer into digi cash app,Expense,2007.0,Transfers & Withdrawals,deterministic_rule,high,deterministic_rule
12oct 18. Savings transferred from Saudi ,Income,2007.0,Transfers & Withdrawals,deterministic_rule,high,deterministic_rule
15-21 may transfer to bank al Habib ,Expense,2007.0,Transfers & Withdrawals,deterministic_rule,high,deterministic_rule
1500 Rs withdrawal for expenses,Transfer,2007.0,Transfers & Withdrawals,deterministic_rule,high,deterministic_rule
15k transferred to dad ,Expense,2007.0,Transfers & Withdrawals,deterministic_rule,high,deterministic_rule
15oct 18.  Savings transferred from Saudi. ,Income,2007.0,Transfers & Withdrawals,deterministic_rule,high,deterministic_rule
19oct 18. Savings transferred from Saudi. ,Income,2007.0,Transfers & Withdrawals,deterministic_rule,high,deterministic_rule
1k withdrawal ,Transfer,2007.0,Transfers & Withdrawals,deterministic_rule,high,deterministic_rule
20 for panda transfer,Expense,2007.0,Transfers & Withdrawals,deterministic_rule,high,deterministic_rule
2000 withdrawal ,Transfer,2007.0,Transfers & Withdrawals,deterministic_rule,high,deterministic_rule
200k transfer to my pk account ,Expense,2007.0,Transfers & Withdrawals,deterministic_rule,high,deterministic_rule
22oct 18. Savings transferred from Saudi. ,Income,2007.0,Transfers & Withdrawals,deterministic_rule,high,deterministic_rule
25000 transferred for yasir wedding dresses and cards,Income,2007.0,Transfers & Withdrawals,deterministic_rule,high,deterministic_rule
25K CO Aq Khurram Aziz to Aq then transfer to me ,Income,2007.0,Transfers & Withdrawals,deterministic_rule,high,deterministic_rule
3000 qar transfer to Hbl ,Transfer,2007.0,Transfers & Withdrawals,deterministic_rule,high,deterministic_rule
30000 and 15500 for dress transferred ,Transfer,2007.0,Transfers & Withdrawals,deterministic_rule,high,deterministic_rule
30000+20000 cash withdrawal,Transfer,2007.0,Transfers & Withdrawals,deterministic_rule,high,deterministic_rule
35000+30000 c/o Viharlake transfer,Income,2007.0,Transfers & Withdrawals,deterministic_rule,high,deterministic_rule
400 will transfer le nafsi,Transfer,2007.0,Transfers & Withdrawals,deterministic_rule,high,deterministic_rule
4000 transfer,Transfer,2007.0,Transfers & Withdrawals,deterministic_rule,high,deterministic_rule
41000 transfer charges ,Expense,2007.0,Transfers & Withdrawals,deterministic_rule,high,deterministic_rule
"5000 transferred, 5000 loan deducted",Expense,2007.0,Transfers & Withdrawals,deterministic_rule,high,deterministic_rule
5K transfer to Atif Account. Given by Moti,Expense,2007.0,Transfers & Withdrawals,deterministic_rule,high,deterministic_rule
"5k BC transfered to Olga's account
total transfer amount RS 10000 because 5k given as loan to Richard",Expense,2007.0,Transfers & Withdrawals,deterministic_rule,high,deterministic_rule
5k lent to Richard total transfer amount 10k because 5k is monthly BC share,Transfer,2007.0,Transfers & Withdrawals,deterministic_rule,high,deterministic_rule
6000 withdrawal ,Transfer,2007.0,Transfers & Withdrawals,deterministic_rule,high,deterministic_rule
A.N account se transfer kiye aj hi ,Expense,2007.0,Transfers & Withdrawals,deterministic_rule,high,deterministic_rule
AMM ATM,Transfer,2007.0,Transfers & Withdrawals,approved_mapping,very_high,approved_mapping
ATM Cash Withdrawal BAHL,Transfer,2007.0,Transfers & Withdrawals,approved_mapping,very_high,approved_mapping
ATM Cash Withdrawal for Expenses,Transfer,2007.0,Transfers & Withdrawals,deterministic_rule,high,deterministic_rule
ATM Cash withdraw charges,Expense,2007.0,Transfers & Withdrawals,deterministic_rule,high,deterministic_rule
ATM Transferred ,Transfer,2007.0,Transfers & Withdrawals,approved_mapping,very_high,approved_mapping
ATM Withdrawal (Another 7k for Commette,Transfer,2007.0,Transfers & Withdrawals,deterministic_rule,high,deterministic_rule
ATM cash from G13/3 branch,Transfer,2007.0,Transfers & Withdrawals,deterministic_rule,high,deterministic_rule
ATM cash widthdrawl,Transfer,2007.0,Transfers & Withdrawals,deterministic_rule,high,deterministic_rule
ATM cash withdraw,Transfer,2007.0,Transfers & Withdrawals,deterministic_rule,high,deterministic_rule
ATM cash withdrawal,Transfer,2007.0,Transfers & Withdrawals,approved_mapping,very_high,approved_mapping
ATM draw,Transfer,2007.0,Transfers & Withdrawals,approved_mapping,very_high,approved_mapping
ATM fee on cash withdrawal 2500,Expense,2007.0,Transfers & Withdrawals,deterministic_rule,high,deterministic_rule
ATM fee on cash withdrawal 4500,Expense,2007.0,Transfers & Withdrawals,deterministic_rule,high,deterministic_rule
ATM transaction,Transfer,2007.0,Transfers & Withdrawals,approved_mapping,very_high,approved_mapping
ATM withdrawal 5000 Tax & 2000 pocket money ,Expense,2007.0,Transfers & Withdrawals,deterministic_rule,high,deterministic_rule
ATM withdrawal b'day,Transfer,2007.0,Transfers & Withdrawals,deterministic_rule,high,deterministic_rule
ATM withdrawal for WAPDA Connection ,Expense,2007.0,Transfers & Withdrawals,deterministic_rule,high,deterministic_rule
ATM withdrawal for tour,Income,2007.0,Transfers & Withdrawals,deterministic_rule,high,deterministic_rule
ATM withdrawal g-11 markaz,Transfer,2007.0,Transfers & Withdrawals,deterministic_rule,high,deterministic_rule
ATM withdrawal on 02 july by kamran for car,Income,2007.0,Transfers & Withdrawals,deterministic_rule,high,deterministic_rule
ATM withdrawal...,Expense,2007.0,Transfers & Withdrawals,deterministic_rule,high,deterministic_rule
Abbu for transferring Lahore,Transfer,2007.0,Transfers & Withdrawals,deterministic_rule,high,deterministic_rule
Adeel Bhai Cash deposit from Abbottabad for Saman,Transfer,2007.0,Transfers & Withdrawals,approved_mapping,very_high,approved_mapping
Adil transfer,Expense,2007.0,Transfers & Withdrawals,deterministic_rule,high,deterministic_rule
Adv Plot money Mehmood Transfered,Income,2007.0,Transfers & Withdrawals,deterministic_rule,high,deterministic_rule
Afzal shops transfer ,Income,2007.0,Transfers & Withdrawals,deterministic_rule,high,deterministic_rule
Ahmed shop 11 transfer ,Income,2007.0,Transfers & Withdrawals,deterministic_rule,high,deterministic_rule
Alfalah credit card payment ,Expense,2007.0,Transfers & Withdrawals,deterministic_rule,high,deterministic_rule
Amount Transfer to Askari,Transfer,2007.0,Transfers & Withdrawals,deterministic_rule,high,deterministic_rule
Amount transferred to Cash,Transfer,2007.0,Transfers & Withdrawals,deterministic_rule,high,deterministic_rule
"Aqeel Dues of June 19 andvTransfer fees
",Expense,2007.0,Transfers & Withdrawals,deterministic_rule,high,deterministic_rule
Arsal Transfer Committee ,Income,2007.0,Transfers & Withdrawals,deterministic_rule,high,deterministic_rule
Arsalan Petty Cash,Transfer,2007.0,Transfers & Withdrawals,approved_mapping,very_high,approved_mapping
Arsalan bhai transfer my SCB ACCOUNT ,Income,2007.0,Transfers & Withdrawals,deterministic_rule,high,deterministic_rule
Asim friend transfer ,Income,2007.0,Transfers & Withdrawals,deterministic_rule,high,deterministic_rule
Atm Withdraw,Transfer,2007.0,Transfers & Withdrawals,approved_mapping,very_high,approved_mapping
Atm cashout,Transfer,2007.0,Transfers & Withdrawals,deterministic_rule,high,deterministic_rule
Atm se transfer sanwal ko,Expense,2007.0,Transfers & Withdrawals,deterministic_rule,high,deterministic_rule
Atm withdrawal fee,Expense,2007.0,Transfers & Withdrawals,deterministic_rule,high,deterministic_rule
B. C transfer ,Expense,2007.0,Transfers & Withdrawals,deterministic_rule,high,deterministic_rule
BAHL ATM cash withdrawal,Transfer,2007.0,Transfers & Withdrawals,deterministic_rule,high,deterministic_rule
BAHL ATM withdrawal,Transfer,2007.0,Transfers & Withdrawals,deterministic_rule,high,deterministic_rule
BC transfer month of July 2019,Expense,2007.0,Transfers & Withdrawals,deterministic_rule,high,deterministic_rule
Bahria Recovery Transfered,Transfer,2007.0,Transfers & Withdrawals,deterministic_rule,high,deterministic_rule
Bank Alfalah Payoneer Cash withdrawal,Income,2007.0,Transfers & Withdrawals,deterministic_rule,high,deterministic_rule
Bank Charges against online transfered for hafeez ullah,Transfer,2007.0,Transfers & Withdrawals,deterministic_rule,high,deterministic_rule
Bank Withdrawal Charges,Expense,2007.0,Transfers & Withdrawals,deterministic_rule,high,deterministic_rule
Bank charges on transfer to SC,Expense,2007.0,Transfers & Withdrawals,deterministic_rule,high,deterministic_rule
Bank transfer to Hamza against hard cash,Transfer,2007.0,Transfers & Withdrawals,deterministic_rule,high,deterministic_rule
Bike ownership transfers,Expense,2007.0,Transfers & Withdrawals,deterministic_rule,high,deterministic_rule
Borrowed by Suleman. online transfer into his Bank Al Habib Account. will return by 6th July ,Transfer,2007.0,Transfers & Withdrawals,deterministic_rule,high,deterministic_rule
Brig shop transfer,Income,2007.0,Transfers & Withdrawals,deterministic_rule,high,deterministic_rule
Burhan withdrawal ,Expense,2007.0,Transfers & Withdrawals,deterministic_rule,high,deterministic_rule
CORNWALL withdrawal,Transfer,2007.0,Transfers & Withdrawals,deterministic_rule,high,deterministic_rule
Cash,Transfer,2007.0,Transfers & Withdrawals,approved_mapping,very_high,approved_mapping
Cash Back Mariam,Transfer,2007.0,Transfers & Withdrawals,approved_mapping,very_high,approved_mapping
Cash Deposits,Transfer,2007.0,Transfers & Withdrawals,approved_mapping,very_high,approved_mapping
Cash Received ,Transfer,2007.0,Transfers & Withdrawals,approved_mapping,very_high,approved_mapping
Cash Transfer MZ,Transfer,2007.0,Transfers & Withdrawals,deterministic_rule,high,deterministic_rule
Cash Transfer web Hbl,Transfer,2007.0,Transfers & Withdrawals,deterministic_rule,high,deterministic_rule
Cash WD for Credit Card Payment,Expense,2007.0,Transfers & Withdrawals,deterministic_rule,high,deterministic_rule
Cash Withdraw,Transfer,2007.0,Transfers & Withdrawals,approved_mapping,very_high,approved_mapping
Cash Withdraw and Transfer to ABl,Transfer,2007.0,Transfers & Withdrawals,deterministic_rule,high,deterministic_rule
Cash Withdrawal ATM,Transfer,2007.0,Transfers & Withdrawals,deterministic_rule,high,deterministic_rule
Cash Withdrawal Fee,Expense,2007.0,Transfers & Withdrawals,deterministic_rule,high,deterministic_rule
Cash Withdrawal From UBL ATM,Transfer,2007.0,Transfers & Withdrawals,deterministic_rule,high,deterministic_rule
Cash Withdrawal expense @2.5% from Khan Computers ,Expense,2007.0,Transfers & Withdrawals,deterministic_rule,high,deterministic_rule
Cash Withdrawals from Bank.,Transfer,2007.0,Transfers & Withdrawals,deterministic_rule,high,deterministic_rule
Cash Withdrawl,Transfer,2007.0,Transfers & Withdrawals,approved_mapping,very_high,approved_mapping
Cash Withdrawn,Transfer,2007.0,Transfers & Withdrawals,approved_mapping,very_high,approved_mapping
Cash from Hem for eSewa transfer,Transfer,2007.0,Transfers & Withdrawals,deterministic_rule,high,deterministic_rule
Cash to Ijtema3i transfer,Transfer,2007.0,Transfers & Withdrawals,deterministic_rule,high,deterministic_rule
Cash transfer to Rabnawaz by Haji,Transfer,2007.0,Transfers & Withdrawals,deterministic_rule,high,deterministic_rule
Cash transferred to account ,Transfer,2007.0,Transfers & Withdrawals,deterministic_rule,high,deterministic_rule
Cash withdrawal ,Transfer,2007.0,Transfers & Withdrawals,approved_mapping,very_high,approved_mapping
"Cash withdrawal 19,000",Expense,2007.0,Transfers & Withdrawals,deterministic_rule,high,deterministic_rule
Cash withdrawal charges,Expense,2007.0,Transfers & Withdrawals,deterministic_rule,high,deterministic_rule
Cash withdrawal for meat and chiks,Transfer,2007.0,Transfers & Withdrawals,deterministic_rule,high,deterministic_rule
Cash withdrawal for wedding ,Transfer,2007.0,Transfers & Withdrawals,deterministic_rule,high,deterministic_rule
Charity transfer charges,Transfer,2007.0,Transfers & Withdrawals,deterministic_rule,high,deterministic_rule
Comity transfer...,Expense,2007.0,Transfers & Withdrawals,deterministic_rule,high,deterministic_rule
Cost for transfer of PNWA gifts money,Expense,2007.0,Transfers & Withdrawals,deterministic_rule,high,deterministic_rule
Credit Card Payment (8 Jul 2019),Expense,2007.0,Transfers & Withdrawals,deterministic_rule,high,deterministic_rule
Credit Card Payment - June 19,Transfer,2007.0,Transfers & Withdrawals,deterministic_rule,high,deterministic_rule
Credit Card Payment 4025810455009485 on a/c of loan repay to Fatima,Transfer,2007.0,Transfers & Withdrawals,deterministic_rule,high,deterministic_rule
Credit Card Payment 4025810455142385 on a/c of loan repay to Fatima,Transfer,2007.0,Transfers & Withdrawals,deterministic_rule,high,deterministic_rule
Credit Card Payment Aug 20,Transfer,2007.0,Transfers & Withdrawals,deterministic_rule,high,deterministic_rule
Credit Card Payment Jan 21,Transfer,2007.0,Transfers & Withdrawals,deterministic_rule,high,deterministic_rule
Credit Card Payment July 20,Transfer,2007.0,Transfers & Withdrawals,deterministic_rule,high,deterministic_rule
Credit Card Payment Sep 20,Transfer,2007.0,Transfers & Withdrawals,deterministic_rule,high,deterministic_rule
Credit Card Payment Shah Faisal,Income,2007.0,Transfers & Withdrawals,deterministic_rule,high,deterministic_rule
Credit Card Payment against Imtiaz,Transfer,2007.0,Transfers & Withdrawals,deterministic_rule,high,deterministic_rule
Credit card payment fees,Expense,2007.0,Transfers & Withdrawals,deterministic_rule,high,deterministic_rule
Credit card payment.,Expense,2007.0,Transfers & Withdrawals,deterministic_rule,high,deterministic_rule
Dani transfer fee,Expense,2007.0,Transfers & Withdrawals,deterministic_rule,high,deterministic_rule
Deposited including withdrawal charges,Transfer,2007.0,Transfers & Withdrawals,deterministic_rule,high,deterministic_rule
Donation - Contribution for Poor girl marriage from a generous people (Sana's Friend)..Fund Transfer of PKR 10000.00 was made from NIDA SAEED HBL Acc. # 107xxxxxxx1803 to TAUSEEF KHAN / SAAD KHAN Allied Bank Limited Acc. # 06770xxxxxxxxxx40018 through HBL Digital Banking on 08/11/2018 19:27:54.,Transfer,2007.0,Transfers & Withdrawals,deterministic_rule,high,deterministic_rule
Easypaisa transfer ,Income,2007.0,Transfers & Withdrawals,deterministic_rule,high,deterministic_rule
Easypaisa transfer for bms circuit ,Expense,2007.0,Transfers & Withdrawals,deterministic_rule,high,deterministic_rule
Ebay Proceeds Transfer,Transfer,2007.0,Transfers & Withdrawals,deterministic_rule,high,deterministic_rule
Ehtasham ko transfer kye,Expense,2007.0,Transfers & Withdrawals,deterministic_rule,high,deterministic_rule
Excise transfer,Expense,2007.0,Transfers & Withdrawals,deterministic_rule,high,deterministic_rule
FBL credit card payment June 19,Expense,2007.0,Transfers & Withdrawals,deterministic_rule,high,deterministic_rule
Facebook Ads (Transferred to Ahsan),Expense,2007.0,Transfers & Withdrawals,deterministic_rule,high,deterministic_rule
Family transfer ,Expense,2007.0,Transfers & Withdrawals,deterministic_rule,high,deterministic_rule
Faysal Bank Credit Card Payment,Expense,2007.0,Transfers & Withdrawals,deterministic_rule,high,deterministic_rule
For his Motor Car Transfer,Transfer,2007.0,Transfers & Withdrawals,deterministic_rule,high,deterministic_rule
For transferring to Lahore ,Transfer,2007.0,Transfers & Withdrawals,deterministic_rule,high,deterministic_rule
For transferring to SC,Transfer,2007.0,Transfers & Withdrawals,deterministic_rule,high,deterministic_rule
Fouzan committee transfer ,Expense,2007.0,Transfers & Withdrawals,deterministic_rule,high,deterministic_rule
Fouzan's committee transferred ,Expense,2007.0,Transfers & Withdrawals,deterministic_rule,high,deterministic_rule
From Saad to transfer Tauqeer bhai,Transfer,2007.0,Transfers & Withdrawals,deterministic_rule,high,deterministic_rule
Fund Transfer Fees,Expense,2007.0,Transfers & Withdrawals,deterministic_rule,high,deterministic_rule
Fund Transfer Khi,Expense,2007.0,Transfers & Withdrawals,deterministic_rule,high,deterministic_rule
Fund Transfer to EasyPaisa as there is no enough money for Buying mobile of 18k,Transfer,2007.0,Transfers & Withdrawals,deterministic_rule,high,deterministic_rule
Fund Transfered,Transfer,2007.0,Transfers & Withdrawals,deterministic_rule,high,deterministic_rule
Funds transfer,Transfer,2007.0,Transfers & Withdrawals,approved_mapping,very_high,approved_mapping
Funds transfer against loan returned ,Transfer,2007.0,Transfers & Withdrawals,deterministic_rule,high,deterministic_rule
Funds transfer charges,Expense,2007.0,Transfers & Withdrawals,deterministic_rule,high,deterministic_rule
Funds transfer fee,Expense,2007.0,Transfers & Withdrawals,deterministic_rule,high,deterministic_rule
Funds transfer for third inst of bike ,Transfer,2007.0,Transfers & Withdrawals,deterministic_rule,high,deterministic_rule
Funds transferred by iftikhar ,Transfer,2007.0,Transfers & Withdrawals,deterministic_rule,high,deterministic_rule
GJ cash from Haris,Transfer,2007.0,Transfers & Withdrawals,approved_mapping,very_high,approved_mapping
Hasan transfer for Farooq Bhai,Transfer,2007.0,Transfers & Withdrawals,deterministic_rule,high,deterministic_rule
Hassan shop 15 transfer ,Income,2007.0,Transfers & Withdrawals,deterministic_rule,high,deterministic_rule
Hassan transfer for Farooq bhai,Transfer,2007.0,Transfers & Withdrawals,deterministic_rule,high,deterministic_rule
Heera wala transfer,Expense,2007.0,Transfers & Withdrawals,deterministic_rule,high,deterministic_rule
Home: Cash Withdrawal,Transfer,2007.0,Transfers & Withdrawals,deterministic_rule,high,deterministic_rule
Honda civic transfer fee,Expense,2007.0,Transfers & Withdrawals,deterministic_rule,high,deterministic_rule
Honorarium of Sadia Salman Transferred to Kashif Javed,Expense,2007.0,Transfers & Withdrawals,deterministic_rule,high,deterministic_rule
Huma transferred her order stuff,Income,2007.0,Transfers & Withdrawals,deterministic_rule,high,deterministic_rule
IBFT transfer fee,Expense,2007.0,Transfers & Withdrawals,deterministic_rule,high,deterministic_rule
"INCOMING INTERNAL TRANSFER 
Amount 3000 SAR 
From محمد زبير زبير اعوان
Account 782*110
on10/07 at 20:32",Transfer,2007.0,Transfers & Withdrawals,deterministic_rule,high,deterministic_rule
"ITU application processing fees bop jamke 1000 challan, 120 online transfer fees",Expense,2007.0,Transfers & Withdrawals,deterministic_rule,high,deterministic_rule
Ignition payment transfer charges,Expense,2007.0,Transfers & Withdrawals,deterministic_rule,high,deterministic_rule
Interbank online transfer ,Transfer,2007.0,Transfers & Withdrawals,deterministic_rule,high,deterministic_rule
Internal Transfer,Transfer,2007.0,Transfers & Withdrawals,approved_mapping,very_high,approved_mapping
JS Bank credit card payment,Expense,2007.0,Transfers & Withdrawals,deterministic_rule,high,deterministic_rule
Jazz Cash withdrawal...,Expense,2007.0,Transfers & Withdrawals,deterministic_rule,high,deterministic_rule
JazzCash Cashback Transferred ,Transfer,2007.0,Transfers & Withdrawals,deterministic_rule,high,deterministic_rule
Jibran transfer for KE bill,Income,2007.0,Transfers & Withdrawals,deterministic_rule,high,deterministic_rule
Kashif bhai home 2K transfer Received then cash from bilal bill,Expense,2007.0,Transfers & Withdrawals,deterministic_rule,high,deterministic_rule
Kids Fee Transfer to Askari Bank,Transfer,2007.0,Transfers & Withdrawals,deterministic_rule,high,deterministic_rule
Liberty atm withdrawal ,Expense,2007.0,Transfers & Withdrawals,deterministic_rule,high,deterministic_rule
Loan transfer to basit,Expense,2007.0,Transfers & Withdrawals,deterministic_rule,high,deterministic_rule
MCA transfer for Car Lease and Others,Transfer,2007.0,Transfers & Withdrawals,deterministic_rule,high,deterministic_rule
MMJ transfer,Income,2007.0,Transfers & Withdrawals,deterministic_rule,high,deterministic_rule
MW transfer received in cash,Transfer,2007.0,Transfers & Withdrawals,deterministic_rule,high,deterministic_rule
Mamo Zahid Transfer,Income,2007.0,Transfers & Withdrawals,deterministic_rule,high,deterministic_rule
Maryam Hbl transfer for mobile ,Expense,2007.0,Transfers & Withdrawals,deterministic_rule,high,deterministic_rule
Mavra plot transfer fee,Expense,2007.0,Transfers & Withdrawals,deterministic_rule,high,deterministic_rule
Money transfer thru Rajesh,Expense,2007.0,Transfers & Withdrawals,deterministic_rule,high,deterministic_rule
Monthly Withdrawal ,Transfer,2007.0,Transfers & Withdrawals,deterministic_rule,high,deterministic_rule
"Monthly maintenance Rahimabad Colony , transfer to monthly carry , memorandum record only",Expense,2007.0,Transfers & Withdrawals,deterministic_rule,high,deterministic_rule
NCB Irfan withdrawal ,Transfer,2007.0,Transfers & Withdrawals,deterministic_rule,high,deterministic_rule
NIC withdrawal ,Transfer,2007.0,Transfers & Withdrawals,deterministic_rule,high,deterministic_rule
Netbanking + FED tax on funds transfer,Expense,2007.0,Transfers & Withdrawals,deterministic_rule,high,deterministic_rule
Nida apa dad bday transfer ,Transfer,2007.0,Transfers & Withdrawals,deterministic_rule,high,deterministic_rule
Office budget for transfer ,Income,2007.0,Transfers & Withdrawals,deterministic_rule,high,deterministic_rule
Online Transfer charges ,Expense,2007.0,Transfers & Withdrawals,deterministic_rule,high,deterministic_rule
Online bank transfer,Transfer,2007.0,Transfers & Withdrawals,deterministic_rule,high,deterministic_rule
Online interbank transfer ,Transfer,2007.0,Transfers & Withdrawals,deterministic_rule,high,deterministic_rule
Other bank Withdrawal,Expense,2007.0,Transfers & Withdrawals,deterministic_rule,high,deterministic_rule
PS5 Sale proceeds transfer,Transfer,2007.0,Transfers & Withdrawals,deterministic_rule,high,deterministic_rule
Paid to Hammad against bank transfer,Transfer,2007.0,Transfers & Withdrawals,deterministic_rule,high,deterministic_rule
Payment transferred to Khizar via Jazz Cash.,Expense,2007.0,Transfers & Withdrawals,deterministic_rule,high,deterministic_rule
Personal Withdrawal,Expense,2007.0,Transfers & Withdrawals,deterministic_rule,high,deterministic_rule
Phopho transfer,Transfer,2007.0,Transfers & Withdrawals,deterministic_rule,high,deterministic_rule
Rafiq shop 8 transfer,Income,2007.0,Transfers & Withdrawals,deterministic_rule,high,deterministic_rule
Received from Bubby transferred to ammi,Expense,2007.0,Transfers & Withdrawals,deterministic_rule,high,deterministic_rule
Received from Zahid to Transfer his cousin Usman Ghani,Transfer,2007.0,Transfers & Withdrawals,deterministic_rule,high,deterministic_rule
"Remaining amount of bank withdrawal
",Income,2007.0,Transfers & Withdrawals,deterministic_rule,high,deterministic_rule
Remittance from Papa has to be Transferred to Ammi,Transfer,2007.0,Transfers & Withdrawals,deterministic_rule,high,deterministic_rule
SC credit card payment ,Expense,2007.0,Transfers & Withdrawals,deterministic_rule,high,deterministic_rule
SCBL Transfer...,Transfer,2007.0,Transfers & Withdrawals,deterministic_rule,high,deterministic_rule
Saad: Cash Withdrawal,Transfer,2007.0,Transfers & Withdrawals,deterministic_rule,high,deterministic_rule
Sabeen transfer payoff cosmetics etc,Income,2007.0,Transfers & Withdrawals,deterministic_rule,high,deterministic_rule
Saima photography remaining amount transferred,Expense,2007.0,Transfers & Withdrawals,deterministic_rule,high,deterministic_rule
Salma Masi Transfer,Expense,2007.0,Transfers & Withdrawals,deterministic_rule,high,deterministic_rule
Salma kundi transfer ,Income,2007.0,Transfers & Withdrawals,deterministic_rule,high,deterministic_rule
Sanepa atm withdrawal ,Transfer,2007.0,Transfers & Withdrawals,deterministic_rule,high,deterministic_rule
Sarmad ATM Withdrawal,Expense,2007.0,Transfers & Withdrawals,deterministic_rule,high,deterministic_rule
Sarwar transfer fee,Income,2007.0,Transfers & Withdrawals,deterministic_rule,high,deterministic_rule
Savings from June Month Expenses and Transferred to ,Expense,2007.0,Transfers & Withdrawals,deterministic_rule,high,deterministic_rule
Shabaz deposit to transfer chacha,Transfer,2007.0,Transfers & Withdrawals,deterministic_rule,high,deterministic_rule
Shahbaz Deposit to transfer Chacha,Transfer,2007.0,Transfers & Withdrawals,deterministic_rule,high,deterministic_rule
Shamroz bhai nay Transfer kiye hain Al-Qaim mai jama karwanay k liye,Income,2007.0,Transfers & Withdrawals,deterministic_rule,high,deterministic_rule
Share Transfer,Transfer,2007.0,Transfers & Withdrawals,deterministic_rule,high,deterministic_rule
Sufyan Credit card payment,Income,2007.0,Transfers & Withdrawals,deterministic_rule,high,deterministic_rule
Tahir - transfer to waseem bhai,Expense,2007.0,Transfers & Withdrawals,deterministic_rule,high,deterministic_rule
Tahir transfer to meezan a/c,Transfer,2007.0,Transfers & Withdrawals,deterministic_rule,high,deterministic_rule
These were transfered to Bakhtawar's class fellow account ashe was raising for charity,Transfer,2007.0,Transfers & Withdrawals,deterministic_rule,high,deterministic_rule
Toy transfer,Transfer,2007.0,Transfers & Withdrawals,deterministic_rule,high,deterministic_rule
Transfer 15000 to Hassan his amount ,Transfer,2007.0,Transfers & Withdrawals,deterministic_rule,high,deterministic_rule
Transfer 5000 for bbq plus tax,Transfer,2007.0,Transfers & Withdrawals,deterministic_rule,high,deterministic_rule
Transfer Amina ,Expense,2007.0,Transfers & Withdrawals,deterministic_rule,high,deterministic_rule
Transfer Cash to UBL,Transfer,2007.0,Transfers & Withdrawals,deterministic_rule,high,deterministic_rule
"Transfer Fee
Mohsin Loan",Expense,2007.0,Transfers & Withdrawals,deterministic_rule,high,deterministic_rule
Transfer IC 10000,Transfer,2007.0,Transfers & Withdrawals,deterministic_rule,high,deterministic_rule
Transfer JazzCash Cashback,Transfer,2007.0,Transfers & Withdrawals,deterministic_rule,high,deterministic_rule
Transfer Of Ownership & Annual Token,Income,2007.0,Transfers & Withdrawals,deterministic_rule,high,deterministic_rule
"Transfer PKR 400,000 to Abid Fareeda account ",Expense,2007.0,Transfers & Withdrawals,deterministic_rule,high,deterministic_rule
"Transfer Yousuf Ambreen PKR 50,000",Expense,2007.0,Transfers & Withdrawals,deterministic_rule,high,deterministic_rule
Transfer by baba for given,Income,2007.0,Transfers & Withdrawals,deterministic_rule,high,deterministic_rule
Transfer charges ,Expense,2007.0,Transfers & Withdrawals,deterministic_rule,high,deterministic_rule
Transfer fees,Expense,2007.0,Transfers & Withdrawals,deterministic_rule,high,deterministic_rule
Transfer for Account Deletion,Transfer,2007.0,Transfers & Withdrawals,approved_mapping,very_high,approved_mapping
Transfer for Family remittence,Transfer,2007.0,Transfers & Withdrawals,deterministic_rule,high,deterministic_rule
Transfer for Shahbaz Chacha,Transfer,2007.0,Transfers & Withdrawals,deterministic_rule,high,deterministic_rule
Transfer for car,Transfer,2007.0,Transfers & Withdrawals,deterministic_rule,high,deterministic_rule
Transfer for credit card auto debit ,Transfer,2007.0,Transfers & Withdrawals,deterministic_rule,high,deterministic_rule
Transfer for personal Use,Transfer,2007.0,Transfers & Withdrawals,deterministic_rule,high,deterministic_rule
Transfer for saving ,Transfer,2007.0,Transfers & Withdrawals,approved_mapping,very_high,approved_mapping
Transfer from Nabil to Sanima,Transfer,2007.0,Transfers & Withdrawals,deterministic_rule,high,deterministic_rule
Transfer from credit card,Transfer,2007.0,Transfers & Withdrawals,deterministic_rule,high,deterministic_rule
Transfer from joint account ,Income,2007.0,Transfers & Withdrawals,deterministic_rule,high,deterministic_rule
Transfer into Aqsa Account ,Transfer,2007.0,Transfers & Withdrawals,deterministic_rule,high,deterministic_rule
Transfer money ,Expense,2007.0,Transfers & Withdrawals,deterministic_rule,high,deterministic_rule
"Transfer monthly carry, savings amount",Expense,2007.0,Transfers & Withdrawals,deterministic_rule,high,deterministic_rule
Transfer person type account to cash account type account ,Transfer,2007.0,Transfers & Withdrawals,deterministic_rule,high,deterministic_rule
Transfer tax,Expense,2007.0,Transfers & Withdrawals,deterministic_rule,high,deterministic_rule
Transfer to A/C,Expense,2007.0,Transfers & Withdrawals,deterministic_rule,high,deterministic_rule
Transfer to Aakashganga,Transfer,2007.0,Transfers & Withdrawals,deterministic_rule,high,deterministic_rule
Transfer to Abbas sb...,Expense,2007.0,Transfers & Withdrawals,deterministic_rule,high,deterministic_rule
Transfer to Abbu account ,Expense,2007.0,Transfers & Withdrawals,deterministic_rule,high,deterministic_rule
Transfer to Abdul Rehman,Expense,2007.0,Transfers & Withdrawals,deterministic_rule,high,deterministic_rule
Transfer to Account,Transfer,2007.0,Transfers & Withdrawals,deterministic_rule,high,deterministic_rule
Transfer to Arooma,Expense,2007.0,Transfers & Withdrawals,deterministic_rule,high,deterministic_rule
Transfer to Attiq and take cash from attiq,Transfer,2007.0,Transfers & Withdrawals,deterministic_rule,high,deterministic_rule
Transfer to Christian for outdoor day,Expense,2007.0,Transfers & Withdrawals,deterministic_rule,high,deterministic_rule
Transfer to DIB ,Transfer,2007.0,Transfers & Withdrawals,deterministic_rule,high,deterministic_rule
Transfer to Hammad against silk bank mycart payment,Transfer,2007.0,Transfers & Withdrawals,deterministic_rule,high,deterministic_rule
Transfer to Hamza against Hard cash,Transfer,2007.0,Transfers & Withdrawals,deterministic_rule,high,deterministic_rule
Transfer to Nabil,Transfer,2007.0,Transfers & Withdrawals,deterministic_rule,high,deterministic_rule
Transfer to Nanu account,Transfer,2007.0,Transfers & Withdrawals,deterministic_rule,high,deterministic_rule
Transfer to Sarfraz LNH TM,Expense,2007.0,Transfers & Withdrawals,deterministic_rule,high,deterministic_rule
Transfer to Saving Account,Transfer,2007.0,Transfers & Withdrawals,deterministic_rule,high,deterministic_rule
Transfer to Shahbaz Chacha,Transfer,2007.0,Transfers & Withdrawals,deterministic_rule,high,deterministic_rule
Transfer to Shama Naheed Azam SB instructions,Transfer,2007.0,Transfers & Withdrawals,deterministic_rule,high,deterministic_rule
Transfer to Sheikh Adil ,Expense,2007.0,Transfers & Withdrawals,deterministic_rule,high,deterministic_rule
Transfer to Tahir,Transfer,2007.0,Transfers & Withdrawals,deterministic_rule,high,deterministic_rule
Transfer to Tahir Meezan,Transfer,2007.0,Transfers & Withdrawals,deterministic_rule,high,deterministic_rule
Transfer to Tauqeer Bhai- 100000/400000,Transfer,2007.0,Transfers & Withdrawals,deterministic_rule,high,deterministic_rule
Transfer to Tauqeer Bhai- 250000/400000 -  200k + 50k,Transfer,2007.0,Transfers & Withdrawals,deterministic_rule,high,deterministic_rule
Transfer to Tauqeer Bhai- 50000/400000,Transfer,2007.0,Transfers & Withdrawals,deterministic_rule,high,deterministic_rule
Transfer to Tayyaba,Expense,2007.0,Transfers & Withdrawals,deterministic_rule,high,deterministic_rule
Transfer to UBL,Expense,2007.0,Transfers & Withdrawals,deterministic_rule,high,deterministic_rule
Transfer to Wallet,Transfer,2007.0,Transfers & Withdrawals,deterministic_rule,high,deterministic_rule
Transfer to Zernab,Expense,2007.0,Transfers & Withdrawals,deterministic_rule,high,deterministic_rule
Transfer to cash ,Transfer,2007.0,Transfers & Withdrawals,approved_mapping,very_high,approved_mapping
"Transfer to mobicash , 58 extra",Expense,2007.0,Transfers & Withdrawals,deterministic_rule,high,deterministic_rule
Transfer to my meezan,Transfer,2007.0,Transfers & Withdrawals,deterministic_rule,high,deterministic_rule
Transfer to neeshu,Expense,2007.0,Transfers & Withdrawals,deterministic_rule,high,deterministic_rule
Transfer to pouch.,Transfer,2007.0,Transfers & Withdrawals,deterministic_rule,high,deterministic_rule
Transfer to tahir for azhar commission loan and my commission,Expense,2007.0,Transfers & Withdrawals,deterministic_rule,high,deterministic_rule
"Transfer, New account Hysab Kytab",Transfer,2007.0,Transfers & Withdrawals,deterministic_rule,high,deterministic_rule
Transfered,Transfer,2007.0,Transfers & Withdrawals,deterministic_rule,high,deterministic_rule
Transfered money to atifs friend muhammad ali,Transfer,2007.0,Transfers & Withdrawals,deterministic_rule,high,deterministic_rule
Transfered to Aftab Offset Printers Account,Transfer,2007.0,Transfers & Withdrawals,deterministic_rule,high,deterministic_rule
Transfered to Nazish Account,Expense,2007.0,Transfers & Withdrawals,deterministic_rule,high,deterministic_rule
Transfered to Shak for dhs ,Expense,2007.0,Transfers & Withdrawals,deterministic_rule,high,deterministic_rule
Transferred,Transfer,2007.0,Transfers & Withdrawals,deterministic_rule,high,deterministic_rule
Transferred 10 Lac in Agha Muhammad's Account for Amnesty Scheme.,Income,2007.0,Transfers & Withdrawals,deterministic_rule,high,deterministic_rule
Transferred For Personal Use,Transfer,2007.0,Transfers & Withdrawals,deterministic_rule,high,deterministic_rule
Transferred back,Transfer,2007.0,Transfers & Withdrawals,deterministic_rule,high,deterministic_rule
Transferred by Absar ,Transfer,2007.0,Transfers & Withdrawals,deterministic_rule,high,deterministic_rule
Transferred by Adnan Sajid for Package,Transfer,2007.0,Transfers & Withdrawals,deterministic_rule,high,deterministic_rule
"Transferred by Faizan Total 3,000/-",Transfer,2007.0,Transfers & Withdrawals,deterministic_rule,high,deterministic_rule
Transferred by Salman for Payment to Anwar Chacha,Transfer,2007.0,Transfers & Withdrawals,deterministic_rule,high,deterministic_rule
Transferred due to good exchange rate,Transfer,2007.0,Transfers & Withdrawals,deterministic_rule,high,deterministic_rule
Transferred for Capital One payment and Daily Use,Transfer,2007.0,Transfers & Withdrawals,deterministic_rule,high,deterministic_rule
Transferred for Home Remittance,Transfer,2007.0,Transfers & Withdrawals,deterministic_rule,high,deterministic_rule
Transferred for Remittance,Transfer,2007.0,Transfers & Withdrawals,deterministic_rule,high,deterministic_rule
Transferred for may 2021,Transfer,2007.0,Transfers & Withdrawals,deterministic_rule,high,deterministic_rule
Transferred from Easy Paisa,Transfer,2007.0,Transfers & Withdrawals,deterministic_rule,high,deterministic_rule
"Transferred from Saudi. Savings, amount adjusted for unaccounted for expenses",Income,2007.0,Transfers & Withdrawals,deterministic_rule,high,deterministic_rule
Transferred ftm May 2021,Transfer,2007.0,Transfers & Withdrawals,deterministic_rule,high,deterministic_rule
Transferred to Abu ge account,Expense,2007.0,Transfers & Withdrawals,deterministic_rule,high,deterministic_rule
Transferred to Bhaijan for Mahira tests. ,Expense,2007.0,Transfers & Withdrawals,deterministic_rule,high,deterministic_rule
Transferred to Faad,Expense,2007.0,Transfers & Withdrawals,deterministic_rule,high,deterministic_rule
Transferred to Lahore- Jawad Islam,Transfer,2007.0,Transfers & Withdrawals,deterministic_rule,high,deterministic_rule
Transferred to Miss Tehreem,Expense,2007.0,Transfers & Withdrawals,deterministic_rule,high,deterministic_rule
Transferred to Monzo for Faad khalid's payment,Transfer,2007.0,Transfers & Withdrawals,deterministic_rule,high,deterministic_rule
Transferred to Mufti Abdul Mannan Sahb,Expense,2007.0,Transfers & Withdrawals,deterministic_rule,high,deterministic_rule
Transferred to Musab,Transfer,2007.0,Transfers & Withdrawals,deterministic_rule,high,deterministic_rule
Transferred to SBI Account,Expense,2007.0,Transfers & Withdrawals,deterministic_rule,high,deterministic_rule
Transferred to SC,Transfer,2007.0,Transfers & Withdrawals,deterministic_rule,high,deterministic_rule
Transferred to SC for June 2021 Remittance,Transfer,2007.0,Transfers & Withdrawals,deterministic_rule,high,deterministic_rule
Transferred to SC for remittance,Transfer,2007.0,Transfers & Withdrawals,deterministic_rule,high,deterministic_rule
Transferred to Waseem account,Expense,2007.0,Transfers & Withdrawals,deterministic_rule,high,deterministic_rule
Transferred to Zubair c/o Dad ,Expense,2007.0,Transfers & Withdrawals,deterministic_rule,high,deterministic_rule
Transferred to bhaijan to be returned in cash. ,Transfer,2007.0,Transfers & Withdrawals,deterministic_rule,high,deterministic_rule
Transferred to eSewa,Transfer,2007.0,Transfers & Withdrawals,deterministic_rule,high,deterministic_rule
Transferred to easy credit ,Expense,2007.0,Transfers & Withdrawals,deterministic_rule,high,deterministic_rule
Transferred to hbl,Expense,2007.0,Transfers & Withdrawals,deterministic_rule,high,deterministic_rule
Transferred to jazz cash,Transfer,2007.0,Transfers & Withdrawals,deterministic_rule,high,deterministic_rule
Transferred to noman for 2 stabilizer switces ,Expense,2007.0,Transfers & Withdrawals,deterministic_rule,high,deterministic_rule
Transferred to pot ftm May 2021,Transfer,2007.0,Transfers & Withdrawals,deterministic_rule,high,deterministic_rule
Transferring Fee for EasyPaisa Fund Transfer,Expense,2007.0,Transfers & Withdrawals,deterministic_rule,high,deterministic_rule
Transferring amount to new account for new fiscal year,Transfer,2007.0,Transfers & Withdrawals,deterministic_rule,high,deterministic_rule
Transferring to new bank account created for new fiscal year 2019-2020,Transfer,2007.0,Transfers & Withdrawals,deterministic_rule,high,deterministic_rule
Transfers,Transfer,2007.0,Transfers & Withdrawals,deterministic_rule,high,deterministic_rule
USD 10K transferred to PKR account,Income,2007.0,Transfers & Withdrawals,deterministic_rule,high,deterministic_rule
Umair: Cash Withdrawal,Transfer,2007.0,Transfers & Withdrawals,deterministic_rule,high,deterministic_rule
WHT 0.6% on withdrawal,Expense,2007.0,Transfers & Withdrawals,deterministic_rule,high,deterministic_rule
WHT @ 0.6 % CC Payment + 15k withdrawal same day,Expense,2007.0,Transfers & Withdrawals,deterministic_rule,high,deterministic_rule
"WHT @ 0.6% on 100,000 transfer",Expense,2007.0,Transfers & Withdrawals,deterministic_rule,high,deterministic_rule
Wallet Transfer ,Transfer,2007.0,Transfers & Withdrawals,deterministic_rule,high,deterministic_rule
Wifey transfer and 7K for mechanic ,Transfer,2007.0,Transfers & Withdrawals,deterministic_rule,high,deterministic_rule
Withdrawal ,Transfer,2007.0,Transfers & Withdrawals,approved_mapping,very_high,approved_mapping
Withdrawal Charges by LD Dilshad,Expense,2007.0,Transfers & Withdrawals,deterministic_rule,high,deterministic_rule
Withdrawal for Ammar ,Transfer,2007.0,Transfers & Withdrawals,deterministic_rule,high,deterministic_rule
Withdrawal for personal use,Transfer,2007.0,Transfers & Withdrawals,deterministic_rule,high,deterministic_rule
Withdrawal from Sanima,Transfer,2007.0,Transfers & Withdrawals,deterministic_rule,high,deterministic_rule
Withdrawal from Soneri ,Income,2007.0,Transfers & Withdrawals,deterministic_rule,high,deterministic_rule
Withdrawal from bank,Transfer,2007.0,Transfers & Withdrawals,deterministic_rule,high,deterministic_rule
Withdrawal from jazz cash...,Expense,2007.0,Transfers & Withdrawals,deterministic_rule,high,deterministic_rule
Withdrawal of cash,Transfer,2007.0,Transfers & Withdrawals,deterministic_rule,high,deterministic_rule
Withdrawl,Transfer,2007.0,Transfers & Withdrawals,approved_mapping,very_high,approved_mapping
ZAKAT DONATION   Donation - Contribution for Poor girl marriage from a generous people (Sana's Friend) .....Sana UBL.. Cash 50000 to Ami G and transfer to sana A/C from ami meezan account from ami g ac ,Transfer,2007.0,Transfers & Withdrawals,deterministic_rule,high,deterministic_rule
ZAKAT DONATION Donation - Contribution for Poor girl marriage from a generous people (Sana's Friend) ...Cash to Ami G and transfer to Sana from Ami G account 5 Marchh 2019 Rs.40000 and 6 March 2019 Rs. 30000,Transfer,2007.0,Transfers & Withdrawals,deterministic_rule,high,deterministic_rule
ZAKAT DONATION Donation - Contribution for Poor girl marriage from a generous people (Sana's Friend)..Fund Transfer of PKR 10000.00 was made from NIDA SAEED HBL Acc. # 107xxxxxxx1803 to TAUSEEF KHAN / SAAD KHAN Allied Bank Limited Acc. # 06770xxxxxxxxxx40018 through HBL Digital Banking on 08/11/2018 19:27:54.,Transfer,2007.0,Transfers & Withdrawals,deterministic_rule,high,deterministic_rule
abdullah hassan online transfer ,Expense,2007.0,Transfers & Withdrawals,deterministic_rule,high,deterministic_rule
abu transfer ,Expense,2007.0,Transfers & Withdrawals,deterministic_rule,high,deterministic_rule
account transfer to sadat Hussain kb brother,Transfer,2007.0,Transfers & Withdrawals,deterministic_rule,high,deterministic_rule
aiman money transfer,Expense,2007.0,Transfers & Withdrawals,deterministic_rule,high,deterministic_rule
ak pharma online transfer,Expense,2007.0,Transfers & Withdrawals,deterministic_rule,high,deterministic_rule
alfalah credit card payment bilal,Expense,2007.0,Transfers & Withdrawals,deterministic_rule,high,deterministic_rule
alfardan transfer,Transfer,2007.0,Transfers & Withdrawals,deterministic_rule,high,deterministic_rule
amount transfer ,Transfer,2007.0,Transfers & Withdrawals,deterministic_rule,high,deterministic_rule
amount transfer from asad,Income,2007.0,Transfers & Withdrawals,deterministic_rule,high,deterministic_rule
aqeel transfer me ,Income,2007.0,Transfers & Withdrawals,deterministic_rule,high,deterministic_rule
aqeel transfer me by ubl,Income,2007.0,Transfers & Withdrawals,deterministic_rule,high,deterministic_rule
asad transfer against slipper purchased ,Income,2007.0,Transfers & Withdrawals,deterministic_rule,high,deterministic_rule
asad transfer comision,Income,2007.0,Transfers & Withdrawals,deterministic_rule,high,deterministic_rule
asad transfer for MI band purchasd,Income,2007.0,Transfers & Withdrawals,deterministic_rule,high,deterministic_rule
atm,Transfer,2007.0,Transfers & Withdrawals,approved_mapping,very_high,approved_mapping
atm cash,Transfer,2007.0,Transfers & Withdrawals,approved_mapping,very_high,approved_mapping
atm cash F10 waist coat,Transfer,2007.0,Transfers & Withdrawals,deterministic_rule,high,deterministic_rule
atm cash office,Transfer,2007.0,Transfers & Withdrawals,deterministic_rule,high,deterministic_rule
atm transfer,Transfer,2007.0,Transfers & Withdrawals,approved_mapping,very_high,approved_mapping
atm transfer from f-10 bank. ,Transfer,2007.0,Transfers & Withdrawals,deterministic_rule,high,deterministic_rule
atm withdrawal ,Transfer,2007.0,Transfers & Withdrawals,approved_mapping,very_high,approved_mapping
atm withdrawal at Sargodha for buying fridge and oven,Transfer,2007.0,Transfers & Withdrawals,deterministic_rule,high,deterministic_rule
atm withdrawal at daewoo,Transfer,2007.0,Transfers & Withdrawals,deterministic_rule,high,deterministic_rule
atm withdrawal charges,Expense,2007.0,Transfers & Withdrawals,deterministic_rule,high,deterministic_rule
atm withdrawal for bilal,Expense,2007.0,Transfers & Withdrawals,deterministic_rule,high,deterministic_rule
atm withdrawals ,Income,2007.0,Transfers & Withdrawals,deterministic_rule,high,deterministic_rule
atm withdrawl,Transfer,2007.0,Transfers & Withdrawals,approved_mapping,very_high,approved_mapping
babloo ko advance mae transfer kiya ta,Expense,2007.0,Transfers & Withdrawals,deterministic_rule,high,deterministic_rule
balance transfer,Transfer,2007.0,Transfers & Withdrawals,approved_mapping,very_high,approved_mapping
balance transferred,Transfer,2007.0,Transfers & Withdrawals,deterministic_rule,high,deterministic_rule
balnace transfer to ubl,Expense,2007.0,Transfers & Withdrawals,deterministic_rule,high,deterministic_rule
"bank changes on withdrawal of 600,000",Expense,2007.0,Transfers & Withdrawals,deterministic_rule,high,deterministic_rule
bank charges for transfers,Expense,2007.0,Transfers & Withdrawals,deterministic_rule,high,deterministic_rule
bank charges idap transfer ,Transfer,2007.0,Transfers & Withdrawals,deterministic_rule,high,deterministic_rule
bank charges on 2200 withdrawal,Expense,2007.0,Transfers & Withdrawals,deterministic_rule,high,deterministic_rule
bank transfer,Transfer,2007.0,Transfers & Withdrawals,approved_mapping,very_high,approved_mapping
bank transfer charges,Expense,2007.0,Transfers & Withdrawals,deterministic_rule,high,deterministic_rule
bank transfer fee,Expense,2007.0,Transfers & Withdrawals,deterministic_rule,high,deterministic_rule
"bank transfer to asim
",Expense,2007.0,Transfers & Withdrawals,deterministic_rule,high,deterministic_rule
bell boy luggage transfer of rooms,Expense,2007.0,Transfers & Withdrawals,deterministic_rule,high,deterministic_rule
bilal chq withdrawal ,Expense,2007.0,Transfers & Withdrawals,deterministic_rule,high,deterministic_rule
bilal credit card payment ,Expense,2007.0,Transfers & Withdrawals,deterministic_rule,high,deterministic_rule
bilal saleeem  online transfer,Expense,2007.0,Transfers & Withdrawals,deterministic_rule,high,deterministic_rule
bilal transfer me,Income,2007.0,Transfers & Withdrawals,deterministic_rule,high,deterministic_rule
by cheque transfer,Transfer,2007.0,Transfers & Withdrawals,deterministic_rule,high,deterministic_rule
cards payment A.N account se transfer.,Expense,2007.0,Transfers & Withdrawals,deterministic_rule,high,deterministic_rule
cash atm,Transfer,2007.0,Transfers & Withdrawals,approved_mapping,very_high,approved_mapping
cash deposit,Transfer,2007.0,Transfers & Withdrawals,approved_mapping,very_high,approved_mapping
cash in lieu to Junaid for ATM cash,Expense,2007.0,Transfers & Withdrawals,deterministic_rule,high,deterministic_rule
cash needed,Transfer,2007.0,Transfers & Withdrawals,approved_mapping,very_high,approved_mapping
cash paid ,Transfer,2007.0,Transfers & Withdrawals,approved_mapping,very_high,approved_mapping
cash rcv from jazz cash and transfer to sajid for glass wool,Expense,2007.0,Transfers & Withdrawals,deterministic_rule,high,deterministic_rule
cash transfer,Transfer,2007.0,Transfers & Withdrawals,approved_mapping,very_high,approved_mapping
cash transfer for mobile banking,Transfer,2007.0,Transfers & Withdrawals,deterministic_rule,high,deterministic_rule
cash transfer into hassan cheema account ,Transfer,2007.0,Transfers & Withdrawals,deterministic_rule,high,deterministic_rule
cash withdrawal for kameez shalwar,Transfer,2007.0,Transfers & Withdrawals,deterministic_rule,high,deterministic_rule
cash withdrawal from ATM,Income,2007.0,Transfers & Withdrawals,deterministic_rule,high,deterministic_rule
cash withdrawals for exp ,Transfer,2007.0,Transfers & Withdrawals,approved_mapping,very_high,approved_mapping
charity account transfer ,Expense,2007.0,Transfers & Withdrawals,deterministic_rule,high,deterministic_rule
chq transfer,Income,2007.0,Transfers & Withdrawals,deterministic_rule,high,deterministic_rule
chq transfer to ibrar,Expense,2007.0,Transfers & Withdrawals,deterministic_rule,high,deterministic_rule
chq withdrawal ,Expense,2007.0,Transfers & Withdrawals,deterministic_rule,high,deterministic_rule
commission on credit card balance transfer,Expense,2007.0,Transfers & Withdrawals,deterministic_rule,high,deterministic_rule
committee transfer ,Expense,2007.0,Transfers & Withdrawals,deterministic_rule,high,deterministic_rule
committee transfer 15k,Expense,2007.0,Transfers & Withdrawals,deterministic_rule,high,deterministic_rule
credit card payment,Expense,2007.0,Transfers & Withdrawals,deterministic_rule,high,deterministic_rule
credit card payment BAF,Expense,2007.0,Transfers & Withdrawals,deterministic_rule,high,deterministic_rule
credit card payment gvn,Expense,2007.0,Transfers & Withdrawals,deterministic_rule,high,deterministic_rule
"credit card payment,  car svc lhr wash up",Expense,2007.0,Transfers & Withdrawals,deterministic_rule,high,deterministic_rule
credit card payments ,Expense,2007.0,Transfers & Withdrawals,deterministic_rule,high,deterministic_rule
daewoo ticket multan to bahawalpur transfer to Jawad Sb account,Expense,2007.0,Transfers & Withdrawals,deterministic_rule,high,deterministic_rule
dahmi medi cos online transfer ,Expense,2007.0,Transfers & Withdrawals,deterministic_rule,high,deterministic_rule
eSewa transfer ,Expense,2007.0,Transfers & Withdrawals,deterministic_rule,high,deterministic_rule
easy Paisa transfer fees,Expense,2007.0,Transfers & Withdrawals,deterministic_rule,high,deterministic_rule
easy paisa transfer fee ,Expense,2007.0,Transfers & Withdrawals,deterministic_rule,high,deterministic_rule
esawa transfer,Transfer,2007.0,Transfers & Withdrawals,deterministic_rule,high,deterministic_rule
faisal funds transfer fee,Expense,2007.0,Transfers & Withdrawals,deterministic_rule,high,deterministic_rule
family committee transfer,Expense,2007.0,Transfers & Withdrawals,deterministic_rule,high,deterministic_rule
farooq ezpaisa transfer back,Income,2007.0,Transfers & Withdrawals,deterministic_rule,high,deterministic_rule
father's atm withdrawal,Income,2007.0,Transfers & Withdrawals,deterministic_rule,high,deterministic_rule
fee for payment transfer to bank al habib 80000 ,Expense,2007.0,Transfers & Withdrawals,deterministic_rule,high,deterministic_rule
for Credit Card Payment,Transfer,2007.0,Transfers & Withdrawals,deterministic_rule,high,deterministic_rule
for Lahore transfer ,Transfer,2007.0,Transfers & Withdrawals,deterministic_rule,high,deterministic_rule
for hbl transfer,Transfer,2007.0,Transfers & Withdrawals,deterministic_rule,high,deterministic_rule
for the fuelling transfer 10000 from scb,Income,2007.0,Transfers & Withdrawals,deterministic_rule,high,deterministic_rule
forex transfer ,Income,2007.0,Transfers & Withdrawals,deterministic_rule,high,deterministic_rule
fund transfer,Transfer,2007.0,Transfers & Withdrawals,deterministic_rule,high,deterministic_rule
funds transfer to hbl and alfala mine,Expense,2007.0,Transfers & Withdrawals,deterministic_rule,high,deterministic_rule
get from home transfered to bank account ,Income,2007.0,Transfers & Withdrawals,deterministic_rule,high,deterministic_rule
gift amount from badal transfer,Transfer,2007.0,Transfers & Withdrawals,deterministic_rule,high,deterministic_rule
given for transfer ,Transfer,2007.0,Transfers & Withdrawals,deterministic_rule,high,deterministic_rule
got cash from Babar against an online transfer ,Transfer,2007.0,Transfers & Withdrawals,deterministic_rule,high,deterministic_rule
hbl atm withdrawal for lawyer payment ,Expense,2007.0,Transfers & Withdrawals,deterministic_rule,high,deterministic_rule
hbl credit card payment ,Expense,2007.0,Transfers & Withdrawals,deterministic_rule,high,deterministic_rule
hbl fund transfer,Expense,2007.0,Transfers & Withdrawals,deterministic_rule,high,deterministic_rule
hussain de Account transfer stocks lay ,Expense,2007.0,Transfers & Withdrawals,deterministic_rule,high,deterministic_rule
irfan da meezan Account transfer ,Expense,2007.0,Transfers & Withdrawals,deterministic_rule,high,deterministic_rule
irfan meezan Account transfer ,Expense,2007.0,Transfers & Withdrawals,deterministic_rule,high,deterministic_rule
irfan transfer kita Account cha ,Income,2007.0,Transfers & Withdrawals,deterministic_rule,high,deterministic_rule
irfan transfer kita Kamran lay Kamran na Gide ,Income,2007.0,Transfers & Withdrawals,deterministic_rule,high,deterministic_rule
jazz cash,Transfer,2007.0,Transfers & Withdrawals,approved_mapping,very_high,approved_mapping
jazz cash transfer from Hassan,Income,2007.0,Transfers & Withdrawals,deterministic_rule,high,deterministic_rule
"jazz transfer Tahir sport's 
Rs 30,000.00 sent to UMAR TAHAR JazzCash A/C: 03344065867. Fee: Rs 0.00. Deduction: Rs 30,000.00, Balance: Rs 6,564.50. TID: 006078522810",Expense,2007.0,Transfers & Withdrawals,deterministic_rule,high,deterministic_rule
jibran transfer ag broast,Transfer,2007.0,Transfers & Withdrawals,deterministic_rule,high,deterministic_rule
july bill hissab+ ammra transfer +rent,Expense,2007.0,Transfers & Withdrawals,deterministic_rule,high,deterministic_rule
kamran asghr online transfer ,Expense,2007.0,Transfers & Withdrawals,deterministic_rule,high,deterministic_rule
karim travels online transfer,Expense,2007.0,Transfers & Withdrawals,deterministic_rule,high,deterministic_rule
kashif bhai transfer,Expense,2007.0,Transfers & Withdrawals,deterministic_rule,high,deterministic_rule
kb payment transfer to irsa account ,Transfer,2007.0,Transfers & Withdrawals,deterministic_rule,high,deterministic_rule
kb payment transfer to saadat account ,Transfer,2007.0,Transfers & Withdrawals,deterministic_rule,high,deterministic_rule
key transfer taufa (new bike),Expense,2007.0,Transfers & Withdrawals,deterministic_rule,high,deterministic_rule
khalid trader  online transfer ,Expense,2007.0,Transfers & Withdrawals,deterministic_rule,high,deterministic_rule
kharcha 335 F transfer,Expense,2007.0,Transfers & Withdrawals,deterministic_rule,high,deterministic_rule
khud cash diya,Transfer,2007.0,Transfers & Withdrawals,approved_mapping,very_high,approved_mapping
khurram bhai transfer,Expense,2007.0,Transfers & Withdrawals,deterministic_rule,high,deterministic_rule
last committee transferred to Musharraf acct,Expense,2007.0,Transfers & Withdrawals,deterministic_rule,high,deterministic_rule
"lended money to mavery, he transfered it to hbl",Transfer,2007.0,Transfers & Withdrawals,deterministic_rule,high,deterministic_rule
"lended to mavery, he transfered it to Hbl",Transfer,2007.0,Transfers & Withdrawals,deterministic_rule,high,deterministic_rule
load . cash transfer,Transfer,2007.0,Transfers & Withdrawals,deterministic_rule,high,deterministic_rule
loan gives to JABIR on account transferred ,Expense,2007.0,Transfers & Withdrawals,deterministic_rule,high,deterministic_rule
mavery transfered money to hbl,Transfer,2007.0,Transfers & Withdrawals,deterministic_rule,high,deterministic_rule
me and huma skincare. she transferred hers,Expense,2007.0,Transfers & Withdrawals,deterministic_rule,high,deterministic_rule
miss sanober balance transfer,Expense,2007.0,Transfers & Withdrawals,deterministic_rule,high,deterministic_rule
money transfer charge,Expense,2007.0,Transfers & Withdrawals,deterministic_rule,high,deterministic_rule
money transfer cutout,Expense,2007.0,Transfers & Withdrawals,deterministic_rule,high,deterministic_rule
nabeel ko transfer kiya,Expense,2007.0,Transfers & Withdrawals,deterministic_rule,high,deterministic_rule
nadia transfer,Transfer,2007.0,Transfers & Withdrawals,deterministic_rule,high,deterministic_rule
nehari bf transfer from appi + aliexpress refund,Income,2007.0,Transfers & Withdrawals,deterministic_rule,high,deterministic_rule
net transfer ,Income,2007.0,Transfers & Withdrawals,deterministic_rule,high,deterministic_rule
nida transfer leftover,Income,2007.0,Transfers & Withdrawals,deterministic_rule,high,deterministic_rule
nmb to Siddhartha transfer fee,Expense,2007.0,Transfers & Withdrawals,deterministic_rule,high,deterministic_rule
normal withdrawals,Expense,2007.0,Transfers & Withdrawals,deterministic_rule,high,deterministic_rule
not transfer just for app calculations ,Transfer,2007.0,Transfers & Withdrawals,deterministic_rule,high,deterministic_rule
office committe transfer,Expense,2007.0,Transfers & Withdrawals,deterministic_rule,high,deterministic_rule
on transfer to ubl,Expense,2007.0,Transfers & Withdrawals,deterministic_rule,high,deterministic_rule
onlince chk withdrawal ,Expense,2007.0,Transfers & Withdrawals,deterministic_rule,high,deterministic_rule
online chq withdrawal ,Expense,2007.0,Transfers & Withdrawals,deterministic_rule,high,deterministic_rule
online transfer ,Transfer,2007.0,Transfers & Withdrawals,approved_mapping,very_high,approved_mapping
online transfer  to imran nawasish,Expense,2007.0,Transfers & Withdrawals,deterministic_rule,high,deterministic_rule
online transfer  to mehbobb tube mill,Expense,2007.0,Transfers & Withdrawals,deterministic_rule,high,deterministic_rule
online transfer + security Gaurd ,Expense,2007.0,Transfers & Withdrawals,deterministic_rule,high,deterministic_rule
online transfer ansar,Expense,2007.0,Transfers & Withdrawals,deterministic_rule,high,deterministic_rule
online transfer bilal ubl ,Expense,2007.0,Transfers & Withdrawals,deterministic_rule,high,deterministic_rule
online transfer for wedding ,Expense,2007.0,Transfers & Withdrawals,deterministic_rule,high,deterministic_rule
online transfer from tariq bhai,Expense,2007.0,Transfers & Withdrawals,deterministic_rule,high,deterministic_rule
online transfer sajjad husain,Expense,2007.0,Transfers & Withdrawals,deterministic_rule,high,deterministic_rule
online transfer tariq bhai,Expense,2007.0,Transfers & Withdrawals,deterministic_rule,high,deterministic_rule
online transfer to  faysal bank,Expense,2007.0,Transfers & Withdrawals,deterministic_rule,high,deterministic_rule
online transfer to Dr. Farooq,Expense,2007.0,Transfers & Withdrawals,deterministic_rule,high,deterministic_rule
online transfer to Hashaam butt,Expense,2007.0,Transfers & Withdrawals,deterministic_rule,high,deterministic_rule
online transfer to Maqbool ,Expense,2007.0,Transfers & Withdrawals,deterministic_rule,high,deterministic_rule
online transfer to Waleed rehman ,Expense,2007.0,Transfers & Withdrawals,deterministic_rule,high,deterministic_rule
online transfer to abdullah sheikh ,Expense,2007.0,Transfers & Withdrawals,deterministic_rule,high,deterministic_rule
online transfer to able int. trading,Expense,2007.0,Transfers & Withdrawals,deterministic_rule,high,deterministic_rule
online transfer to ahsan baig,Expense,2007.0,Transfers & Withdrawals,deterministic_rule,high,deterministic_rule
online transfer to ajmair steel mill,Expense,2007.0,Transfers & Withdrawals,deterministic_rule,high,deterministic_rule
online transfer to al fajar,Expense,2007.0,Transfers & Withdrawals,deterministic_rule,high,deterministic_rule
online transfer to alif ind. ,Expense,2007.0,Transfers & Withdrawals,deterministic_rule,high,deterministic_rule
online transfer to aqeel ,Expense,2007.0,Transfers & Withdrawals,deterministic_rule,high,deterministic_rule
online transfer to aqeel hbl,Expense,2007.0,Transfers & Withdrawals,deterministic_rule,high,deterministic_rule
online transfer to aqeel ubl,Expense,2007.0,Transfers & Withdrawals,deterministic_rule,high,deterministic_rule
online transfer to aziz ur rehman,Expense,2007.0,Transfers & Withdrawals,deterministic_rule,high,deterministic_rule
online transfer to bilal hbl,Expense,2007.0,Transfers & Withdrawals,deterministic_rule,high,deterministic_rule
online transfer to dahmi medicos ,Expense,2007.0,Transfers & Withdrawals,deterministic_rule,high,deterministic_rule
online transfer to dr farooq,Expense,2007.0,Transfers & Withdrawals,deterministic_rule,high,deterministic_rule
online transfer to dr farooq for feed,Expense,2007.0,Transfers & Withdrawals,deterministic_rule,high,deterministic_rule
online transfer to fahad for bundu khan,Expense,2007.0,Transfers & Withdrawals,deterministic_rule,high,deterministic_rule
online transfer to farioq ahmed,Expense,2007.0,Transfers & Withdrawals,deterministic_rule,high,deterministic_rule
online transfer to farook ahmed,Expense,2007.0,Transfers & Withdrawals,deterministic_rule,high,deterministic_rule
online transfer to farooq ahmed,Expense,2007.0,Transfers & Withdrawals,deterministic_rule,high,deterministic_rule
online transfer to faryad shb. clump,Expense,2007.0,Transfers & Withdrawals,deterministic_rule,high,deterministic_rule
online transfer to front line feed,Expense,2007.0,Transfers & Withdrawals,deterministic_rule,high,deterministic_rule
online transfer to front line pollutry,Expense,2007.0,Transfers & Withdrawals,deterministic_rule,high,deterministic_rule
online transfer to general furniture ,Expense,2007.0,Transfers & Withdrawals,deterministic_rule,high,deterministic_rule
online transfer to generalfurniture ,Expense,2007.0,Transfers & Withdrawals,deterministic_rule,high,deterministic_rule
online transfer to gharib nWaz,Expense,2007.0,Transfers & Withdrawals,deterministic_rule,high,deterministic_rule
online transfer to ghulam qasim,Expense,2007.0,Transfers & Withdrawals,deterministic_rule,high,deterministic_rule
online transfer to hafiz liaqat ali,Expense,2007.0,Transfers & Withdrawals,deterministic_rule,high,deterministic_rule
online transfer to hasham butt,Expense,2007.0,Transfers & Withdrawals,deterministic_rule,high,deterministic_rule
online transfer to ibrar khadim ,Expense,2007.0,Transfers & Withdrawals,deterministic_rule,high,deterministic_rule
online transfer to irfann ahmed,Expense,2007.0,Transfers & Withdrawals,deterministic_rule,high,deterministic_rule
online transfer to jahanzaib,Expense,2007.0,Transfers & Withdrawals,deterministic_rule,high,deterministic_rule
online transfer to jewler,Expense,2007.0,Transfers & Withdrawals,deterministic_rule,high,deterministic_rule
online transfer to jewlerr,Expense,2007.0,Transfers & Withdrawals,deterministic_rule,high,deterministic_rule
online transfer to kamran ahsan,Expense,2007.0,Transfers & Withdrawals,deterministic_rule,high,deterministic_rule
online transfer to khaleel ahmed,Expense,2007.0,Transfers & Withdrawals,deterministic_rule,high,deterministic_rule
online transfer to khawaja Abbas ,Expense,2007.0,Transfers & Withdrawals,deterministic_rule,high,deterministic_rule
online transfer to khawaja abbas ali,Expense,2007.0,Transfers & Withdrawals,deterministic_rule,high,deterministic_rule
online transfer to kousar parveeen,Expense,2007.0,Transfers & Withdrawals,deterministic_rule,high,deterministic_rule
online transfer to m Arslan ,Expense,2007.0,Transfers & Withdrawals,deterministic_rule,high,deterministic_rule
online transfer to m asghar,Expense,2007.0,Transfers & Withdrawals,deterministic_rule,high,deterministic_rule
online transfer to m shoab exhchange cash,Expense,2007.0,Transfers & Withdrawals,deterministic_rule,high,deterministic_rule
online transfer to m usman ,Expense,2007.0,Transfers & Withdrawals,deterministic_rule,high,deterministic_rule
online transfer to m zaid,Expense,2007.0,Transfers & Withdrawals,deterministic_rule,high,deterministic_rule
online transfer to m zeshaan ul haq,Expense,2007.0,Transfers & Withdrawals,deterministic_rule,high,deterministic_rule
online transfer to m. arslan ,Expense,2007.0,Transfers & Withdrawals,deterministic_rule,high,deterministic_rule
online transfer to mehboob tube mill ,Expense,2007.0,Transfers & Withdrawals,deterministic_rule,high,deterministic_rule
online transfer to mehboob tube mill mezan bank,Expense,2007.0,Transfers & Withdrawals,deterministic_rule,high,deterministic_rule
online transfer to mehboob tube mills ,Expense,2007.0,Transfers & Withdrawals,deterministic_rule,high,deterministic_rule
online transfer to mudasar iqbal rwpindi,Expense,2007.0,Transfers & Withdrawals,deterministic_rule,high,deterministic_rule
online transfer to nali wala,Expense,2007.0,Transfers & Withdrawals,deterministic_rule,high,deterministic_rule
online transfer to nawaz hanif,Expense,2007.0,Transfers & Withdrawals,deterministic_rule,high,deterministic_rule
online transfer to np,Expense,2007.0,Transfers & Withdrawals,deterministic_rule,high,deterministic_rule
online transfer to ns traders,Expense,2007.0,Transfers & Withdrawals,deterministic_rule,high,deterministic_rule
online transfer to numan ali,Expense,2007.0,Transfers & Withdrawals,deterministic_rule,high,deterministic_rule
online transfer to qasser bhai ,Expense,2007.0,Transfers & Withdrawals,deterministic_rule,high,deterministic_rule
online transfer to saad hassan ali,Expense,2007.0,Transfers & Withdrawals,deterministic_rule,high,deterministic_rule
online transfer to sajjad ahmed,Expense,2007.0,Transfers & Withdrawals,deterministic_rule,high,deterministic_rule
online transfer to sajjad hussain ,Expense,2007.0,Transfers & Withdrawals,deterministic_rule,high,deterministic_rule
online transfer to salik bhai,Expense,2007.0,Transfers & Withdrawals,deterministic_rule,high,deterministic_rule
online transfer to salman asghar,Expense,2007.0,Transfers & Withdrawals,deterministic_rule,high,deterministic_rule
online transfer to shahid  hbl,Expense,2007.0,Transfers & Withdrawals,deterministic_rule,high,deterministic_rule
online transfer to shahid shareef,Expense,2007.0,Transfers & Withdrawals,deterministic_rule,high,deterministic_rule
online transfer to shaukat ali,Expense,2007.0,Transfers & Withdrawals,deterministic_rule,high,deterministic_rule
online transfer to sheikh zia,Expense,2007.0,Transfers & Withdrawals,deterministic_rule,high,deterministic_rule
online transfer to shozi mamu,Expense,2007.0,Transfers & Withdrawals,deterministic_rule,high,deterministic_rule
online transfer to steel mill,Expense,2007.0,Transfers & Withdrawals,deterministic_rule,high,deterministic_rule
online transfer to sulaiman asghar,Expense,2007.0,Transfers & Withdrawals,deterministic_rule,high,deterministic_rule
online transfer to syed sabah,Expense,2007.0,Transfers & Withdrawals,deterministic_rule,high,deterministic_rule
online transfer to tahir bhai for charity at Nonar ,Expense,2007.0,Transfers & Withdrawals,deterministic_rule,high,deterministic_rule
online transfer to taimoor asghar ,Expense,2007.0,Transfers & Withdrawals,deterministic_rule,high,deterministic_rule
online transfer to tanveer MashAllah ,Expense,2007.0,Transfers & Withdrawals,deterministic_rule,high,deterministic_rule
online transfer to tanveer shahzad ,Expense,2007.0,Transfers & Withdrawals,deterministic_rule,high,deterministic_rule
online transfer to the ventage,Expense,2007.0,Transfers & Withdrawals,deterministic_rule,high,deterministic_rule
online transfer to ubl,Expense,2007.0,Transfers & Withdrawals,deterministic_rule,high,deterministic_rule
online transfer to ubl  np,Expense,2007.0,Transfers & Withdrawals,deterministic_rule,high,deterministic_rule
online transfer to umar hayat lhr hall road,Expense,2007.0,Transfers & Withdrawals,deterministic_rule,high,deterministic_rule
online transfer to umer jewel ,Expense,2007.0,Transfers & Withdrawals,deterministic_rule,high,deterministic_rule
online transfer to umer sheikh,Expense,2007.0,Transfers & Withdrawals,deterministic_rule,high,deterministic_rule
online transfer to umer tariq,Expense,2007.0,Transfers & Withdrawals,deterministic_rule,high,deterministic_rule
online transfer to umer zia,Expense,2007.0,Transfers & Withdrawals,deterministic_rule,high,deterministic_rule
online transfer to unar draz,Expense,2007.0,Transfers & Withdrawals,deterministic_rule,high,deterministic_rule
online transfer to usama faryad,Expense,2007.0,Transfers & Withdrawals,deterministic_rule,high,deterministic_rule
online transfer to vijha tahir,Expense,2007.0,Transfers & Withdrawals,deterministic_rule,high,deterministic_rule
online transfer to viki,Expense,2007.0,Transfers & Withdrawals,deterministic_rule,high,deterministic_rule
online transfer to viky,Expense,2007.0,Transfers & Withdrawals,deterministic_rule,high,deterministic_rule
online transfer to wajahat ali,Expense,2007.0,Transfers & Withdrawals,deterministic_rule,high,deterministic_rule
online transfer to waqar,Expense,2007.0,Transfers & Withdrawals,deterministic_rule,high,deterministic_rule
online transfer to waqar liaqat,Expense,2007.0,Transfers & Withdrawals,deterministic_rule,high,deterministic_rule
online transfer to zeshan ul haq,Expense,2007.0,Transfers & Withdrawals,deterministic_rule,high,deterministic_rule
online transfer to zeshan ul haq. ,Expense,2007.0,Transfers & Withdrawals,deterministic_rule,high,deterministic_rule
online transfer to. tanzeem iqbal,Expense,2007.0,Transfers & Withdrawals,deterministic_rule,high,deterministic_rule
online transfer via bilal,Income,2007.0,Transfers & Withdrawals,deterministic_rule,high,deterministic_rule
papa balance transfer for extra exp,Transfer,2007.0,Transfers & Withdrawals,deterministic_rule,high,deterministic_rule
papa balance transfer to shadi kharch extras,Income,2007.0,Transfers & Withdrawals,deterministic_rule,high,deterministic_rule
papa balance transfer to wedding extra exp,Income,2007.0,Transfers & Withdrawals,deterministic_rule,high,deterministic_rule
papa balance transfer to wedding family extra kharch,Expense,2007.0,Transfers & Withdrawals,deterministic_rule,high,deterministic_rule
petty cash,Transfer,2007.0,Transfers & Withdrawals,approved_mapping,very_high,approved_mapping
previous loan return by zahir transfer to BAHL,Expense,2007.0,Transfers & Withdrawals,deterministic_rule,high,deterministic_rule
previous saving transferred ,Transfer,2007.0,Transfers & Withdrawals,deterministic_rule,high,deterministic_rule
protocol 30K  10K= 5K Aq 319 cash 1500PKG 1000 evening transfer 2500 remaining ,Income,2007.0,Transfers & Withdrawals,deterministic_rule,high,deterministic_rule
qari sahab paisy transfer ,Expense,2007.0,Transfers & Withdrawals,deterministic_rule,high,deterministic_rule
rcv 19500 from ys and paid also transfer tp sajid said for 7500 glass wool and 12000 fot rods and brush,Expense,2007.0,Transfers & Withdrawals,deterministic_rule,high,deterministic_rule
received from Nadia money and transferred to ayyub from my finca,Income,2007.0,Transfers & Withdrawals,deterministic_rule,high,deterministic_rule
received from Rashid act to act transfer,Income,2007.0,Transfers & Withdrawals,deterministic_rule,high,deterministic_rule
received via ATM,Transfer,2007.0,Transfers & Withdrawals,approved_mapping,very_high,approved_mapping
rent transferred for July 2019,Expense,2007.0,Transfers & Withdrawals,deterministic_rule,high,deterministic_rule
rent transferred to Mrs gilani,Expense,2007.0,Transfers & Withdrawals,deterministic_rule,high,deterministic_rule
sajjad husain online transfer ,Expense,2007.0,Transfers & Withdrawals,deterministic_rule,high,deterministic_rule
saleem malik online transfer ,Expense,2007.0,Transfers & Withdrawals,deterministic_rule,high,deterministic_rule
self transfer,Transfer,2007.0,Transfers & Withdrawals,deterministic_rule,high,deterministic_rule
sent to Qaiser Bhai for car. transferred in 4 days,Transfer,2007.0,Transfers & Withdrawals,deterministic_rule,high,deterministic_rule
sheriyar credit card payment ,Expense,2007.0,Transfers & Withdrawals,deterministic_rule,high,deterministic_rule
"shubham g ka nikhil g ko transfer kiya
",Expense,2007.0,Transfers & Withdrawals,deterministic_rule,high,deterministic_rule
shujat shb transfer 200k to atif shb,Expense,2007.0,Transfers & Withdrawals,deterministic_rule,high,deterministic_rule
silk and alfalah credit card payment,Expense,2007.0,Transfers & Withdrawals,deterministic_rule,high,deterministic_rule
sohaib funds transfer fee,Expense,2007.0,Transfers & Withdrawals,deterministic_rule,high,deterministic_rule
sufyan transfer 7k,Income,2007.0,Transfers & Withdrawals,deterministic_rule,high,deterministic_rule
suit case atm withdrawal ,Expense,2007.0,Transfers & Withdrawals,deterministic_rule,high,deterministic_rule
"swimming shorts money transfer jawad bhai
",Transfer,2007.0,Transfers & Withdrawals,deterministic_rule,high,deterministic_rule
tahir bhai transfered,Expense,2007.0,Transfers & Withdrawals,deterministic_rule,high,deterministic_rule
tahir- transfer to waris enterprises / saleem bhai,Transfer,2007.0,Transfers & Withdrawals,deterministic_rule,high,deterministic_rule
tahira batool online transfer ,Expense,2007.0,Transfers & Withdrawals,deterministic_rule,high,deterministic_rule
"transfer
",Transfer,2007.0,Transfers & Withdrawals,approved_mapping,very_high,approved_mapping
transfer 10+10 ,Transfer,2007.0,Transfers & Withdrawals,deterministic_rule,high,deterministic_rule
transfer 500,Transfer,2007.0,Transfers & Withdrawals,deterministic_rule,high,deterministic_rule
transfer aga khan,Transfer,2007.0,Transfers & Withdrawals,deterministic_rule,high,deterministic_rule
transfer and balance from meezan,Income,2007.0,Transfers & Withdrawals,deterministic_rule,high,deterministic_rule
transfer balance to hafiz audit jazz,Transfer,2007.0,Transfers & Withdrawals,deterministic_rule,high,deterministic_rule
transfer bank,Transfer,2007.0,Transfers & Withdrawals,deterministic_rule,high,deterministic_rule
transfer by asad,Transfer,2007.0,Transfers & Withdrawals,deterministic_rule,high,deterministic_rule
transfer by ys to waseem abdullah pc project,Expense,2007.0,Transfers & Withdrawals,deterministic_rule,high,deterministic_rule
transfer cash for exp of cards,Transfer,2007.0,Transfers & Withdrawals,deterministic_rule,high,deterministic_rule
transfer charge,Expense,2007.0,Transfers & Withdrawals,deterministic_rule,high,deterministic_rule
transfer dated 25.6.19,Transfer,2007.0,Transfers & Withdrawals,deterministic_rule,high,deterministic_rule
transfer fardan @42.6,Transfer,2007.0,Transfers & Withdrawals,deterministic_rule,high,deterministic_rule
transfer fee,Expense,2007.0,Transfers & Withdrawals,deterministic_rule,high,deterministic_rule
transfer fees bank alhabin to stander charted,Expense,2007.0,Transfers & Withdrawals,deterministic_rule,high,deterministic_rule
transfer for cash,Expense,2007.0,Transfers & Withdrawals,deterministic_rule,high,deterministic_rule
transfer for expenses,Transfer,2007.0,Transfers & Withdrawals,deterministic_rule,high,deterministic_rule
transfer for idap shirts and caps,Transfer,2007.0,Transfers & Withdrawals,deterministic_rule,high,deterministic_rule
transfer from EP VIA OMAIR AYYAZ ROD PATMENT,Income,2007.0,Transfers & Withdrawals,deterministic_rule,high,deterministic_rule
transfer from atiq account for payments,Income,2007.0,Transfers & Withdrawals,deterministic_rule,high,deterministic_rule
transfer from bank to cash,Transfer,2007.0,Transfers & Withdrawals,deterministic_rule,high,deterministic_rule
transfer from mom Siddharth bank,Income,2007.0,Transfers & Withdrawals,deterministic_rule,high,deterministic_rule
transfer from nibl to nmb,Income,2007.0,Transfers & Withdrawals,deterministic_rule,high,deterministic_rule
transfer in bahl,Expense,2007.0,Transfers & Withdrawals,deterministic_rule,high,deterministic_rule
transfer into Abid account khayber bank Peshwar co miskeen shah,Transfer,2007.0,Transfers & Withdrawals,deterministic_rule,high,deterministic_rule
transfer into Shamroz account ,Expense,2007.0,Transfers & Withdrawals,deterministic_rule,high,deterministic_rule
transfer into anwar asma account co kb,Transfer,2007.0,Transfers & Withdrawals,deterministic_rule,high,deterministic_rule
transfer mobile mess sui,Income,2007.0,Transfers & Withdrawals,deterministic_rule,high,deterministic_rule
transfer money to my easypasa,Expense,2007.0,Transfers & Withdrawals,deterministic_rule,high,deterministic_rule
transfer personal ,Transfer,2007.0,Transfers & Withdrawals,deterministic_rule,high,deterministic_rule
transfer qarzan,Transfer,2007.0,Transfers & Withdrawals,deterministic_rule,high,deterministic_rule
transfer remaining ,Transfer,2007.0,Transfers & Withdrawals,deterministic_rule,high,deterministic_rule
transfer samreen dib account ,Expense,2007.0,Transfers & Withdrawals,deterministic_rule,high,deterministic_rule
transfer sharukh 1500 to cash to clear it,Transfer,2007.0,Transfers & Withdrawals,deterministic_rule,high,deterministic_rule
transfer to Ahmed brother,Transfer,2007.0,Transfers & Withdrawals,deterministic_rule,high,deterministic_rule
transfer to Ibrahim guide via easy paisa ,Expense,2007.0,Transfers & Withdrawals,deterministic_rule,high,deterministic_rule
transfer to Jahanzaib ,Expense,2007.0,Transfers & Withdrawals,deterministic_rule,high,deterministic_rule
transfer to KB bro account ,Transfer,2007.0,Transfers & Withdrawals,deterministic_rule,high,deterministic_rule
transfer to MAS,Transfer,2007.0,Transfers & Withdrawals,deterministic_rule,high,deterministic_rule
transfer to Manno for load,Expense,2007.0,Transfers & Withdrawals,deterministic_rule,high,deterministic_rule
transfer to SVB,Expense,2007.0,Transfers & Withdrawals,deterministic_rule,high,deterministic_rule
transfer to Sana,Expense,2007.0,Transfers & Withdrawals,deterministic_rule,high,deterministic_rule
transfer to Shahbaz chahcha 200k done ,Transfer,2007.0,Transfers & Withdrawals,deterministic_rule,high,deterministic_rule
transfer to abiyah 300,Expense,2007.0,Transfers & Withdrawals,deterministic_rule,high,deterministic_rule
transfer to abu Jazz cash,Expense,2007.0,Transfers & Withdrawals,deterministic_rule,high,deterministic_rule
transfer to abu al Habib ,Expense,2007.0,Transfers & Withdrawals,deterministic_rule,high,deterministic_rule
transfer to abu haji al habib,Expense,2007.0,Transfers & Withdrawals,deterministic_rule,high,deterministic_rule
transfer to adeel,Transfer,2007.0,Transfers & Withdrawals,deterministic_rule,high,deterministic_rule
transfer to appi,Expense,2007.0,Transfers & Withdrawals,deterministic_rule,high,deterministic_rule
transfer to aqeel,Income,2007.0,Transfers & Withdrawals,deterministic_rule,high,deterministic_rule
transfer to aqeel hbl,Expense,2007.0,Transfers & Withdrawals,deterministic_rule,high,deterministic_rule
transfer to ashu for Alok payment ,Transfer,2007.0,Transfers & Withdrawals,deterministic_rule,high,deterministic_rule
transfer to baji for home garden work,Expense,2007.0,Transfers & Withdrawals,deterministic_rule,high,deterministic_rule
transfer to bilal meezan,Expense,2007.0,Transfers & Withdrawals,deterministic_rule,high,deterministic_rule
transfer to bilal metal works,Expense,2007.0,Transfers & Withdrawals,deterministic_rule,high,deterministic_rule
transfer to bilal ubl,Expense,2007.0,Transfers & Withdrawals,deterministic_rule,high,deterministic_rule
transfer to cash for Burhan pant,Transfer,2007.0,Transfers & Withdrawals,deterministic_rule,high,deterministic_rule
transfer to esewa,Transfer,2007.0,Transfers & Withdrawals,approved_mapping,very_high,approved_mapping
transfer to faiz for farmhouse picnic,Expense,2007.0,Transfers & Withdrawals,deterministic_rule,high,deterministic_rule
transfer to faizan iqbal,Expense,2007.0,Transfers & Withdrawals,deterministic_rule,high,deterministic_rule
transfer to faseeh acct...67k bill...all paid,Expense,2007.0,Transfers & Withdrawals,deterministic_rule,high,deterministic_rule
transfer to faseeh ur Rehman ,Expense,2007.0,Transfers & Withdrawals,deterministic_rule,high,deterministic_rule
transfer to faysal bank,Expense,2007.0,Transfers & Withdrawals,deterministic_rule,high,deterministic_rule
transfer to hbl,Transfer,2007.0,Transfers & Withdrawals,deterministic_rule,high,deterministic_rule
transfer to jazz cash,Transfer,2007.0,Transfers & Withdrawals,deterministic_rule,high,deterministic_rule
transfer to mama,Expense,2007.0,Transfers & Withdrawals,deterministic_rule,high,deterministic_rule
transfer to mehboob tube mills meezan,Expense,2007.0,Transfers & Withdrawals,deterministic_rule,high,deterministic_rule
transfer to mine alhabib ac and got cash,Transfer,2007.0,Transfers & Withdrawals,deterministic_rule,high,deterministic_rule
transfer to qari sahab,Expense,2007.0,Transfers & Withdrawals,deterministic_rule,high,deterministic_rule
transfer to saadat hussain Account ,Transfer,2007.0,Transfers & Withdrawals,deterministic_rule,high,deterministic_rule
transfer to saadat hussain account co kb,Transfer,2007.0,Transfers & Withdrawals,deterministic_rule,high,deterministic_rule
transfer to sarwat for thesis first instalment ,Expense,2007.0,Transfers & Withdrawals,deterministic_rule,high,deterministic_rule
transfer to shamroz account,Expense,2007.0,Transfers & Withdrawals,deterministic_rule,high,deterministic_rule
transfer to suleman asghar,Expense,2007.0,Transfers & Withdrawals,deterministic_rule,high,deterministic_rule
transfer to taimoor for xray films,Expense,2007.0,Transfers & Withdrawals,deterministic_rule,high,deterministic_rule
transfer to tanveer shahzad,Expense,2007.0,Transfers & Withdrawals,deterministic_rule,high,deterministic_rule
transfer to ubl kamran ahsan,Expense,2007.0,Transfers & Withdrawals,deterministic_rule,high,deterministic_rule
transfer to waleed rehman,Expense,2007.0,Transfers & Withdrawals,deterministic_rule,high,deterministic_rule
transfer to wechat ,Transfer,2007.0,Transfers & Withdrawals,deterministic_rule,high,deterministic_rule
transfered to Muhammad Adil Farah Adil,Expense,2007.0,Transfers & Withdrawals,deterministic_rule,high,deterministic_rule
transferred in MCB,Expense,2007.0,Transfers & Withdrawals,deterministic_rule,high,deterministic_rule
transferred to Aapa,Expense,2007.0,Transfers & Withdrawals,deterministic_rule,high,deterministic_rule
transferred to JazzCash ,Transfer,2007.0,Transfers & Withdrawals,deterministic_rule,high,deterministic_rule
transferred to Mohsin khan against 5k from extra for session fees,Expense,2007.0,Transfers & Withdrawals,deterministic_rule,high,deterministic_rule
transferred to Munawar easypaisa account ,Expense,2007.0,Transfers & Withdrawals,deterministic_rule,high,deterministic_rule
transferred to Nasir for his transactions,Transfer,2007.0,Transfers & Withdrawals,deterministic_rule,high,deterministic_rule
transferred to Sameer,Expense,2007.0,Transfers & Withdrawals,deterministic_rule,high,deterministic_rule
transferred to Usman to start new month,Transfer,2007.0,Transfers & Withdrawals,deterministic_rule,high,deterministic_rule
transferred to Uzair via meezan,Expense,2007.0,Transfers & Withdrawals,deterministic_rule,high,deterministic_rule
transferred to bank account 40k,Expense,2007.0,Transfers & Withdrawals,deterministic_rule,high,deterministic_rule
transferred to correct account,Transfer,2007.0,Transfers & Withdrawals,deterministic_rule,high,deterministic_rule
transferred to father,Expense,2007.0,Transfers & Withdrawals,deterministic_rule,high,deterministic_rule
transferred to haroon for sehri ,Expense,2007.0,Transfers & Withdrawals,deterministic_rule,high,deterministic_rule
transferred to honey through easy paisa,Expense,2007.0,Transfers & Withdrawals,deterministic_rule,high,deterministic_rule
transferred to rahila from uzairs account,Expense,2007.0,Transfers & Withdrawals,deterministic_rule,high,deterministic_rule
transferred to uzair via easy paisa,Expense,2007.0,Transfers & Withdrawals,deterministic_rule,high,deterministic_rule
transfervto bahi shahid for shoping,Expense,2007.0,Transfers & Withdrawals,deterministic_rule,high,deterministic_rule
umair ayyaz snd via EP  ali transfer from mezan bank to perosnal account ,Transfer,2007.0,Transfers & Withdrawals,deterministic_rule,high,deterministic_rule
usman bhai cpu 320 hdd with data transfer and windows,Income,2007.0,Transfers & Withdrawals,deterministic_rule,high,deterministic_rule
uzair transfer ,Transfer,2007.0,Transfers & Withdrawals,deterministic_rule,high,deterministic_rule
via transfer,Income,2007.0,Transfers & Withdrawals,deterministic_rule,high,deterministic_rule
wafa cell transferred to shajji,Expense,2007.0,Transfers & Withdrawals,deterministic_rule,high,deterministic_rule
waleed rehman online transfer ,Expense,2007.0,Transfers & Withdrawals,deterministic_rule,high,deterministic_rule
wallet cash,Transfer,2007.0,Transfers & Withdrawals,approved_mapping,very_high,approved_mapping
wechat transfer ,Transfer,2007.0,Transfers & Withdrawals,approved_mapping,very_high,approved_mapping
wifey transfer,Transfer,2007.0,Transfers & Withdrawals,deterministic_rule,high,deterministic_rule
will pay back by ashar on chacha transfer,Transfer,2007.0,Transfers & Withdrawals,deterministic_rule,high,deterministic_rule
withdrawal charges,Expense,2007.0,Transfers & Withdrawals,deterministic_rule,high,deterministic_rule
withdrawal dated 1.7.19,Transfer,2007.0,Transfers & Withdrawals,deterministic_rule,high,deterministic_rule
withdrawal dated 12.7.19,Transfer,2007.0,Transfers & Withdrawals,deterministic_rule,high,deterministic_rule
withdrawal dated 13.7.19,Transfer,2007.0,Transfers & Withdrawals,deterministic_rule,high,deterministic_rule
withdrawal dated 24.6.19,Transfer,2007.0,Transfers & Withdrawals,deterministic_rule,high,deterministic_rule
withdrawal dated 28.6.19,Transfer,2007.0,Transfers & Withdrawals,deterministic_rule,high,deterministic_rule
withdrawal dated 5.7.19,Transfer,2007.0,Transfers & Withdrawals,deterministic_rule,high,deterministic_rule
withdrawal for membership renew,Transfer,2007.0,Transfers & Withdrawals,deterministic_rule,high,deterministic_rule
withdrawal from ATM,Income,2007.0,Transfers & Withdrawals,deterministic_rule,high,deterministic_rule
withdrawal from aba's account,Income,2007.0,Transfers & Withdrawals,deterministic_rule,high,deterministic_rule
withdrawal from f-10 bank ,Transfer,2007.0,Transfers & Withdrawals,deterministic_rule,high,deterministic_rule
withdrawal from f-10 branch for regular uses,Transfer,2007.0,Transfers & Withdrawals,deterministic_rule,high,deterministic_rule
withdrawal from habib,Income,2007.0,Transfers & Withdrawals,deterministic_rule,high,deterministic_rule
y api give me to transfer ,Transfer,2007.0,Transfers & Withdrawals,deterministic_rule,high,deterministic_rule
ys rcv transfer for cylinder pipe,Income,2007.0,Transfers & Withdrawals,deterministic_rule,high,deterministic_rule
zain qari sahb transfer,Expense,2007.0,Transfers & Withdrawals,deterministic_rule,high,deterministic_rule
zain transferred back,Income,2007.0,Transfers & Withdrawals,deterministic_rule,high,deterministic_rule
zoey painting transfer ,Expense,2007.0,Transfers & Withdrawals,deterministic_rule,high,deterministic_rule
 800 lies in first 2k expense of animal income,Expense,2008.0,Income,deterministic_rule,high,deterministic_rule
10Pearls Salary,Income,2008.0,Income,deterministic_rule,high,deterministic_rule
11-30 April Salary,Income,2008.0,Income,deterministic_rule,high,deterministic_rule
13th month salary,Income,2008.0,Income,deterministic_rule,high,deterministic_rule
1st Salary,Expense,2008.0,Income,deterministic_rule,high,deterministic_rule
2 Days Salary to Ahsan Worker CDT,Expense,2008.0,Income,deterministic_rule,high,deterministic_rule
20K Rtn on salary Charged FRM 100K MXP protocol ,Expense,2008.0,Income,deterministic_rule,high,deterministic_rule
5 days salary to Murad.,Expense,2008.0,Income,deterministic_rule,high,deterministic_rule
50% salary June,Income,2008.0,Income,deterministic_rule,high,deterministic_rule
6.25 days salary,Income,2008.0,Income,deterministic_rule,high,deterministic_rule
"7800 for Naveed Driver salary
2000 parking
200 Cash for sundry expenses",Transfer,2008.0,Income,deterministic_rule,high,deterministic_rule
ADB salary,Income,2008.0,Income,deterministic_rule,high,deterministic_rule
AGTL salary,Income,2008.0,Income,deterministic_rule,high,deterministic_rule
ASB salary,Income,2008.0,Income,deterministic_rule,high,deterministic_rule
Abba r salary,Income,2008.0,Income,deterministic_rule,high,deterministic_rule
Abbu Salary,Expense,2008.0,Income,deterministic_rule,high,deterministic_rule
Add in salary FRM HBL ,Expense,2008.0,Income,deterministic_rule,high,deterministic_rule
Adv salary ,Income,2008.0,Income,deterministic_rule,high,deterministic_rule
Advance against salary,Income,2008.0,Income,deterministic_rule,high,deterministic_rule
Advance paid to Driver Iqbal from his salary ,Expense,2008.0,Income,deterministic_rule,high,deterministic_rule
Advance salary for the month of August 19,Income,2008.0,Income,deterministic_rule,high,deterministic_rule
Advance to Muhammad Iqbal against his salary for the month of July 2019,Expense,2008.0,Income,deterministic_rule,high,deterministic_rule
Ahmed Salary,Income,2008.0,Income,deterministic_rule,high,deterministic_rule
Ahsan salary,Expense,2008.0,Income,deterministic_rule,high,deterministic_rule
Al Rayan Bank salary,Expense,2008.0,Income,deterministic_rule,high,deterministic_rule
Alam salary,Expense,2008.0,Income,deterministic_rule,high,deterministic_rule
Alqab Salary,Expense,2008.0,Income,deterministic_rule,high,deterministic_rule
Amanullah Guard salary,Expense,2008.0,Income,deterministic_rule,high,deterministic_rule
Amit salary,Expense,2008.0,Income,deterministic_rule,high,deterministic_rule
Amma Salary ,Expense,2008.0,Income,deterministic_rule,high,deterministic_rule
Anees Salary,Income,2008.0,Income,deterministic_rule,high,deterministic_rule
Annual Income Tax Consultancy charges (14k from uni ),Expense,2008.0,Income,deterministic_rule,high,deterministic_rule
April EdTech Worx Salary,Income,2008.0,Income,deterministic_rule,high,deterministic_rule
Arham Salary June,Expense,2008.0,Income,deterministic_rule,high,deterministic_rule
Arif salary,Expense,2008.0,Income,deterministic_rule,high,deterministic_rule
Artlink Income,Income,2008.0,Income,deterministic_rule,high,deterministic_rule
Asha Salary Jestha 2076,Income,2008.0,Income,deterministic_rule,high,deterministic_rule
Aug20 salary,Income,2008.0,Income,deterministic_rule,high,deterministic_rule
Aurangzaib Salary,Expense,2008.0,Income,deterministic_rule,high,deterministic_rule
Axiom salary,Income,2008.0,Income,deterministic_rule,high,deterministic_rule
BE salary,Income,2008.0,Income,deterministic_rule,high,deterministic_rule
BLACK rock Salary,Income,2008.0,Income,deterministic_rule,high,deterministic_rule
BOP salary month of June 2019,Income,2008.0,Income,deterministic_rule,high,deterministic_rule
Basic + OT bonus,Income,2008.0,Income,deterministic_rule,high,deterministic_rule
Batman Salary Of June,Income,2008.0,Income,deterministic_rule,high,deterministic_rule
Bonus 2020,Income,2008.0,Income,deterministic_rule,high,deterministic_rule
Bonus Amount Balance,Income,2008.0,Income,deterministic_rule,high,deterministic_rule
Bonus June 19,Income,2008.0,Income,deterministic_rule,high,deterministic_rule
Bonus remaining amount,Income,2008.0,Income,deterministic_rule,high,deterministic_rule
CAR income JULY,Income,2008.0,Income,deterministic_rule,high,deterministic_rule
CAR income JUNE.,Income,2008.0,Income,deterministic_rule,high,deterministic_rule
CF salary 1,Income,2008.0,Income,deterministic_rule,high,deterministic_rule
Captain Panel Salary,Income,2008.0,Income,deterministic_rule,high,deterministic_rule
Car pool income July,Income,2008.0,Income,deterministic_rule,high,deterministic_rule
Cash Salary for June 2019,Income,2008.0,Income,deterministic_rule,high,deterministic_rule
Cash Shortage due to Salary Counting ,Expense,2008.0,Income,deterministic_rule,high,deterministic_rule
Cash in hand June Salary,Income,2008.0,Income,deterministic_rule,high,deterministic_rule
Cash to servants fo first income,Expense,2008.0,Income,deterministic_rule,high,deterministic_rule
Chacha Salary,Expense,2008.0,Income,deterministic_rule,high,deterministic_rule
Charity on Salary ,Transfer,2008.0,Income,deterministic_rule,high,deterministic_rule
Chowkidar salary ,Expense,2008.0,Income,deterministic_rule,high,deterministic_rule
Chowkidar salary for the month of June 2019,Expense,2008.0,Income,deterministic_rule,high,deterministic_rule
Codeable Salary,Income,2008.0,Income,deterministic_rule,high,deterministic_rule
College Salary june 2019,Income,2008.0,Income,deterministic_rule,high,deterministic_rule
"Commeete Office 30,000 Salary 11,000

",Income,2008.0,Income,deterministic_rule,high,deterministic_rule
Commercial bonus,Income,2008.0,Income,deterministic_rule,high,deterministic_rule
Company bonus,Income,2008.0,Income,deterministic_rule,high,deterministic_rule
Compugen Salary,Income,2008.0,Income,deterministic_rule,high,deterministic_rule
Dashain bonus remaining,Income,2008.0,Income,deterministic_rule,high,deterministic_rule
Dasund (salary+eidi),Expense,2008.0,Income,deterministic_rule,high,deterministic_rule
Dec 2020 salary,Income,2008.0,Income,deterministic_rule,high,deterministic_rule
December Salary,Income,2008.0,Income,deterministic_rule,high,deterministic_rule
December salary @6.48,Income,2008.0,Income,deterministic_rule,high,deterministic_rule
Dhilogistix Salary.June,Transfer,2008.0,Income,deterministic_rule,high,deterministic_rule
Dividend Bonus,Income,2008.0,Income,deterministic_rule,high,deterministic_rule
"Driver Salary n Adv
",Expense,2008.0,Income,deterministic_rule,high,deterministic_rule
EPI Salary,Income,2008.0,Income,deterministic_rule,high,deterministic_rule
ES Salary ,Income,2008.0,Income,deterministic_rule,high,deterministic_rule
Eid bonus,Income,2008.0,Income,deterministic_rule,high,deterministic_rule
Eid ul Adha bonus,Expense,2008.0,Income,deterministic_rule,high,deterministic_rule
"F1PS jestha 76 salary. Deduction of 28,559 as tds adjustment ",Income,2008.0,Income,deterministic_rule,high,deterministic_rule
FRM APR SALARY ,Income,2008.0,Income,deterministic_rule,high,deterministic_rule
FSL Salary June 2019,Income,2008.0,Income,deterministic_rule,high,deterministic_rule
Faisal Salary ,Income,2008.0,Income,deterministic_rule,high,deterministic_rule
Faizaan Salary,Expense,2008.0,Income,deterministic_rule,high,deterministic_rule
Farm salary,Income,2008.0,Income,deterministic_rule,high,deterministic_rule
Farooq Salary,Expense,2008.0,Income,deterministic_rule,high,deterministic_rule
Fatima Salary,Expense,2008.0,Income,deterministic_rule,high,deterministic_rule
Feb salary ,Income,2008.0,Income,deterministic_rule,high,deterministic_rule
First salary cash half month ,Income,2008.0,Income,deterministic_rule,high,deterministic_rule
For Multani And Salary Adv,Transfer,2008.0,Income,deterministic_rule,high,deterministic_rule
For Rubence Salary,Transfer,2008.0,Income,deterministic_rule,high,deterministic_rule
Freelancer income ,Income,2008.0,Income,deterministic_rule,high,deterministic_rule
Garbage collecter salary,Expense,2008.0,Income,deterministic_rule,high,deterministic_rule
Garbage collector salary,Expense,2008.0,Income,deterministic_rule,high,deterministic_rule
Gardner salary,Expense,2008.0,Income,deterministic_rule,high,deterministic_rule
Gardner salary after loan deduction ,Expense,2008.0,Income,deterministic_rule,high,deterministic_rule
Gaththaghar income,Income,2008.0,Income,deterministic_rule,high,deterministic_rule
Getz Jan-21 Salary,Income,2008.0,Income,deterministic_rule,high,deterministic_rule
Getz Salary Apr 21,Income,2008.0,Income,deterministic_rule,high,deterministic_rule
Goat salary ,Expense,2008.0,Income,deterministic_rule,high,deterministic_rule
Government taxes of Income (Lubna and Noor) ,Expense,2008.0,Income,deterministic_rule,high,deterministic_rule
"Guard salary
",Expense,2008.0,Income,deterministic_rule,high,deterministic_rule
HR salary,Income,2008.0,Income,deterministic_rule,high,deterministic_rule
Habibullah salary,Expense,2008.0,Income,deterministic_rule,high,deterministic_rule
Hafiz Salary,Expense,2008.0,Income,deterministic_rule,high,deterministic_rule
Half yearly bonus,Income,2008.0,Income,deterministic_rule,high,deterministic_rule
Hamza salary ,Expense,2008.0,Income,deterministic_rule,high,deterministic_rule
Haque paid salary June,Transfer,2008.0,Income,deterministic_rule,high,deterministic_rule
Hasaan Salary ,Expense,2008.0,Income,deterministic_rule,high,deterministic_rule
Housemaid Salary,Expense,2008.0,Income,deterministic_rule,high,deterministic_rule
Huzur salary & othres,Expense,2008.0,Income,deterministic_rule,high,deterministic_rule
IKTVA Bonus Y2019 (SR 3750),Income,2008.0,Income,deterministic_rule,high,deterministic_rule
Imran Salary,Income,2008.0,Income,deterministic_rule,high,deterministic_rule
Including Bonus 7177 And Deduction Loan Amount 25000,Income,2008.0,Income,deterministic_rule,high,deterministic_rule
Income,Income,2008.0,Income,deterministic_rule,high,deterministic_rule
Income Gap Fill-up,Transfer,2008.0,Income,deterministic_rule,high,deterministic_rule
Income Tax Rozana a/c,Expense,2008.0,Income,deterministic_rule,high,deterministic_rule
Income adjustment,Income,2008.0,Income,deterministic_rule,high,deterministic_rule
Income for the Month,Income,2008.0,Income,deterministic_rule,high,deterministic_rule
Income from Gatthaghar,Income,2008.0,Income,deterministic_rule,high,deterministic_rule
Income from Waheed projects,Income,2008.0,Income,deterministic_rule,high,deterministic_rule
Income from different projects ,Income,2008.0,Income,deterministic_rule,high,deterministic_rule
Income from gees acvount,Income,2008.0,Income,deterministic_rule,high,deterministic_rule
Income of 4th Month PWC,Income,2008.0,Income,deterministic_rule,high,deterministic_rule
Income tax return filing.,Income,2008.0,Income,deterministic_rule,high,deterministic_rule
Interest earned,Income,2008.0,Income,approved_mapping,very_high,approved_mapping
JIPS Salary,Income,2008.0,Income,deterministic_rule,high,deterministic_rule
JIPS Salary. ,Income,2008.0,Income,deterministic_rule,high,deterministic_rule
JT income,Income,2008.0,Income,deterministic_rule,high,deterministic_rule
Jan 2021 Salary,Income,2008.0,Income,deterministic_rule,high,deterministic_rule
Jan Mohammad salary balance ,Expense,2008.0,Income,deterministic_rule,high,deterministic_rule
Jazz salary,Income,2008.0,Income,deterministic_rule,high,deterministic_rule
Judicial Form of Income Certificate ,Expense,2008.0,Income,deterministic_rule,high,deterministic_rule
July 2019 Salary,Income,2008.0,Income,deterministic_rule,high,deterministic_rule
"July's Salary, Deposited into ABL account on 28-06-19",Income,2008.0,Income,deterministic_rule,high,deterministic_rule
Jun salary,Income,2008.0,Income,deterministic_rule,high,deterministic_rule
June - Salary,Income,2008.0,Income,deterministic_rule,high,deterministic_rule
June 2019 salary debited,Income,2008.0,Income,deterministic_rule,high,deterministic_rule
June Month Salary,Income,2008.0,Income,deterministic_rule,high,deterministic_rule
June Payroll ,Income,2008.0,Income,deterministic_rule,high,deterministic_rule
June Salary 2019,Income,2008.0,Income,deterministic_rule,high,deterministic_rule
June Salary to Afzaal,Expense,2008.0,Income,deterministic_rule,high,deterministic_rule
June salary,Income,2008.0,Income,deterministic_rule,high,deterministic_rule
June salary HBL bank,Income,2008.0,Income,deterministic_rule,high,deterministic_rule
June'19 salary,Income,2008.0,Income,deterministic_rule,high,deterministic_rule
June's Salary,Income,2008.0,Income,deterministic_rule,high,deterministic_rule
"June, 2019 Salary",Income,2008.0,Income,deterministic_rule,high,deterministic_rule
Kaam wali baji june salary ,Expense,2008.0,Income,deterministic_rule,high,deterministic_rule
Kaam wali salary,Expense,2008.0,Income,deterministic_rule,high,deterministic_rule
Kashif Salary + laptop repairing,Expense,2008.0,Income,deterministic_rule,high,deterministic_rule
Khalid ki salary,Expense,2008.0,Income,deterministic_rule,high,deterministic_rule
Kharpann Freelancing income,Income,2008.0,Income,deterministic_rule,high,deterministic_rule
Last Month Salary,Income,2008.0,Income,deterministic_rule,high,deterministic_rule
Lazar Samuel Salary,Expense,2008.0,Income,deterministic_rule,high,deterministic_rule
Lended amount as his salary was stop,Transfer,2008.0,Income,deterministic_rule,high,deterministic_rule
Loan Deduction from Salary,Transfer,2008.0,Income,deterministic_rule,high,deterministic_rule
M Salary,Income,2008.0,Income,deterministic_rule,high,deterministic_rule
MFS June ki salary .Received ,Income,2008.0,Income,deterministic_rule,high,deterministic_rule
MFS Salary . (month of May),Income,2008.0,Income,deterministic_rule,high,deterministic_rule
MFS salary (month of may) june is remaining.,Income,2008.0,Income,deterministic_rule,high,deterministic_rule
MFS salary September ki,Income,2008.0,Income,deterministic_rule,high,deterministic_rule
MFS salary.,Income,2008.0,Income,deterministic_rule,high,deterministic_rule
MNU salary,Income,2008.0,Income,deterministic_rule,high,deterministic_rule
Maasi salary ,Expense,2008.0,Income,deterministic_rule,high,deterministic_rule
Madiha Salary PHA month of June 2019,Income,2008.0,Income,deterministic_rule,high,deterministic_rule
Maid Salary June 2021,Expense,2008.0,Income,deterministic_rule,high,deterministic_rule
Maid salary ,Expense,2008.0,Income,deterministic_rule,high,deterministic_rule
Maid wages June19,Expense,2008.0,Income,deterministic_rule,high,deterministic_rule
Maid's Salary ,Expense,2008.0,Income,deterministic_rule,high,deterministic_rule
Maids salary,Expense,2008.0,Income,deterministic_rule,high,deterministic_rule
Mali Bhai salary,Expense,2008.0,Income,deterministic_rule,high,deterministic_rule
Mali salary,Expense,2008.0,Income,deterministic_rule,high,deterministic_rule
Manager Salary,Expense,2008.0,Income,deterministic_rule,high,deterministic_rule
Massi salary,Expense,2008.0,Income,deterministic_rule,high,deterministic_rule
May's Salary,Income,2008.0,Income,deterministic_rule,high,deterministic_rule
"Misc income
",Income,2008.0,Income,deterministic_rule,high,deterministic_rule
Mobashirah Salary,Income,2008.0,Income,deterministic_rule,high,deterministic_rule
Mohammad Ali salary,Income,2008.0,Income,deterministic_rule,high,deterministic_rule
"Mohammad Ali salary. out of 18,000 I deducted 2,000. need to deduct 1000 in August for previous loan",Expense,2008.0,Income,deterministic_rule,high,deterministic_rule
Mohib Salary,Transfer,2008.0,Income,deterministic_rule,high,deterministic_rule
Moma Salary,Income,2008.0,Income,deterministic_rule,high,deterministic_rule
Monthly Salary ,Income,2008.0,Income,deterministic_rule,high,deterministic_rule
Monthly salary including sunday,Income,2008.0,Income,deterministic_rule,high,deterministic_rule
Moosa salary ,Expense,2008.0,Income,deterministic_rule,high,deterministic_rule
"Musarrat salary paid to her. she took 3,000 and put 3,000 in my locker ",Expense,2008.0,Income,deterministic_rule,high,deterministic_rule
My city salary ,Income,2008.0,Income,deterministic_rule,high,deterministic_rule
My salary ,Income,2008.0,Income,deterministic_rule,high,deterministic_rule
NCB Salary,Expense,2008.0,Income,deterministic_rule,high,deterministic_rule
NEDUET salary,Income,2008.0,Income,deterministic_rule,high,deterministic_rule
NHM Salary,Income,2008.0,Income,deterministic_rule,high,deterministic_rule
Najma Salary,Expense,2008.0,Income,deterministic_rule,high,deterministic_rule
Najma Salary July,Expense,2008.0,Income,deterministic_rule,high,deterministic_rule
Najma Salary given on 5th July,Expense,2008.0,Income,deterministic_rule,high,deterministic_rule
Najma's last salary,Expense,2008.0,Income,deterministic_rule,high,deterministic_rule
Najma's salary,Expense,2008.0,Income,deterministic_rule,high,deterministic_rule
Najma's salary Feb,Expense,2008.0,Income,deterministic_rule,high,deterministic_rule
Naomi bhai(delayed income),Income,2008.0,Income,deterministic_rule,high,deterministic_rule
Naveed Driver Salary,Expense,2008.0,Income,deterministic_rule,high,deterministic_rule
Naveed Salary,Expense,2008.0,Income,deterministic_rule,high,deterministic_rule
Neha salary ,Expense,2008.0,Income,deterministic_rule,high,deterministic_rule
Net salary after tax,Income,2008.0,Income,deterministic_rule,high,deterministic_rule
New salary,Income,2008.0,Income,deterministic_rule,high,deterministic_rule
Next month salary ,Expense,2008.0,Income,deterministic_rule,high,deterministic_rule
NextGeni salary,Income,2008.0,Income,deterministic_rule,high,deterministic_rule
Noor Galaxy Se Salary Laya,Transfer,2008.0,Income,deterministic_rule,high,deterministic_rule
Nov 20 Salary ,Income,2008.0,Income,deterministic_rule,high,deterministic_rule
November Salary,Income,2008.0,Income,deterministic_rule,high,deterministic_rule
October Salary ASB,Income,2008.0,Income,deterministic_rule,high,deterministic_rule
Opening Income Bakance.,Income,2008.0,Income,deterministic_rule,high,deterministic_rule
Paid as Advance. To be handover in next salary,Transfer,2008.0,Income,deterministic_rule,high,deterministic_rule
Papa Salary,Income,2008.0,Income,deterministic_rule,high,deterministic_rule
Partial Salary Received,Income,2008.0,Income,deterministic_rule,high,deterministic_rule
Partner Salary ,Income,2008.0,Income,deterministic_rule,high,deterministic_rule
Pay to Tanveer Salary ,Expense,2008.0,Income,deterministic_rule,high,deterministic_rule
Perwaiz salary,Expense,2008.0,Income,deterministic_rule,high,deterministic_rule
Pgr salary,Income,2008.0,Income,deterministic_rule,high,deterministic_rule
Previous salary till 05 july 2019,Income,2008.0,Income,deterministic_rule,high,deterministic_rule
Profit on salary acc,Income,2008.0,Income,deterministic_rule,high,deterministic_rule
Project income,Income,2008.0,Income,deterministic_rule,high,deterministic_rule
Qaim monthly salary.,Expense,2008.0,Income,deterministic_rule,high,deterministic_rule
Rabab Income,Income,2008.0,Income,deterministic_rule,high,deterministic_rule
Ramiz Salary- deduction ,Expense,2008.0,Income,deterministic_rule,high,deterministic_rule
Rec salary of Jun 2019,Income,2008.0,Income,deterministic_rule,high,deterministic_rule
Received remaining salary of June 2019,Income,2008.0,Income,deterministic_rule,high,deterministic_rule
Recieve salary from office. ,Income,2008.0,Income,deterministic_rule,high,deterministic_rule
Remaining June 2019 Salary,Income,2008.0,Income,deterministic_rule,high,deterministic_rule
Remaining Salary to Adil,Expense,2008.0,Income,deterministic_rule,high,deterministic_rule
Remaining salary of isb boy,Expense,2008.0,Income,deterministic_rule,high,deterministic_rule
Rental income for the month of,Income,2008.0,Income,deterministic_rule,high,deterministic_rule
"Riaz salary

",Expense,2008.0,Income,deterministic_rule,high,deterministic_rule
"Rs.72000/- Profits of pta, headphones, cables
Rs.56000/- Profits of pta
Rs.5000/- iPhone X commission
Rs.4750/- Salary savings 10 & 100 notes
Rs.20000/- i7plus commission
Rs.5000/- mehran commission
Rs.12000/- Gear S2
Rs.22500/- s10 plus profit
Rs.1000/- i5s profit",Income,2008.0,Income,deterministic_rule,high,deterministic_rule
S&P Salary,Income,2008.0,Income,deterministic_rule,high,deterministic_rule
SALARY FMO JUNE 19,Income,2008.0,Income,deterministic_rule,high,deterministic_rule
SALARY OF MONTH JULY,Income,2008.0,Income,deterministic_rule,high,deterministic_rule
SEO Services Salary,Income,2008.0,Income,deterministic_rule,high,deterministic_rule
SEO service salary,Income,2008.0,Income,deterministic_rule,high,deterministic_rule
Sadaqat car wash boy salary,Expense,2008.0,Income,deterministic_rule,high,deterministic_rule
Saeed salary in Kashi Bhai account,Expense,2008.0,Income,deterministic_rule,high,deterministic_rule
Sajid for salary ,Expense,2008.0,Income,deterministic_rule,high,deterministic_rule
Salary & Bonus July-20,Income,2008.0,Income,deterministic_rule,high,deterministic_rule
Salary + Eidi,Income,2008.0,Income,deterministic_rule,high,deterministic_rule
Salary + others ,Income,2008.0,Income,deterministic_rule,high,deterministic_rule
Salary - Jun 2019,Income,2008.0,Income,deterministic_rule,high,deterministic_rule
Salary - June 19,Income,2008.0,Income,deterministic_rule,high,deterministic_rule
Salary - June 2019,Income,2008.0,Income,deterministic_rule,high,deterministic_rule
Salary - October,Income,2008.0,Income,deterministic_rule,high,deterministic_rule
"Salary 15500 - adv 5500 (20,000 - 5,500 = 14,500)",Expense,2008.0,Income,deterministic_rule,high,deterministic_rule
"Salary 3000 Donation 2000, Daughter1000, Bonus 1500",Expense,2008.0,Income,deterministic_rule,high,deterministic_rule
Salary :),Income,2008.0,Income,deterministic_rule,high,deterministic_rule
Salary APR-2019,Income,2008.0,Income,deterministic_rule,high,deterministic_rule
Salary ASB,Income,2008.0,Income,deterministic_rule,high,deterministic_rule
Salary ASG Outreach,Income,2008.0,Income,deterministic_rule,high,deterministic_rule
Salary Advance for Tiles,Transfer,2008.0,Income,deterministic_rule,high,deterministic_rule
Salary Arears,Income,2008.0,Income,deterministic_rule,high,deterministic_rule
Salary Awal ,Income,2008.0,Income,deterministic_rule,high,deterministic_rule
Salary Cash Withdraws ,Transfer,2008.0,Income,deterministic_rule,high,deterministic_rule
Salary Dakar May 2021,Income,2008.0,Income,deterministic_rule,high,deterministic_rule
Salary Dec-2020,Income,2008.0,Income,deterministic_rule,high,deterministic_rule
Salary FMO June,Income,2008.0,Income,deterministic_rule,high,deterministic_rule
Salary FTM June 2021,Income,2008.0,Income,deterministic_rule,high,deterministic_rule
Salary FTMO April 2021,Income,2008.0,Income,deterministic_rule,high,deterministic_rule
Salary FTMO Feb 2021,Income,2008.0,Income,deterministic_rule,high,deterministic_rule
Salary FTMO Jan-21,Income,2008.0,Income,deterministic_rule,high,deterministic_rule
Salary FTMO June 2021,Income,2008.0,Income,deterministic_rule,high,deterministic_rule
Salary FTMO March 2021,Income,2008.0,Income,deterministic_rule,high,deterministic_rule
Salary FTMO May 2021,Income,2008.0,Income,deterministic_rule,high,deterministic_rule
Salary For Month Of June,Income,2008.0,Income,deterministic_rule,high,deterministic_rule
Salary For The Month of June 2019,Income,2008.0,Income,deterministic_rule,high,deterministic_rule
Salary From RBS,Income,2008.0,Income,deterministic_rule,high,deterministic_rule
Salary IPL,Income,2008.0,Income,deterministic_rule,high,deterministic_rule
Salary Income,Expense,2008.0,Income,deterministic_rule,high,deterministic_rule
Salary Increase,Income,2008.0,Income,deterministic_rule,high,deterministic_rule
Salary July,Income,2008.0,Income,deterministic_rule,high,deterministic_rule
Salary July 2019,Income,2008.0,Income,deterministic_rule,high,deterministic_rule
Salary July 2019 recieved on 28/06/19,Income,2008.0,Income,deterministic_rule,high,deterministic_rule
Salary Jun,Income,2008.0,Income,deterministic_rule,high,deterministic_rule
Salary Jun 19,Income,2008.0,Income,deterministic_rule,high,deterministic_rule
Salary June - November,Transfer,2008.0,Income,deterministic_rule,high,deterministic_rule
Salary June 2019,Income,2008.0,Income,deterministic_rule,high,deterministic_rule
Salary June'19 ,Income,2008.0,Income,deterministic_rule,high,deterministic_rule
Salary June-19,Income,2008.0,Income,deterministic_rule,high,deterministic_rule
Salary June19,Income,2008.0,Income,deterministic_rule,high,deterministic_rule
Salary M/O June 19,Income,2008.0,Income,deterministic_rule,high,deterministic_rule
Salary M/O June 2019,Income,2008.0,Income,deterministic_rule,high,deterministic_rule
Salary May 19,Income,2008.0,Income,deterministic_rule,high,deterministic_rule
Salary May 2019,Income,2008.0,Income,deterministic_rule,high,deterministic_rule
Salary May-19,Income,2008.0,Income,deterministic_rule,high,deterministic_rule
Salary Month June 2019,Income,2008.0,Income,deterministic_rule,high,deterministic_rule
Salary Month of June,Income,2008.0,Income,deterministic_rule,high,deterministic_rule
Salary NCB Naveed Afzal,Expense,2008.0,Income,deterministic_rule,high,deterministic_rule
Salary Naveed Afzal,Expense,2008.0,Income,deterministic_rule,high,deterministic_rule
Salary Received,Income,2008.0,Income,deterministic_rule,high,deterministic_rule
Salary Saving,Income,2008.0,Income,deterministic_rule,high,deterministic_rule
Salary aaee. Pehly account mein 230000 parey thei,Income,2008.0,Income,deterministic_rule,high,deterministic_rule
Salary adjustment,Income,2008.0,Income,deterministic_rule,high,deterministic_rule
Salary and a factor of 3rd salary on account of housing allowance,Income,2008.0,Income,deterministic_rule,high,deterministic_rule
Salary and remaining dues,Income,2008.0,Income,deterministic_rule,high,deterministic_rule
Salary arrears and bonus received ,Income,2008.0,Income,deterministic_rule,high,deterministic_rule
Salary balance july,Income,2008.0,Income,deterministic_rule,high,deterministic_rule
Salary came on 29th June,Income,2008.0,Income,deterministic_rule,high,deterministic_rule
Salary deposit Feb,Income,2008.0,Income,deterministic_rule,high,deterministic_rule
Salary er theke adjust hobe,Income,2008.0,Income,deterministic_rule,high,deterministic_rule
Salary for April,Income,2008.0,Income,deterministic_rule,high,deterministic_rule
Salary for JUNE-19,Income,2008.0,Income,deterministic_rule,high,deterministic_rule
Salary for Jun-19,Income,2008.0,Income,deterministic_rule,high,deterministic_rule
Salary for June 19.,Income,2008.0,Income,deterministic_rule,high,deterministic_rule
Salary for June 2019,Income,2008.0,Income,deterministic_rule,high,deterministic_rule
Salary for June 2021 from veripark,Income,2008.0,Income,deterministic_rule,high,deterministic_rule
Salary for March,Income,2008.0,Income,deterministic_rule,high,deterministic_rule
Salary for March April May after all deduction,Income,2008.0,Income,deterministic_rule,high,deterministic_rule
Salary for March April n May after all deduction,Income,2008.0,Income,deterministic_rule,high,deterministic_rule
Salary for May,Income,2008.0,Income,deterministic_rule,high,deterministic_rule
Salary for May after deduction for Dollars,Income,2008.0,Income,deterministic_rule,high,deterministic_rule
Salary for Month of June 2019,Income,2008.0,Income,deterministic_rule,high,deterministic_rule
Salary for September,Income,2008.0,Income,deterministic_rule,high,deterministic_rule
Salary for atif,Expense,2008.0,Income,deterministic_rule,high,deterministic_rule
Salary for ayesha,Expense,2008.0,Income,deterministic_rule,high,deterministic_rule
Salary for junaid ,Expense,2008.0,Income,deterministic_rule,high,deterministic_rule
Salary for sami,Expense,2008.0,Income,deterministic_rule,high,deterministic_rule
"Salary for the M/O June,2019",Income,2008.0,Income,deterministic_rule,high,deterministic_rule
Salary for the Month of July 2019,Income,2008.0,Income,deterministic_rule,high,deterministic_rule
Salary for the Month of July'19,Income,2008.0,Income,deterministic_rule,high,deterministic_rule
Salary for the Month of June + Highnoon Balance,Income,2008.0,Income,deterministic_rule,high,deterministic_rule
Salary for the Month of June19,Income,2008.0,Income,deterministic_rule,high,deterministic_rule
Salary for the month of,Income,2008.0,Income,deterministic_rule,high,deterministic_rule
Salary for the month of Jul 2019,Income,2008.0,Income,deterministic_rule,high,deterministic_rule
Salary for the month of July 19,Income,2008.0,Income,deterministic_rule,high,deterministic_rule
Salary for the month of June 19,Income,2008.0,Income,deterministic_rule,high,deterministic_rule
Salary from Dakar,Income,2008.0,Income,deterministic_rule,high,deterministic_rule
Salary from Dar-ul-Ehsan,Income,2008.0,Income,deterministic_rule,high,deterministic_rule
Salary from Home Tuition,Income,2008.0,Income,deterministic_rule,high,deterministic_rule
Salary from Mustaqim 42243/-,Income,2008.0,Income,deterministic_rule,high,deterministic_rule
Salary from PITB,Income,2008.0,Income,deterministic_rule,high,deterministic_rule
Salary from Promenics,Income,2008.0,Income,deterministic_rule,high,deterministic_rule
Salary from Shk Khalil,Income,2008.0,Income,deterministic_rule,high,deterministic_rule
Salary from Sir Mateen,Income,2008.0,Income,deterministic_rule,high,deterministic_rule
Salary ftm May 2021,Income,2008.0,Income,deterministic_rule,high,deterministic_rule
Salary ironing,Expense,2008.0,Income,deterministic_rule,high,deterministic_rule
Salary nd El. ,Income,2008.0,Income,deterministic_rule,high,deterministic_rule
Salary of August,Income,2008.0,Income,deterministic_rule,high,deterministic_rule
Salary of December ,Income,2008.0,Income,deterministic_rule,high,deterministic_rule
Salary of January,Income,2008.0,Income,deterministic_rule,high,deterministic_rule
Salary of July 2018,Income,2008.0,Income,deterministic_rule,high,deterministic_rule
Salary of July 2019,Income,2008.0,Income,deterministic_rule,high,deterministic_rule
Salary of June,Income,2008.0,Income,deterministic_rule,high,deterministic_rule
Salary operator,Expense,2008.0,Income,deterministic_rule,high,deterministic_rule
Salary qamar,Expense,2008.0,Income,deterministic_rule,high,deterministic_rule
Salary receive FTMO Nov-2020,Transfer,2008.0,Income,deterministic_rule,high,deterministic_rule
"Salary received April
",Income,2008.0,Income,deterministic_rule,high,deterministic_rule
Salary savings ,Income,2008.0,Income,deterministic_rule,high,deterministic_rule
"Salary start from 19 t0 19 date each month
",Income,2008.0,Income,deterministic_rule,high,deterministic_rule
Salary sweeper,Expense,2008.0,Income,deterministic_rule,high,deterministic_rule
Salary to Adil,Expense,2008.0,Income,deterministic_rule,high,deterministic_rule
Salary to SABA for JUNE-19,Expense,2008.0,Income,deterministic_rule,high,deterministic_rule
Salary to Wallet,Transfer,2008.0,Income,deterministic_rule,high,deterministic_rule
Salary veripark may 2021,Income,2008.0,Income,deterministic_rule,high,deterministic_rule
Salary washing,Expense,2008.0,Income,deterministic_rule,high,deterministic_rule
Salary with Bonus,Income,2008.0,Income,deterministic_rule,high,deterministic_rule
Salesflo salary,Income,2008.0,Income,deterministic_rule,high,deterministic_rule
Samreen's salary,Expense,2008.0,Income,deterministic_rule,high,deterministic_rule
School Salary July ,Income,2008.0,Income,deterministic_rule,high,deterministic_rule
Second Weekly Salary to Ahsan,Expense,2008.0,Income,deterministic_rule,high,deterministic_rule
September salary ,Income,2008.0,Income,deterministic_rule,high,deterministic_rule
Shahzad Salary,Expense,2008.0,Income,deterministic_rule,high,deterministic_rule
Shairaz salary. half paid by hassan cash,Expense,2008.0,Income,deterministic_rule,high,deterministic_rule
Shazia salary ,Expense,2008.0,Income,deterministic_rule,high,deterministic_rule
Shehbaz Salary and Mess,Expense,2008.0,Income,deterministic_rule,high,deterministic_rule
Shiv ji salary remaining ,Transfer,2008.0,Income,deterministic_rule,high,deterministic_rule
Shomita Aunty salary,Expense,2008.0,Income,deterministic_rule,high,deterministic_rule
Sir khalid salary May 19,Expense,2008.0,Income,deterministic_rule,high,deterministic_rule
Sitpros Salary,Income,2008.0,Income,deterministic_rule,high,deterministic_rule
Smart Apple - Salary ,Income,2008.0,Income,deterministic_rule,high,deterministic_rule
Sohail Salary June,Expense,2008.0,Income,deterministic_rule,high,deterministic_rule
Sterling Salary,Income,2008.0,Income,deterministic_rule,high,deterministic_rule
Sukoon's Salary,Income,2008.0,Income,deterministic_rule,high,deterministic_rule
Sundas salary ,Income,2008.0,Income,deterministic_rule,high,deterministic_rule
Sweeper salary,Expense,2008.0,Income,deterministic_rule,high,deterministic_rule
TEDDS Salary,Income,2008.0,Income,deterministic_rule,high,deterministic_rule
TES Salary,Income,2008.0,Income,deterministic_rule,high,deterministic_rule
Tahir gamca income,Income,2008.0,Income,deterministic_rule,high,deterministic_rule
Talha salary,Expense,2008.0,Income,deterministic_rule,high,deterministic_rule
Tectonic salary,Income,2008.0,Income,deterministic_rule,high,deterministic_rule
"To SaMrat, would return after receiving his salary",Transfer,2008.0,Income,deterministic_rule,high,deterministic_rule
Tony@company incorporation income,Income,2008.0,Income,deterministic_rule,high,deterministic_rule
Took from monthly salary before entering system ,Income,2008.0,Income,deterministic_rule,high,deterministic_rule
Ubaid Salary,Expense,2008.0,Income,deterministic_rule,high,deterministic_rule
Umair: Salary,Income,2008.0,Income,deterministic_rule,high,deterministic_rule
Veripark salary party to Arsalan and Hammad at IFC mehmood abad,Expense,2008.0,Income,deterministic_rule,high,deterministic_rule
Vivek salary ,Expense,2008.0,Income,deterministic_rule,high,deterministic_rule
Watchman salary,Expense,2008.0,Income,deterministic_rule,high,deterministic_rule
Weekly Salary to Ahsan,Expense,2008.0,Income,deterministic_rule,high,deterministic_rule
Withdraw salary for shortfall june,Income,2008.0,Income,deterministic_rule,high,deterministic_rule
Zameen.Com Salary,Income,2008.0,Income,deterministic_rule,high,deterministic_rule
aahar salary,Income,2008.0,Income,deterministic_rule,high,deterministic_rule
adv salary eid,Income,2008.0,Income,deterministic_rule,high,deterministic_rule
advance salary,Expense,2008.0,Income,deterministic_rule,high,deterministic_rule
advance salary Jan Mohammed ,Expense,2008.0,Income,deterministic_rule,high,deterministic_rule
advance salary for the month of July 19,Income,2008.0,Income,deterministic_rule,high,deterministic_rule
advance salary for the month of July 2019,Income,2008.0,Income,deterministic_rule,high,deterministic_rule
after 2 month of salary. 10k for regular use. ,Expense,2008.0,Income,deterministic_rule,high,deterministic_rule
after 2 month salary. 10k for regular use. ,Income,2008.0,Income,deterministic_rule,high,deterministic_rule
ahsan electrition salary (may),Transfer,2008.0,Income,deterministic_rule,high,deterministic_rule
akhtar bhai for bhatti salary 10k petty cash,Expense,2008.0,Income,deterministic_rule,high,deterministic_rule
ali salary (may),Transfer,2008.0,Income,deterministic_rule,high,deterministic_rule
ami pay plus bonus@2k,Expense,2008.0,Income,deterministic_rule,high,deterministic_rule
anwar 12k balance salary 10k from waqar bhai extra,Expense,2008.0,Income,deterministic_rule,high,deterministic_rule
april 2021 salary,Income,2008.0,Income,deterministic_rule,high,deterministic_rule
aqeel advance from salary ,Expense,2008.0,Income,deterministic_rule,high,deterministic_rule
aqeel gym salary advance ,Expense,2008.0,Income,deterministic_rule,high,deterministic_rule
aqeel salary,Expense,2008.0,Income,deterministic_rule,high,deterministic_rule
aqeel salary 3k,Expense,2008.0,Income,deterministic_rule,high,deterministic_rule
aqeel salary comp,Expense,2008.0,Income,deterministic_rule,high,deterministic_rule
aqeel salary complete,Expense,2008.0,Income,deterministic_rule,high,deterministic_rule
aqeels salary ,Expense,2008.0,Income,deterministic_rule,high,deterministic_rule
aqeels salary complete,Expense,2008.0,Income,deterministic_rule,high,deterministic_rule
asad salary of june,Expense,2008.0,Income,deterministic_rule,high,deterministic_rule
ashar salary,Income,2008.0,Income,deterministic_rule,high,deterministic_rule
august salary mfs.,Income,2008.0,Income,deterministic_rule,high,deterministic_rule
axhan salary,Expense,2008.0,Income,deterministic_rule,high,deterministic_rule
azra salary ,Expense,2008.0,Income,deterministic_rule,high,deterministic_rule
baishak month salary,Expense,2008.0,Income,deterministic_rule,high,deterministic_rule
baji asia salary,Expense,2008.0,Income,deterministic_rule,high,deterministic_rule
balance amount of bonus ,Income,2008.0,Income,deterministic_rule,high,deterministic_rule
bank salary ,Income,2008.0,Income,deterministic_rule,high,deterministic_rule
bank se withdraws kerwa thy. salary amount hai yeh ,Income,2008.0,Income,deterministic_rule,high,deterministic_rule
baqr e aid bonus 9%,Income,2008.0,Income,deterministic_rule,high,deterministic_rule
bfin salary,Income,2008.0,Income,deterministic_rule,high,deterministic_rule
"bola 2200 , 1500 salary 700 water ",Expense,2008.0,Income,deterministic_rule,high,deterministic_rule
bola salary ,Expense,2008.0,Income,deterministic_rule,high,deterministic_rule
bola salary (end),Expense,2008.0,Income,deterministic_rule,high,deterministic_rule
bonus,Income,2008.0,Income,deterministic_rule,high,deterministic_rule
bonus and june salary's,Income,2008.0,Income,deterministic_rule,high,deterministic_rule
bonus cc ,Income,2008.0,Income,deterministic_rule,high,deterministic_rule
bonus eidulfitr paid abu,Expense,2008.0,Income,deterministic_rule,high,deterministic_rule
"bonuse and arrears
",Income,2008.0,Income,deterministic_rule,high,deterministic_rule
break fast and surf bonus,Expense,2008.0,Income,deterministic_rule,high,deterministic_rule
car income June,Expense,2008.0,Income,deterministic_rule,high,deterministic_rule
car washer. salary for the last month. ,Expense,2008.0,Income,deterministic_rule,high,deterministic_rule
cash received against bonus,Income,2008.0,Income,deterministic_rule,high,deterministic_rule
cheep. salary complete,Expense,2008.0,Income,deterministic_rule,high,deterministic_rule
chq deposit ,Income,2008.0,Income,approved_mapping,very_high,approved_mapping
coordinator 2M salary + payable,Expense,2008.0,Income,deterministic_rule,high,deterministic_rule
daily income,Income,2008.0,Income,deterministic_rule,high,deterministic_rule
daily wages,Expense,2008.0,Income,deterministic_rule,high,deterministic_rule
daily wages 1+1,Expense,2008.0,Income,deterministic_rule,high,deterministic_rule
dec salary 2020,Income,2008.0,Income,deterministic_rule,high,deterministic_rule
deducted in Salary against Dollars,Transfer,2008.0,Income,deterministic_rule,high,deterministic_rule
difference income,Income,2008.0,Income,deterministic_rule,high,deterministic_rule
dogus june 2019 monthly salary,Expense,2008.0,Income,deterministic_rule,high,deterministic_rule
driver salary,Income,2008.0,Income,deterministic_rule,high,deterministic_rule
driver salary advance ,Expense,2008.0,Income,deterministic_rule,high,deterministic_rule
f.c income of 182litr,Income,2008.0,Income,deterministic_rule,high,deterministic_rule
faiza salary,Expense,2008.0,Income,deterministic_rule,high,deterministic_rule
falgun salary,Income,2008.0,Income,deterministic_rule,high,deterministic_rule
fayyaz Mali salary,Expense,2008.0,Income,deterministic_rule,high,deterministic_rule
flowwhiz bonus,Income,2008.0,Income,deterministic_rule,high,deterministic_rule
for filing income tax return of Mr. Arif ,Income,2008.0,Income,deterministic_rule,high,deterministic_rule
from Salary ,Transfer,2008.0,Income,deterministic_rule,high,deterministic_rule
from bonus,Income,2008.0,Income,deterministic_rule,high,deterministic_rule
garbage salary,Expense,2008.0,Income,deterministic_rule,high,deterministic_rule
gazala salary Eidi June 21,Expense,2008.0,Income,deterministic_rule,high,deterministic_rule
ghanim salary for june,Expense,2008.0,Income,deterministic_rule,high,deterministic_rule
given to shraz june salary,Expense,2008.0,Income,deterministic_rule,high,deterministic_rule
glint salary,Income,2008.0,Income,deterministic_rule,high,deterministic_rule
got salary,Income,2008.0,Income,deterministic_rule,high,deterministic_rule
half is sent by mistake other will be sent again for salary settlement ,Transfer,2008.0,Income,deterministic_rule,high,deterministic_rule
hassan salary,Expense,2008.0,Income,deterministic_rule,high,deterministic_rule
hina salary of june,Expense,2008.0,Income,deterministic_rule,high,deterministic_rule
house maid salary to papias account ,Expense,2008.0,Income,deterministic_rule,high,deterministic_rule
huawei salary,Income,2008.0,Income,deterministic_rule,high,deterministic_rule
hunain salary,Transfer,2008.0,Income,deterministic_rule,high,deterministic_rule
imran salary all clear,Expense,2008.0,Income,deterministic_rule,high,deterministic_rule
imrans salary ,Expense,2008.0,Income,deterministic_rule,high,deterministic_rule
incentive bonus,Income,2008.0,Income,deterministic_rule,high,deterministic_rule
income from 16 oct to 30 oct,Transfer,2008.0,Income,deterministic_rule,high,deterministic_rule
"income random
",Income,2008.0,Income,deterministic_rule,high,deterministic_rule
income tax,Expense,2008.0,Income,deterministic_rule,high,deterministic_rule
income tax return,Income,2008.0,Income,deterministic_rule,high,deterministic_rule
income tax submitted for 2017,Expense,2008.0,Income,deterministic_rule,high,deterministic_rule
ix salary,Income,2008.0,Income,deterministic_rule,high,deterministic_rule
jawad salary housekeeping ,Expense,2008.0,Income,deterministic_rule,high,deterministic_rule
jazz cash bonus,Income,2008.0,Income,deterministic_rule,high,deterministic_rule
jestha salary,Income,2008.0,Income,deterministic_rule,high,deterministic_rule
jully salary exp,Expense,2008.0,Income,deterministic_rule,high,deterministic_rule
july salary,Income,2008.0,Income,deterministic_rule,high,deterministic_rule
jun 2019 salary ,Income,2008.0,Income,deterministic_rule,high,deterministic_rule
jun19 salary,Income,2008.0,Income,deterministic_rule,high,deterministic_rule
junaid salary,Transfer,2008.0,Income,deterministic_rule,high,deterministic_rule
june 2019 salary,Income,2008.0,Income,deterministic_rule,high,deterministic_rule
june 2021 salary,Income,2008.0,Income,deterministic_rule,high,deterministic_rule
"june salary from.axact
",Income,2008.0,Income,deterministic_rule,high,deterministic_rule
kaam wali ki salary,Expense,2008.0,Income,deterministic_rule,high,deterministic_rule
kamal salary,Expense,2008.0,Income,deterministic_rule,high,deterministic_rule
kamwali salary,Expense,2008.0,Income,deterministic_rule,high,deterministic_rule
khalda salary advance ,Expense,2008.0,Income,deterministic_rule,high,deterministic_rule
kishwar salary ,Expense,2008.0,Income,deterministic_rule,high,deterministic_rule
kitty salary,Income,2008.0,Income,deterministic_rule,high,deterministic_rule
last month's salary ,Income,2008.0,Income,deterministic_rule,high,deterministic_rule
lf first income,Income,2008.0,Income,deterministic_rule,high,deterministic_rule
long salary ,Expense,2008.0,Income,deterministic_rule,high,deterministic_rule
madam salary,Expense,2008.0,Income,deterministic_rule,high,deterministic_rule
magh salary,Income,2008.0,Income,deterministic_rule,high,deterministic_rule
march salary,Income,2008.0,Income,deterministic_rule,high,deterministic_rule
masi salary,Expense,2008.0,Income,deterministic_rule,high,deterministic_rule
masood salary,Expense,2008.0,Income,deterministic_rule,high,deterministic_rule
may pending salary,Income,2008.0,Income,deterministic_rule,high,deterministic_rule
may salary ,Income,2008.0,Income,deterministic_rule,high,deterministic_rule
mfs july salary ,Income,2008.0,Income,deterministic_rule,high,deterministic_rule
mfs salary ,Income,2008.0,Income,approved_mapping,very_high,approved_mapping
mfs salary Recived ,Income,2008.0,Income,deterministic_rule,high,deterministic_rule
miss khalda salary ,Expense,2008.0,Income,deterministic_rule,high,deterministic_rule
monthly salary received,Income,2008.0,Income,deterministic_rule,high,deterministic_rule
monthly saving account income ,Income,2008.0,Income,deterministic_rule,high,deterministic_rule
moosa khan salary,Transfer,2008.0,Income,deterministic_rule,high,deterministic_rule
mujahid salary,Expense,2008.0,Income,deterministic_rule,high,deterministic_rule
murshid salary,Income,2008.0,Income,deterministic_rule,high,deterministic_rule
mustaqim Salary,Income,2008.0,Income,deterministic_rule,high,deterministic_rule
my salary July 2019,Income,2008.0,Income,deterministic_rule,high,deterministic_rule
nadeem salary eidi,Transfer,2008.0,Income,deterministic_rule,high,deterministic_rule
nadia salary ,Income,2008.0,Income,deterministic_rule,high,deterministic_rule
naveed bhai salary,Transfer,2008.0,Income,deterministic_rule,high,deterministic_rule
net salary May end,Income,2008.0,Income,deterministic_rule,high,deterministic_rule
new guard salary,Expense,2008.0,Income,deterministic_rule,high,deterministic_rule
niaz salary,Expense,2008.0,Income,deterministic_rule,high,deterministic_rule
no idea income received,Income,2008.0,Income,deterministic_rule,high,deterministic_rule
office boy salary + Eidi,Expense,2008.0,Income,deterministic_rule,high,deterministic_rule
old maid salary,Expense,2008.0,Income,deterministic_rule,high,deterministic_rule
online deposit ,Income,2008.0,Income,approved_mapping,very_high,approved_mapping
other income commission,Income,2008.0,Income,deterministic_rule,high,deterministic_rule
other salary related adjustments ,Expense,2008.0,Income,deterministic_rule,high,deterministic_rule
panjabi kinte eid bonus,Income,2008.0,Income,deterministic_rule,high,deterministic_rule
patel 3 loader salary with over time,Transfer,2008.0,Income,deterministic_rule,high,deterministic_rule
payroll tax,Transfer,2008.0,Income,deterministic_rule,high,deterministic_rule
pending salary for the month of may 2019,Income,2008.0,Income,deterministic_rule,high,deterministic_rule
police salary,Income,2008.0,Income,deterministic_rule,high,deterministic_rule
razak salary mese,Expense,2008.0,Income,deterministic_rule,high,deterministic_rule
received against bonus,Transfer,2008.0,Income,deterministic_rule,high,deterministic_rule
received from Nasir for Mohammad Ali salary,Income,2008.0,Income,deterministic_rule,high,deterministic_rule
rental income june 2019,Income,2008.0,Income,deterministic_rule,high,deterministic_rule
rni salary donation 50/200,Expense,2008.0,Income,deterministic_rule,high,deterministic_rule
sahla monthly + Bonus,Expense,2008.0,Income,deterministic_rule,high,deterministic_rule
sai salary,Income,2008.0,Income,deterministic_rule,high,deterministic_rule
salary,Income,2008.0,Income,deterministic_rule,high,deterministic_rule
"salary 15, 5Kashif , 5 habib 6 Aq for ntn total 30 Rcv as rent ",Income,2008.0,Income,deterministic_rule,high,deterministic_rule
salary Ahmed 1 Patrial,Income,2008.0,Income,deterministic_rule,high,deterministic_rule
salary April,Income,2008.0,Income,deterministic_rule,high,deterministic_rule
salary FMO March 2021,Income,2008.0,Income,deterministic_rule,high,deterministic_rule
salary FMO May 2020,Income,2008.0,Income,deterministic_rule,high,deterministic_rule
salary FMO aug 2020,Income,2008.0,Income,deterministic_rule,high,deterministic_rule
salary Feb 2021,Income,2008.0,Income,deterministic_rule,high,deterministic_rule
salary Jan21,Income,2008.0,Income,deterministic_rule,high,deterministic_rule
salary May 2021,Income,2008.0,Income,deterministic_rule,high,deterministic_rule
salary and bonus,Income,2008.0,Income,deterministic_rule,high,deterministic_rule
salary and fuel allowance ,Income,2008.0,Income,deterministic_rule,high,deterministic_rule
salary and the rest of claims. 1st instalment. ,Income,2008.0,Income,deterministic_rule,high,deterministic_rule
salary bill me,Income,2008.0,Income,deterministic_rule,high,deterministic_rule
salary came,Income,2008.0,Income,deterministic_rule,high,deterministic_rule
salary drawn,Income,2008.0,Income,deterministic_rule,high,deterministic_rule
salary feb21,Income,2008.0,Income,deterministic_rule,high,deterministic_rule
salary fmo july 2020,Income,2008.0,Income,deterministic_rule,high,deterministic_rule
salary fmo june 2019,Income,2008.0,Income,deterministic_rule,high,deterministic_rule
salary fmo nov 2020,Income,2008.0,Income,deterministic_rule,high,deterministic_rule
salary fmo sep 2020,Income,2008.0,Income,deterministic_rule,high,deterministic_rule
salary for Nov20,Income,2008.0,Income,deterministic_rule,high,deterministic_rule
salary for eyebex last 3 month. ,Income,2008.0,Income,deterministic_rule,high,deterministic_rule
salary for july,Income,2008.0,Income,deterministic_rule,high,deterministic_rule
salary for june,Income,2008.0,Income,deterministic_rule,high,deterministic_rule
salary for the month of july,Income,2008.0,Income,deterministic_rule,high,deterministic_rule
salary for the month of jun 2021,Income,2008.0,Income,deterministic_rule,high,deterministic_rule
salary for the month of june,Income,2008.0,Income,deterministic_rule,high,deterministic_rule
salary from saira,Income,2008.0,Income,deterministic_rule,high,deterministic_rule
salary ghalib laundry man,Expense,2008.0,Income,deterministic_rule,high,deterministic_rule
salary imran (2000),Expense,2008.0,Income,deterministic_rule,high,deterministic_rule
salary jan 2021,Income,2008.0,Income,deterministic_rule,high,deterministic_rule
salary july 2021,Income,2008.0,Income,deterministic_rule,high,deterministic_rule
salary june,Income,2008.0,Income,deterministic_rule,high,deterministic_rule
salary june -19,Income,2008.0,Income,deterministic_rule,high,deterministic_rule
salary june 19,Income,2008.0,Income,deterministic_rule,high,deterministic_rule
salary june 2020,Income,2008.0,Income,deterministic_rule,high,deterministic_rule
salary june20,Income,2008.0,Income,deterministic_rule,high,deterministic_rule
salary kalap,Income,2008.0,Income,deterministic_rule,high,deterministic_rule
salary oct 2020,Income,2008.0,Income,deterministic_rule,high,deterministic_rule
salary oct20,Income,2008.0,Income,deterministic_rule,high,deterministic_rule
salary of car washer. ,Expense,2008.0,Income,deterministic_rule,high,deterministic_rule
salary of june from sendosso,Income,2008.0,Income,deterministic_rule,high,deterministic_rule
salary of june2019,Expense,2008.0,Income,deterministic_rule,high,deterministic_rule
salary of month feb 2021,Income,2008.0,Income,deterministic_rule,high,deterministic_rule
salary of the March ,Income,2008.0,Income,deterministic_rule,high,deterministic_rule
salary of the month of Dec 2020. dw vaccine story shoot and 2 thousand for the car rent. boom rod buy from own pocket. ,Income,2008.0,Income,deterministic_rule,high,deterministic_rule
salary plus bonus,Income,2008.0,Income,deterministic_rule,high,deterministic_rule
salary plus bonus July 20,Income,2008.0,Income,deterministic_rule,high,deterministic_rule
salary police ,Income,2008.0,Income,deterministic_rule,high,deterministic_rule
salary received on 28 June 2019,Income,2008.0,Income,deterministic_rule,high,deterministic_rule
salary recived,Income,2008.0,Income,deterministic_rule,high,deterministic_rule
salary remaining ,Income,2008.0,Income,deterministic_rule,high,deterministic_rule
salary sep20,Income,2008.0,Income,deterministic_rule,high,deterministic_rule
salary tahir bhai May ,Expense,2008.0,Income,deterministic_rule,high,deterministic_rule
salary tax mar to may-19,Expense,2008.0,Income,deterministic_rule,high,deterministic_rule
"salary to Arjun, 1500 june, 500 adv jul",Expense,2008.0,Income,deterministic_rule,high,deterministic_rule
salary to waseem guard,Transfer,2008.0,Income,deterministic_rule,high,deterministic_rule
salary with 5000 loan deduction,Income,2008.0,Income,deterministic_rule,high,deterministic_rule
"salary, January 2021",Income,2008.0,Income,deterministic_rule,high,deterministic_rule
samina salary,Expense,2008.0,Income,deterministic_rule,high,deterministic_rule
saqib income tax return ,Expense,2008.0,Income,deterministic_rule,high,deterministic_rule
savings in june salary,Income,2008.0,Income,deterministic_rule,high,deterministic_rule
sawran salary ,Income,2008.0,Income,deterministic_rule,high,deterministic_rule
school salary ,Income,2008.0,Income,deterministic_rule,high,deterministic_rule
servant 1 salary,Expense,2008.0,Income,deterministic_rule,high,deterministic_rule
shagufta baji salary,Expense,2008.0,Income,deterministic_rule,high,deterministic_rule
shagufta salary for jun and july,Expense,2008.0,Income,deterministic_rule,high,deterministic_rule
shah sb pending salary ,Expense,2008.0,Income,deterministic_rule,high,deterministic_rule
shares income,Income,2008.0,Income,deterministic_rule,high,deterministic_rule
shawls income,Income,2008.0,Income,deterministic_rule,high,deterministic_rule
shehzad salary,Expense,2008.0,Income,deterministic_rule,high,deterministic_rule
sher ali salary,Expense,2008.0,Income,deterministic_rule,high,deterministic_rule
siddique salary,Expense,2008.0,Income,deterministic_rule,high,deterministic_rule
site guard salary,Expense,2008.0,Income,deterministic_rule,high,deterministic_rule
skol june salary,Income,2008.0,Income,deterministic_rule,high,deterministic_rule
systems Limited Salary ,Income,2008.0,Income,deterministic_rule,high,deterministic_rule
tandoor helper salary,Expense,2008.0,Income,deterministic_rule,high,deterministic_rule
tiffin salary & eidi,Transfer,2008.0,Income,deterministic_rule,high,deterministic_rule
trainer salary ,Expense,2008.0,Income,deterministic_rule,high,deterministic_rule
trustmarq Salary,Income,2008.0,Income,deterministic_rule,high,deterministic_rule
two month salary revived on ashar,Income,2008.0,Income,deterministic_rule,high,deterministic_rule
tyagi ji salary ,Expense,2008.0,Income,deterministic_rule,high,deterministic_rule
umair salary,Transfer,2008.0,Income,deterministic_rule,high,deterministic_rule
uzair's Salary,Income,2008.0,Income,deterministic_rule,high,deterministic_rule
viharlake salary,Income,2008.0,Income,deterministic_rule,high,deterministic_rule
wages paid to Faraz,Expense,2008.0,Income,deterministic_rule,high,deterministic_rule
wages paid to azhar,Expense,2008.0,Income,deterministic_rule,high,deterministic_rule
wages paid to mazhar,Expense,2008.0,Income,deterministic_rule,high,deterministic_rule
waqar sb 15-5K mum salary- 5K hajra adjust ,Income,2008.0,Income,deterministic_rule,high,deterministic_rule
waseem salary,Transfer,2008.0,Income,deterministic_rule,high,deterministic_rule
watchman salary june,Income,2008.0,Income,deterministic_rule,high,deterministic_rule
whole income of Fabrics is 130000,Income,2008.0,Income,deterministic_rule,high,deterministic_rule
wife salary,Expense,2008.0,Income,deterministic_rule,high,deterministic_rule
will pay after receiving his salary,Transfer,2008.0,Income,deterministic_rule,high,deterministic_rule
will return after receiving his salary,Transfer,2008.0,Income,deterministic_rule,high,deterministic_rule
with OT bonus and prizes ,Income,2008.0,Income,deterministic_rule,high,deterministic_rule
with holding tax on saving income ,Expense,2008.0,Income,deterministic_rule,high,deterministic_rule
zain salary,Expense,2008.0,Income,deterministic_rule,high,deterministic_rule
zammit salary,Income,2008.0,Income,deterministic_rule,high,deterministic_rule
zammit salary (315 lesa hakhodhom),Income,2008.0,Income,deterministic_rule,high,deterministic_rule
zohwib salary,Expense,2008.0,Income,deterministic_rule,high,deterministic_rule
Bajra,Expense,2009.0,Other,approved_mapping,very_high,approved_mapping
Buy milk ,Expense,2009.0,Other,approved_mapping,very_high,approved_mapping
Cat Milk ,Expense,2009.0,Other,approved_mapping,very_high,approved_mapping
Coles grocery ,Expense,2009.0,Other,approved_mapping,very_high,approved_mapping
Fruit refund ,Transfer,2009.0,Other,approved_mapping,very_high,approved_mapping
Imraan bread,Expense,2009.0,Other,approved_mapping,very_high,approved_mapping
Lauka,Expense,2009.0,Other,approved_mapping,very_high,approved_mapping
Local eggs,Expense,2009.0,Other,approved_mapping,very_high,approved_mapping
Milk bottle ,Expense,2009.0,Other,approved_mapping,very_high,approved_mapping
brown bread,Expense,2009.0,Other,approved_mapping,very_high,approved_mapping
doodh dahi,Expense,2009.0,Other,approved_mapping,very_high,approved_mapping
doodh rotian,Transfer,2009.0,Other,approved_mapping,very_high,approved_mapping
fruit vegetables ,Expense,2009.0,Other,approved_mapping,very_high,approved_mapping
milk and chas ,Expense,2009.0,Other,approved_mapping,very_high,approved_mapping
milk and eggs ,Expense,2009.0,Other,approved_mapping,very_high,approved_mapping
milk clear ,Transfer,2009.0,Other,approved_mapping,very_high,approved_mapping
milk n bread ,Expense,2009.0,Other,approved_mapping,very_high,approved_mapping
milk yugart,Expense,2009.0,Other,approved_mapping,very_high,approved_mapping
prem vegetables ,Expense,2009.0,Other,approved_mapping,very_high,approved_mapping
raj grocery ,Expense,2009.0,Other,approved_mapping,very_high,approved_mapping
rotian bread,Transfer,2009.0,Other,approved_mapping,very_high,approved_mapping
